study_id,checklist,checklist_item_id,section,topic,reporting_item_number,reporting_item,standardised_section,language,check 
akl_2024,akl_2024,akl_2024_item1,Title,Title,1,Identify the report as a systematic review.,Title,english,km
akl_2024,akl_2024,akl_2024_item10,Methods,Living mode parameters,L1,Specify the living mode parameters.,Methodology,english,km
akl_2024,akl_2024,akl_2024_item11,Methods,Living mode parameters,L1a,"Specify the planned schedule of the search for each source (e.g., at a prespecified interval, following predefined triggers).",Methodology,english,km
akl_2024,akl_2024,akl_2024_item12,Methods,Living mode parameters,L1b,"Specify the planned schedules for the remaining steps of the systematic review (e.g., screening, data collection, risk of bias assessment, analysis, certainty of evidence assessment, publication).",Methodology,english,km
akl_2024,akl_2024,akl_2024_item13,Methods,Living mode parameters,L1c,"Specify the plan for retirement from the living mode (e.g., based on a prespecified timeline, following predefined triggers), if there is one. If there is no such plan, indicate so.",Methodology,english,km
akl_2024,akl_2024,akl_2024_item14,Methods,Eligibility criteria,5,Specify the inclusion and exclusion criteria for the review and how studies were grouped for the syntheses.,Methodology,english,km
akl_2024,akl_2024,akl_2024_item15,Methods,Information sources,6,"Specify all databases, registers, websites, organisations, reference lists, and other sources searched or consulted to identify studies. Specify the date when each source was last searched or consulted.",Methodology,english,km
akl_2024,akl_2024,akl_2024_item16,Methods,Search strategy,7,"Present the full search strategies for all databases, registers and websites, including any filters and limits used.",Methodology,english,km
akl_2024,akl_2024,akl_2024_item17,Methods,Selection process,8,"Specify the methods used to decide whether a study met the inclusion criteria of the review, including how many reviewers screened each record and each report retrieved, whether they worked independently, and if applicable, details of automation tools used in the process.",Methodology,english,km
akl_2024,akl_2024,akl_2024_item18,Methods,Data collection process,9,"Specify the methods used to collect data from reports, including how many reviewers collected data from each report, whether they worked independently, any processes for obtaining or confirming data from study investigators, and if applicable, details of automation tools used in the process.",Methodology,english,km
akl_2024,akl_2024,akl_2024_item19,Methods,Data collection process,9a,Describe whether the review team updated or planned to update collected data for a previously included study when relevant.,Methodology,english,km
akl_2024,akl_2024,akl_2024_item2,Title,Title,1a,Identify the report as 'living' in the title.,Title,english,km
akl_2024,akl_2024,akl_2024_item20,Methods,Data items,10a,"List and define all outcomes for which data were sought. Specify whether all results that were compatible with each outcome domain in each study were sought (e.g., for all measures, time points, analyses), and if not, the methods used to decide which results to collect.",Methodology,english,km
akl_2024,akl_2024,akl_2024_item21,Methods,Data items,10b,"List and define all other variables for which data were sought (e.g., participant and intervention characteristics, funding sources). Describe any assumptions made about any missing or unclear information.",Methodology,english,km
akl_2024,akl_2024,akl_2024_item22,Methods,Study risk of bias assessment,11,"Specify the methods used to assess risk of bias in the included studies, including details of the tool(s) used, how many reviewers assessed each study and whether they worked independently, and if applicable, details of automation tools used in the process.",Methodology,english,km
akl_2024,akl_2024,akl_2024_item23,Methods,Study risk of bias assessment,11a,Describe whether the review team updated or planned to update risk of bias information for a previously included study when relevant.,Methodology,english,km
akl_2024,akl_2024,akl_2024_item24,Methods,Effect measures,12,"Specify for each outcome the effect measure(s) (e.g., risk ratio, mean difference) used in the synthesis or presentation of results.",Methodology,english,km
akl_2024,akl_2024,akl_2024_item25,Methods,Synthesis methods,13a,Describe the processes used to decide which studies were eligible for each synthesis.,Methodology,english,km
akl_2024,akl_2024,akl_2024_item26,Methods,Synthesis methods,13b,"Describe any methods required to prepare the data for presentation or synthesis, such as handling of missing summary statistics, or data conversions.",Methodology,english,km
akl_2024,akl_2024,akl_2024_item27,Methods,Synthesis methods,13c,Describe any methods used to tabulate or visually display results of individual studies and syntheses.,Methodology,english,km
akl_2024,akl_2024,akl_2024_item28,Methods,Synthesis methods,13d,"Describe any methods used to synthesise results and provide a rationale for the choice(s). If meta-analysis was performed, describe the model(s), method(s) to identify the presence and extent of statistical heterogeneity, and software package(s) used.",Methodology,english,km
akl_2024,akl_2024,akl_2024_item29,Methods,Synthesis methods,13d.i,Report any analytical methods applied specifically because of the living mode.,Methodology,english,km
akl_2024,akl_2024,akl_2024_item3,Title,Title,1b,Provide the version number.,Title,english,km
akl_2024,akl_2024,akl_2024_item30,Methods,Synthesis methods,13e,"Describe any methods used to explore possible causes of heterogeneity among study results (e.g., subgroup analysis, meta-regression).",Methodology,english,km
akl_2024,akl_2024,akl_2024_item31,Methods,Synthesis methods,13f,Describe any sensitivity analyses conducted to assess robustness of the synthesised results.,Methodology,english,km
akl_2024,akl_2024,akl_2024_item32,Methods,Reporting bias assessment,14,Describe any methods used to assess risk of bias due to missing results in a synthesis (arising from reporting biases).,Methodology,english,km
akl_2024,akl_2024,akl_2024_item33,Methods,Certainty assessment,15,Describe any methods used to assess certainty (or confidence) in the body of evidence for an outcome.,Methodology,english,km
akl_2024,akl_2024,akl_2024_item34,Methods,Changes to the methods,L2,Describe changes to the methods.,Methodology,english,km
akl_2024,akl_2024,akl_2024_item35,Methods,Changes to the methods,L2a,"Describe and justify any changes since the preceding version to the methods (items L1, 5-15).",Methodology,english,km
akl_2024,akl_2024,akl_2024_item36,Methods,Changes to the methods,L2b,"If there are no changes to the methods, indicate so.",Methodology,english,km
akl_2024,akl_2024,akl_2024_item37,Methods,Changes to the methods,L2c,Indicate whether the changes to the methods were applied to previously included studies.,Methodology,english,km
akl_2024,akl_2024,akl_2024_item38,Results,Study selection,16a,"Describe the results of the search and selection process, from the number of records identified in the search to the number of studies included in the review, ideally using a flow diagram.",Results,english,km
akl_2024,akl_2024,akl_2024_item39,Results,Study selection,16a.i,"Describe what triggered the current version, if applicable.",Results,english,km
akl_2024,akl_2024,akl_2024_item4,Abstract,Abstract,2a,"Indicate whether the LSR is being retired from the living mode after the publication of the current version, if applicable.",Abstract,english,km
akl_2024,akl_2024,akl_2024_item40,Results,Study selection,16a.ii,"Ideally, use a flow diagram to illustrate the results of the search and selection processes in the different versions of the review using one of the LSR tailored flow diagrams.",Results,english,km
akl_2024,akl_2024,akl_2024_item41,Results,Study selection,16b,"Cite studies that might appear to meet the inclusion criteria, but which were excluded, and explain why they were excluded.",Results,english,km
akl_2024,akl_2024,akl_2024_item42,Results,Study characteristics,17,Cite each included study and present its characteristics.,Results,english,km
akl_2024,akl_2024,akl_2024_item43,Results,Risk of bias in studies,18,Present assessments of risk of bias for each included study.,Results,english,km
akl_2024,akl_2024,akl_2024_item44,Results,Results of individual studies,19,"For all outcomes, present, for each study: (a) summary statistics for each group (if appropriate) and (b) an effect estimate and its precision (e.g., confidence or credible interval), ideally using structured tables or plots.",Results,english,km
akl_2024,akl_2024,akl_2024_item45,Results,Results of syntheses,20a,"For each synthesis, briefly summarise the characteristics and risk of bias among contributing studies.",Results,english,km
akl_2024,akl_2024,akl_2024_item46,Results,Results of syntheses,20b,"Present results of all statistical syntheses conducted. If meta-analysis was done, present for each the summary estimate and its precision and measures of statistical heterogeneity. If comparing groups, describe the direction of the effect.",Results,english,km
akl_2024,akl_2024,akl_2024_item47,Results,Results of syntheses,20b.i,Report results of any analytical methods applied specifically because of the living mode.,Results,english,km
akl_2024,akl_2024,akl_2024_item48,Results,Results of syntheses,20c,Present results of all investigations of possible causes of heterogeneity among study results.,Results,english,km
akl_2024,akl_2024,akl_2024_item49,Results,Results of syntheses,20d,Present results of all sensitivity analyses conducted to assess the robustness of the synthesised results.,Results,english,km
akl_2024,akl_2024,akl_2024_item5,Introduction,Rationale,3,Describe the rationale for the review in the context of existing knowledge.,Introduction,english,km
akl_2024,akl_2024,akl_2024_item50,Results,Reporting biases,21,Present assessments of risk of bias due to missing results (arising from reporting biases) for each synthesis assessed.,Results,english,km
akl_2024,akl_2024,akl_2024_item51,Results,Certainty of evidence,22,Present assessments of certainty (or confidence) in the body of evidence for each outcome assessed.,Results,english,km
akl_2024,akl_2024,akl_2024_item52,Results,Changes to the results,L3,Describe changes to the results.,Results,english,km
akl_2024,akl_2024,akl_2024_item53,Results,Changes to the results,L3a,Indicate the studies that were included since the preceding version (related to PRISMA 2020 item 17).,Results,english,km
akl_2024,akl_2024,akl_2024_item54,Results,Changes to the results,L3b,"Describe and justify the changes since the preceding version in the eligibility status of any study (i.e., excluding a previously included study, including a previously excluded study).",Results,english,km
akl_2024,akl_2024,akl_2024_item55,Results,Changes to the results,L3c,Describe any other consequential changes since the preceding version to the results.,Results,english,km
akl_2024,akl_2024,akl_2024_item56,Results,Changes to the results,L3d,"If there are no changes to the results, indicate so.",Results,english,km
akl_2024,akl_2024,akl_2024_item57,Discussion,Discussion,23a,Provide a general interpretation of the results in the context of other evidence.,Discussion,english,km
akl_2024,akl_2024,akl_2024_item58,Discussion,Discussion,23b,Discuss any limitations of the evidence included in the review.,Discussion,english,km
akl_2024,akl_2024,akl_2024_item59,Discussion,Discussion,23c,Discuss any limitations of the review processes used.,Discussion,english,km
akl_2024,akl_2024,akl_2024_item6,Introduction,Rationale,3a,Justify the use of the living mode.,Introduction,english,km
akl_2024,akl_2024,akl_2024_item60,Discussion,Discussion,23c.i,Discuss any limitations related to the living mode.,Discussion,english,km
akl_2024,akl_2024,akl_2024_item61,Discussion,Discussion,23d,"Discuss implications of the results for practice, policy, and future research.",Discussion,english,km
akl_2024,akl_2024,akl_2024_item62,Discussion,Discussion,23d.i,"Describe any changes since the preceding version to the implications of the results for practice, policy, and future research.",Discussion,english,km
akl_2024,akl_2024,akl_2024_item63,Discussion,Discussion,23d.ii,Describe and justify any planned changes to review methods in upcoming review versions.,Discussion,english,km
akl_2024,akl_2024,akl_2024_item64,Discussion,Discussion,23d.iii,"Indicate and justify whether the LSR is being retired from the living mode following the publication of the current version, if applicable.",Discussion,english,km
akl_2024,akl_2024,akl_2024_item65,Other information,Registration and protocol,24a,"Provide registration information for the review, including register name and registration number, or state that the review was not registered.",Other,english,km
akl_2024,akl_2024,akl_2024_item66,Other information,Registration and protocol,24b,"Indicate where the review protocol can be accessed, or state that a protocol was not prepared.",Other,english,km
akl_2024,akl_2024,akl_2024_item67,Other information,Registration and protocol,24c,Describe and explain any amendments to information provided at registration or in the protocol.,Other,english,km
akl_2024,akl_2024,akl_2024_item68,Other information,Support,25,"Describe sources of financial or non-financial support for the review, and the role of the funders or sponsors in the review.",Other,english,km
akl_2024,akl_2024,akl_2024_item69,Other information,Support,25a,Describe the sources of financial or non-financial support and the roles of funders or sponsors in each of the versions of the LSR.,Other,english,km
akl_2024,akl_2024,akl_2024_item7,Introduction,Rationale,3b,"Cite the preceding version of the LSR, if applicable.",Introduction,english,km
akl_2024,akl_2024,akl_2024_item70,Other information,Competing interests,26,Declare any competing interests of review authors.,Other,english,km
akl_2024,akl_2024,akl_2024_item71,Other information,Competing interests,26a,Describe the competing interests of review authors and how they were managed for each of the versions of the LSR.,Other,english,km
akl_2024,akl_2024,akl_2024_item72,Other information,"Availability of data, code and other materials",27,Report which of the following are publicly available and where they can be found: template data collection forms; data extracted from included studies; data used for all analyses; analytic code; any other materials used in the review.,Other,english,km
akl_2024,akl_2024,akl_2024_item73,Other information,"Availability of data, code and other materials",27a,"Describe any changes since the preceding version to the accessibility of data, code and materials.",Other,english,km
akl_2024,akl_2024,akl_2024_item74,Other information,Authors and roles,L4,Provide the list of authors and their roles for each version of the LSR.,Other,english,km
akl_2024,akl_2024,akl_2024_item8,Introduction,Objectives,4,Provide an explicit statement of the objective(s) or question(s) the review addresses.,Introduction,english,km
akl_2024,akl_2024,akl_2024_item9,Introduction,Objectives,4a,Describe and justify any changes since the preceding version to the review's objective(s) or question(s).,Introduction,english,km
APA_2018,APA_2018,APA_2018_item1,Title,,,"Make it clear that the report describes a research synthesis and include meta-analysis, if applicable",Title,english,km
APA_2018,APA_2018,APA_2018_item10,Introduction,,,Clear statement of the question or relation(s) under investigation,Introduction,english,km
APA_2018,APA_2018,APA_2018_item11,Introduction,,,Historical background,Introduction,english,km
APA_2018,APA_2018,APA_2018_item12,Introduction,,,"Theoretical, policy, and/or practical issues related to the question or relation(s) of interest",Introduction,english,km
APA_2018,APA_2018,APA_2018_item13,Introduction,,,Rational for the selection and coding of potential moderators and mediators of results,Introduction,english,km
APA_2018,APA_2018,APA_2018_item14,Introduction,,,"Types of study designs used in the primary research, their strengths and weaknesses",Introduction,english,km
APA_2018,APA_2018,APA_2018_item15,Introduction,,,"Types of predictor and outcome measures used, their psychometric characteristics",Introduction,english,km
APA_2018,APA_2018,APA_2018_item16,Introduction,,,Populations to which the question or relation is relevant,Introduction,english,km
APA_2018,APA_2018,APA_2018_item17,Introduction,,,"Hypotheses, if any",Introduction,english,km
APA_2018,APA_2018,APA_2018_item18,Methods,Inclusion and Exclusion Criteria,,Operational characteristics of independent (predictor) and dependent (outcomes) variable(s),Methodology,english,km
APA_2018,APA_2018,APA_2018_item19,Methods,Inclusion and Exclusion Criteria,,Eligible participants populations,Methodology,english,km
APA_2018,APA_2018,APA_2018_item2,Title,,,Footnote funding source(s),Other,english,km
APA_2018,APA_2018,APA_2018_item20,Methods,Inclusion and Exclusion Criteria,,"Eligible research design features (e.g., random assignment only, minimal sample size)",Methodology,english,km
APA_2018,APA_2018,APA_2018_item21,Methods,Inclusion and Exclusion Criteria,,Time period in which studies needed to be conducted,Methodology,english,km
APA_2018,APA_2018,APA_2018_item22,Methods,Inclusion and Exclusion Criteria,,Geographical and/or cultural restrictions,Methodology,english,km
APA_2018,APA_2018,APA_2018_item23,Methods,Search Strategies,,Reference and citation databases searched,Methodology,english,km
APA_2018,APA_2018,APA_2018_item24,Methods,Search Strategies,,Registries (including prospective registries) searched,Methodology,english,km
APA_2018,APA_2018,APA_2018_item25,Methods,Search Strategies,,Keywords used to enter databases and registries,Methodology,english,km
APA_2018,APA_2018,APA_2018_item26,Methods,Search Strategies,,Search software used and version,Methodology,english,km
APA_2018,APA_2018,APA_2018_item27,Methods,Search Strategies,,"Time period in which studies needed to be conducted, if applicable",Methodology,english,km
APA_2018,APA_2018,APA_2018_item28,Methods,Search Strategies,,"Other efforts to retrieve all available studies, e.g., Listservs queried",Methodology,english,km
APA_2018,APA_2018,APA_2018_item29,Methods,Search Strategies,,"Other efforts to retrieve all available studies, e.g., Contacts made with authors (and how authors were chosen)",Methodology,english,km
APA_2018,APA_2018,APA_2018_item3,Abstract,,,The problem of relation(s) under investigation,Abstract,english,km
APA_2018,APA_2018,APA_2018_item30,Methods,Search Strategies,,"Other efforts to retrieve all available studies, e.g., Reference lists of reports examined",Methodology,english,km
APA_2018,APA_2018,APA_2018_item31,Methods,Search Strategies,,Method of addressing reports in languages other than English,Methodology,english,km
APA_2018,APA_2018,APA_2018_item32,Methods,Search Strategies,,Process for determining study eligibility,Methodology,english,km
APA_2018,APA_2018,APA_2018_item33,Methods,Search Strategies,,"Aspects of reports examined (i.e., title, abstract, and/or full text)",Methodology,english,km
APA_2018,APA_2018,APA_2018_item34,Methods,Search Strategies,,Number and qualifications of relevance judges,Methodology,english,km
APA_2018,APA_2018,APA_2018_item35,Methods,Search Strategies,,Indication of agreement,Methodology,english,km
APA_2018,APA_2018,APA_2018_item36,Methods,Search Strategies,,How disagreements were resolved,Methodology,english,km
APA_2018,APA_2018,APA_2018_item37,Methods,Search Strategies,,Treatment of unpublished studies,Methodology,english,km
APA_2018,APA_2018,APA_2018_item38,Methods,Coding Procedures,,"Number and qualification of coders (e.g., level of expertise in the area, training)",Methodology,english,km
APA_2018,APA_2018,APA_2018_item39,Methods,Coding Procedures,,Intercoder reliability or agreement,Methodology,english,km
APA_2018,APA_2018,APA_2018_item4,Abstract,,,Study eligibility criteria,Abstract,english,km
APA_2018,APA_2018,APA_2018_item40,Methods,Coding Procedures,,"Whether each report was coded by more than one coder and, if so, how disagreements were resolved",Methodology,english,km
APA_2018,APA_2018,APA_2018_item41,Methods,Coding Procedures,,Assessment of study quality,Methodology,english,km
APA_2018,APA_2018,APA_2018_item42,Methods,Coding Procedures,,"If a study quality scale was employed, a description of criteria and the procedures for application",Methodology,english,km
APA_2018,APA_2018,APA_2018_item43,Methods,Coding Procedures,,"If study design features were coded, what these were",Methodology,english,km
APA_2018,APA_2018,APA_2018_item44,Methods,Coding Procedures,,How missing data were handled,Methodology,english,km
APA_2018,APA_2018,APA_2018_item45,Methods,Moderator and Mediator Analyses,,Definition of all coding categories used to test moderators or mediators of the relation(s) of interest,Methodology,english,km
APA_2018,APA_2018,APA_2018_item46,Methods,Statistical Methods,,Effect size metric(s),Methodology,english,km
APA_2018,APA_2018,APA_2018_item47,Methods,Statistical Methods,,"Effect size calculating formulas (e.g., means and SDs, use of univariate factor transformation, etc.)",Methodology,english,km
APA_2018,APA_2018,APA_2018_item48,Methods,Statistical Methods,,"Corrections made to effect sizes (e.g., small sample bias, correction for unequal sample sizes, etc.)",Methodology,english,km
APA_2018,APA_2018,APA_2018_item49,Methods,Statistical Methods,,Effect size averaging and/or weighting method(s),Methodology,english,km
APA_2018,APA_2018,APA_2018_item5,Abstract,,,Type(s) of participants included in primary studies,Abstract,english,km
APA_2018,APA_2018,APA_2018_item50,Methods,Statistical Methods,,How effect size confidence intervals (or standard errors) were calculated,Methodology,english,km
APA_2018,APA_2018,APA_2018_item51,Methods,Statistical Methods,,"How effect size credibility intervals were calculated, if used",Methodology,english,km
APA_2018,APA_2018,APA_2018_item52,Methods,Statistical Methods,,How studies with more than one effect size were handled,Methodology,english,km
APA_2018,APA_2018,APA_2018_item53,Methods,Statistical Methods,,Whether fixed-effects and/or random-effects models were used and the model choice justification,Methodology,english,km
APA_2018,APA_2018,APA_2018_item54,Methods,Statistical Methods,,How heterogeneity in effect sizes was assessed or estimated,Methodology,english,km
APA_2018,APA_2018,APA_2018_item55,Methods,Statistical Methods,,"Means and SDs for measurement artifacts, if construct-level relationships were the focus",Methodology,english,km
APA_2018,APA_2018,APA_2018_item56,Methods,Statistical Methods,,"Tests and any adjustments for data censoring (e.g., publication bias, selective reporting)",Methodology,english,km
APA_2018,APA_2018,APA_2018_item57,Methods,Statistical Methods,,Tests for statistical outliers,Methodology,english,km
APA_2018,APA_2018,APA_2018_item58,Methods,Statistical Methods,,Statistical power of the meta-analysis,Methodology,english,km
APA_2018,APA_2018,APA_2018_item59,Methods,Statistical Methods,,Statistical program or software packages used to conduct statistical analyses,Methodology,english,km
APA_2018,APA_2018,APA_2018_item6,Abstract,,,Meta‚Äêanalysis methods (indicating whether a fixed‚Äêeffects or random‚Äêeffects model was used),Abstract,english,km
APA_2018,APA_2018,APA_2018_item60,Results,,,Number of citations examined for relevance,Results,english,km
APA_2018,APA_2018,APA_2018_item61,Results,,,List of citations included in the synthesis,Results,english,km
APA_2018,APA_2018,APA_2018_item62,Results,,,Number of citations relevant on many but not all inclusion criteria excluded from the meta‚Äêanalysis,Results,english,km
APA_2018,APA_2018,APA_2018_item63,Results,,,"Number of exclusions for each exclusion criteria (e.g., effect size could not be calculated), with examples",Results,english,km
APA_2018,APA_2018,APA_2018_item64,Results,,,"Table giving descriptive information for each included study, including effect size and sample size",Results,english,km
APA_2018,APA_2018,APA_2018_item65,Results,,,Tables and/or graphical summaries,Results,english,km
APA_2018,APA_2018,APA_2018_item66,Results,,,"Overall characteristics of the database (e.g., number of studies with different research designs)",Results,english,km
APA_2018,APA_2018,APA_2018_item67,Results,,,"Overall effect size estimates, including measures of uncertainty (e.g., confidence and/or credibility intervals)",Results,english,km
APA_2018,APA_2018,APA_2018_item68,Results,,,Assessment of bias including possible data censoring,Results,english,km
APA_2018,APA_2018,APA_2018_item69,Discussion,,,Statement of major findings,Discussion,english,km
APA_2018,APA_2018,APA_2018_item7,Abstract,,,Main results (including the more important effect sizes and any important moderators of these effect sizes),Abstract,english,km
APA_2018,APA_2018,APA_2018_item70,Discussion,,,Consideration of alternative explanations for observed results,Discussion,english,km
APA_2018,APA_2018,APA_2018_item71,Discussion,,,Impact of data censoring,Methodology,english,km
APA_2018,APA_2018,APA_2018_item72,Discussion,,,"Generalizability of conclusions, e.g., relevant populations",Discussion,english,km
APA_2018,APA_2018,APA_2018_item73,Discussion,,,"Generalizability of conclusions, e.g., treatment variations",Discussion,english,km
APA_2018,APA_2018,APA_2018_item74,Discussion,,,"Generalizability of conclusions, e.g., dependent (outcome) variables",Discussion,english,km
APA_2018,APA_2018,APA_2018_item75,Discussion,,,"Generalizability of conclusions, e.g., research designs",Discussion,english,km
APA_2018,APA_2018,APA_2018_item76,Discussion,,,General limitations (including assessment of the quality of studies included),Discussion,english,km
APA_2018,APA_2018,APA_2018_item77,Discussion,,,"Implications and interpretation for theory, policy, or practice",Discussion,english,km
APA_2018,APA_2018,APA_2018_item78,Discussion,,,Guidelines for future research,Discussion,english,km
APA_2018,APA_2018,APA_2018_item79,References,,,References,Other Information,english,km
APA_2018,APA_2018,APA_2018_item8,Abstract,,,Conclusion (including limitations),Abstract,english,km
APA_2018,APA_2018,APA_2018_item9,Abstract,,,"Implications for theory, policy, and/or practice",Abstract,english,km
ardern_2021,ardern_2021,ardern_2021_item1,Title,Title,1,Identify the report as a systematic review.,Title,english,km
ardern_2021,ardern_2021,ardern_2021_item10,Methods,Data items,10a,"List and define all outcomes for which data were sought. Specify whether all results that were compatible with each outcome domain in each study were sought (e.g. for all measures, time points, analyses), and if not, the methods used to decide which results to collect.",Methodology,english,km
ardern_2021,ardern_2021,ardern_2021_item11,Methods,Data items,10b,"List and define all other variables for which data were sought (e.g. participant and intervention characteristics, funding sources). Describe any assumptions made about any missing or unclear information.",Methodology,english,km
ardern_2021,ardern_2021,ardern_2021_item12,Methods,Study risk of bias assessment,11,"Specify the methods used to assess risk of bias in the included studies, including details of the tool(s) used, how many reviewers assessed each study and whether they worked independently, and if applicable, details of automation tools used in the process.",Methodology,english,km
ardern_2021,ardern_2021,ardern_2021_item13,Methods,Effect measures,12,"Specify for each outcome the effect measure(s) (e.g. risk ratio, mean difference) used in the synthesis or presentation of results.",Methodology,english,km
ardern_2021,ardern_2021,ardern_2021_item14,Methods,Synthesis methods,13a,Describe the processes used to decide which studies were eligible for each synthesis (e.g. tabulating the study intervention characteristics and comparing against the planned groups for each synthesis (item #5)).,Methodology,english,km
ardern_2021,ardern_2021,ardern_2021_item15,Methods,Synthesis methods,13b,"Describe any methods required to prepare the data for presentation or synthesis, such as handling of missing summary statistics, or data conversions.",Methodology,english,km
ardern_2021,ardern_2021,ardern_2021_item16,Methods,Synthesis methods,13c,Describe any methods used to tabulate or visually display results of individual studies and syntheses.,Methodology,english,km
ardern_2021,ardern_2021,ardern_2021_item17,Methods,Synthesis methods,13d,"Describe any methods used to synthesize results and provide a rationale for the choice(s). If meta-analysis was performed, describe the model(s), method(s) to identify the presence and extent of statistical heterogeneity, and software package(s) used.",Methodology,english,km
ardern_2021,ardern_2021,ardern_2021_item18,Methods,Synthesis methods,13e,"Describe any methods used to explore possible causes of heterogeneity among study results (e.g. subgroup analysis, meta-regression).",Methodology,english,km
ardern_2021,ardern_2021,ardern_2021_item19,Methods,Synthesis methods,13f,Describe any sensitivity analyses conducted to assess robustness of the synthesized results.,Methodology,english,km
ardern_2021,ardern_2021,ardern_2021_item2,Abstract,Abstract,2,See the PRISMA 2020 for Abstracts checklist.,Abstract,english,km
ardern_2021,ardern_2021,ardern_2021_item20,Methods,Reporting bias assessment,14,Describe any methods used to assess risk of bias due to missing results in a synthesis (arising from reporting biases).,Methodology,english,km
ardern_2021,ardern_2021,ardern_2021_item21,Methods,Certainty assessment,15,Describe any methods used to assess certainty (or confidence) in the body of evidence for an outcome.,Methodology,english,km
ardern_2021,ardern_2021,ardern_2021_item22,Results,Study selection,16a,"Describe the results of the search and selection process, from the number of records identified in the search to the number of studies included in the review, ideally using a flow diagram.",Results,english,km
ardern_2021,ardern_2021,ardern_2021_item23,Results,Study selection,16b,"Cite studies that might appear to meet the inclusion criteria, but which were excluded, and explain why they were excluded.",Results,english,km
ardern_2021,ardern_2021,ardern_2021_item24,Results,Study characteristics,17,Cite each included study and present its characteristics.,Results,english,km
ardern_2021,ardern_2021,ardern_2021_item25,Results,Risk of bias in studies,18,Present assessments of risk of bias for each included study.,Results,english,km
ardern_2021,ardern_2021,ardern_2021_item26,Results,Results of individual studies,19,"For all outcomes, present, for each study: (a) summary statistics for each group (where appropriate) and (b) an effect estimate and its precision (e.g. confidence/credible interval), ideally using structured tables or plots.",Results,english,km
ardern_2021,ardern_2021,ardern_2021_item27,Results,Results of syntheses,20a,"For each synthesis, briefly summarise the characteristics and risk of bias among contributing studies.",Results,english,km
ardern_2021,ardern_2021,ardern_2021_item28,Results,Results of syntheses,20b,"Present results of all statistical syntheses conducted. If meta-analysis was done, present for each the summary estimate and its precision (e.g. confidence/credible interval) and measures of statistical heterogeneity. If comparing groups, describe the direction of the effect.",Results,english,km
ardern_2021,ardern_2021,ardern_2021_item29,Results,Results of syntheses,20c,Present results of all investigations of possible causes of heterogeneity among study results.,Results,english,km
ardern_2021,ardern_2021,ardern_2021_item3,Introduction,Rationale,3,Describe the rationale for the review in the context of existing knowledge.,Introduction,english,km
ardern_2021,ardern_2021,ardern_2021_item30,Results,Results of syntheses,20d,Present results of all sensitivity analyses conducted to assess the robustness of the synthesized results.,Results,english,km
ardern_2021,ardern_2021,ardern_2021_item31,Results,Reporting biases,21,Present assessments of risk of bias due to missing results (arising from reporting biases) for each synthesis assessed.,Results,english,km
ardern_2021,ardern_2021,ardern_2021_item32,Results,Certainty of evidence,22,Present assessments of certainty (or confidence) in the body of evidence for each outcome assessed.,Results,english,km
ardern_2021,ardern_2021,ardern_2021_item33,Discussion,Discussion,23a,Provide a general interpretation of the results in the context of other evidence.,Discussion,english,km
ardern_2021,ardern_2021,ardern_2021_item34,Discussion,Discussion,23b,Discuss any limitations of the evidence included in the review.,Discussion,english,km
ardern_2021,ardern_2021,ardern_2021_item35,Discussion,Discussion,23c,Discuss any limitations of the review processes used.,Discussion,english,km
ardern_2021,ardern_2021,ardern_2021_item36,Discussion,Discussion,23d,"Discuss implications of the results for practice, policy, and future research.",Discussion,english,km
ardern_2021,ardern_2021,ardern_2021_item37,Other information,Registration and protocol,24a,"Provide registration information for the review, including register name and registration number, or state that the review was not registered.",Other Information,english,km
ardern_2021,ardern_2021,ardern_2021_item38,Other information,Registration and protocol,24b,"Indicate where the review protocol can be accessed, or state that a protocol was not prepared.",Other Information,english,km
ardern_2021,ardern_2021,ardern_2021_item39,Other information,Registration and protocol,24c,Describe and explain any amendments to information provided at registration or in the protocol.,Other Information,english,km
ardern_2021,ardern_2021,ardern_2021_item4,Introduction,Objectives,4,Provide an explicit statement of the objective(s) or question(s) the review addresses.,Introduction,english,km
ardern_2021,ardern_2021,ardern_2021_item40,Other information,Support,25,"Describe sources of financial or non-financial support for the review, and the role of the funders or sponsors in the review.",Other Information,english,km
ardern_2021,ardern_2021,ardern_2021_item41,Other information,Competing interests,26,Declare any competing interests of review authors.,Other Information,english,km
ardern_2021,ardern_2021,ardern_2021_item42,Other information,"Availability of data, code and other materials",27,Report which of the following are publicly available and where they can be found: template data collection forms; data extracted from included studies; data used for all analyses; analytic code; any other materials used in the review.,Other Information,english,km
ardern_2021,ardern_2021,ardern_2021_item5,Methods,Eligibility criteria,5,Specify the inclusion and exclusion criteria for the review and how studies were grouped for the syntheses.,Methodology,english,km
ardern_2021,ardern_2021,ardern_2021_item6,Methods,Information sources,6,"Specify all databases, registers, websites, organisations, reference lists and other sources searched or consulted to identify studies. Specify the date when each source was last searched or consulted.",Methodology,english,km
ardern_2021,ardern_2021,ardern_2021_item7,Methods,Search strategy,7,"Present the full search strategies for all databases, registers and websites, including any filters and limits used.",Methodology,english,km
ardern_2021,ardern_2021,ardern_2021_item8,Methods,Selection process,8,"Specify the methods used to decide whether a study met the inclusion criteria of the review, including how many reviewers screened each record and each report retrieved, whether they worked independently, and if applicable, details of automation tools used in the process.",Methodology,english,km
ardern_2021,ardern_2021,ardern_2021_item9,Methods,Data collection process,9,"Specify the methods used to collect data from reports, including how many reviewers collected data from each report, whether they worked independently, any processes for obtaining or confirming data from study investigators, and if applicable, details of automation tools used in the process.",Methodology,english,km
atkinson_2014,atkinson_2014,atkinson_2014_item1,Searcher characteristics,NA,NA,Number of searchers,Methodology,english,km
atkinson_2014,atkinson_2014,atkinson_2014_item10,Final inclusion criteria,NA,NA,Researched variables,Methodology,english,km
atkinson_2014,atkinson_2014,atkinson_2014_item11,Final inclusion criteria,NA,NA,Participants,Methodology,english,km
atkinson_2014,atkinson_2014,atkinson_2014_item12,Final inclusion criteria,NA,NA,Researched settings,Methodology,english,km
atkinson_2014,atkinson_2014,atkinson_2014_item13,Final inclusion criteria,NA,NA,Dates,Methodology,english,km
atkinson_2014,atkinson_2014,atkinson_2014_item14,Final inclusion criteria,NA,NA,For conduct of research,Methodology,english,km
atkinson_2014,atkinson_2014,atkinson_2014_item15,Final inclusion criteria,NA,NA,for report appearance,Methodology,english,km
atkinson_2014,atkinson_2014,atkinson_2014_item16,Final inclusion criteria,NA,NA,"Types of reports, for example,",Methodology,english,km
atkinson_2014,atkinson_2014,atkinson_2014_item17,Final inclusion criteria,NA,NA,Publication status,Methodology,english,km
atkinson_2014,atkinson_2014,atkinson_2014_item18,Final inclusion criteria,NA,NA,Peer review status,Methodology,english,km
atkinson_2014,atkinson_2014,atkinson_2014_item19,Final inclusion criteria,NA,NA,Treatment of studies reported in foreign languages,Methodology,english,km
atkinson_2014,atkinson_2014,atkinson_2014_item2,Searcher characteristics,NA,NA,Level of education and/or training,Methodology,english,km
atkinson_2014,atkinson_2014,atkinson_2014_item20,Final inclusion criteria,NA,NA,Adequate reporting,Methodology,english,km
atkinson_2014,atkinson_2014,atkinson_2014_item21,Final inclusion criteria,NA,NA,Information needed to include the report,Methodology,english,km
atkinson_2014,atkinson_2014,atkinson_2014_item22,Excluded Articles,NA,NA,Listing of studies that met most inclusion criteria but were ultimately excluded,Methodology,english,km
atkinson_2014,atkinson_2014,atkinson_2014_item23,Excluded Articles,NA,NA,At least one criteria that each study failed to meet,Methodology,english,km
atkinson_2014,atkinson_2014,atkinson_2014_item24,Excluded Articles,NA,NA,"For example, data presented in an unusable way",Methodology,english,km
atkinson_2014,atkinson_2014,atkinson_2014_item25,General search reporting guidelines,NA,NA,Total number of documents in the search results,Results,english,km
atkinson_2014,atkinson_2014,atkinson_2014_item26,General search reporting guidelines,NA,NA,Number of reports retained after initial screening,Results,english,km
atkinson_2014,atkinson_2014,atkinson_2014_item27,General search reporting guidelines,NA,NA,Number of reports meeting relevance criteria,Results,english,km
atkinson_2014,atkinson_2014,atkinson_2014_item28,General search reporting guidelines,NA,NA,Number of reports excluded due to insufficient information,Results,english,km
atkinson_2014,atkinson_2014,atkinson_2014_item29,Reference database and registry searches,NA,NA,Search software version,Methodology,english,km
atkinson_2014,atkinson_2014,atkinson_2014_item3,Searcher characteristics,NA,NA,Past experience conducting searches,Methodology,english,km
atkinson_2014,atkinson_2014,atkinson_2014_item30,Reference database and registry searches,NA,NA,Full names of databases searched,Methodology,english,km
atkinson_2014,atkinson_2014,atkinson_2014_item31,Reference database and registry searches,NA,NA,Justification of database choice,Methodology,english,km
atkinson_2014,atkinson_2014,atkinson_2014_item32,Reference database and registry searches,NA,NA,Search terms used,Methodology,english,km
atkinson_2014,atkinson_2014,atkinson_2014_item33,Reference database and registry searches,NA,NA,Boolean connectors,Methodology,english,km
atkinson_2014,atkinson_2014,atkinson_2014_item34,Reference database and registry searches,NA,NA,Whether automatic explosion of terms occurred,Methodology,english,km
atkinson_2014,atkinson_2014,atkinson_2014_item35,Reference database and registry searches,NA,NA,"Parts of text searched (e.g., title, abstract, etc.)",Methodology,english,km
atkinson_2014,atkinson_2014,atkinson_2014_item36,Reference database and registry searches,NA,NA,Date database search(es) were conducted,Methodology,english,km
atkinson_2014,atkinson_2014,atkinson_2014_item37,Journal‚Äîbibliography and registry search,NA,NA,Journals or bibliographies scanned for relevant reports,Methodology,english,km
atkinson_2014,atkinson_2014,atkinson_2014_item38,Journal‚Äîbibliography and registry search,NA,NA,Names,Methodology,english,km
atkinson_2014,atkinson_2014,atkinson_2014_item39,Journal‚Äîbibliography and registry search,NA,NA,Years/volumes scanned,Methodology,english,km
atkinson_2014,atkinson_2014,atkinson_2014_item4,Searcher characteristics,NA,NA,Were initial screeners different from second screeners?,Methodology,english,km
atkinson_2014,atkinson_2014,atkinson_2014_item40,Journal‚Äîbibliography and registry search,NA,NA,Document elements used for decision,Methodology,english,km
atkinson_2014,atkinson_2014,atkinson_2014_item41,Backward (reference list) search,NA,NA,Whether reference lists were examined,Methodology,english,km
atkinson_2014,atkinson_2014,atkinson_2014_item42,Backward (reference list) search,NA,NA,Criteria for reference lists chosen,Methodology,english,km
atkinson_2014,atkinson_2014,atkinson_2014_item43,Backward (reference list) search,NA,NA,"Element used for relevance decision (e.g., references, mention in introduction, abstract, and full report)",Methodology,english,km
atkinson_2014,atkinson_2014,atkinson_2014_item44,Forward (citation) search,NA,NA,Reports for which citation searches were conducted,Methodology,english,km
atkinson_2014,atkinson_2014,atkinson_2014_item45,Forward (citation) search,NA,NA,Justification for why these reports were chosen,Methodology,english,km
atkinson_2014,atkinson_2014,atkinson_2014_item46,Direct contact searches,NA,NA,Mass communications to formal or informal distribution lists,Methodology,english,km
atkinson_2014,atkinson_2014,atkinson_2014_item47,Direct contact searches,NA,NA,Group names or defining characteristics,Methodology,english,km
atkinson_2014,atkinson_2014,atkinson_2014_item48,Direct contact searches,NA,NA,dates of contact,Methodology,english,km
atkinson_2014,atkinson_2014,atkinson_2014_item49,Direct contact searches,NA,NA,Communications to individual researchers,Methodology,english,km
atkinson_2014,atkinson_2014,atkinson_2014_item5,Searcher characteristics,NA,NA,"If yes, how?",Methodology,english,km
atkinson_2014,atkinson_2014,atkinson_2014_item50,Direct contact searches,NA,NA,Criteria for decisions to contact,Methodology,english,km
atkinson_2014,atkinson_2014,atkinson_2014_item51,Direct contact searches,NA,NA,Number of researchers contacted,Methodology,english,km
atkinson_2014,atkinson_2014,atkinson_2014_item52,Direct contact searches,NA,NA,Response rate,Methodology,english,km
atkinson_2014,atkinson_2014,atkinson_2014_item53,Direct contact searches,NA,NA,Communications with colleagues (leading to reports found no other way),Methodology,english,km
atkinson_2014,atkinson_2014,atkinson_2014_item54,Other search strategies,NA,NA,Describe search strategies in addition to those above and the results of these searches,Methodology,english,km
atkinson_2014,atkinson_2014,atkinson_2014_item6,Initial screening for relevance,NA,NA,Elements of reports used in initial screening decision,Methodology,english,km
atkinson_2014,atkinson_2014,atkinson_2014_item7,Initial screening for relevance,NA,NA,"For example, title, abstract, and full report",Methodology,english,km
atkinson_2014,atkinson_2014,atkinson_2014_item8,Initial screening for relevance,NA,NA,Criteria for passing from first to second screen,Methodology,english,km
atkinson_2014,atkinson_2014,atkinson_2014_item9,Final inclusion criteria,NA,NA,Definitions,Methodology,english,km
beller_2013,beller_2013,beller_2013_item1,title,title,1,"Identify the report as a systematic review, meta-analysis, or both.",Abstract,english,km
beller_2013,beller_2013,beller_2013_item10,discussion,interpretation,10,General interpretation of the results and important implications.,Abstract,english,km
beller_2013,beller_2013,beller_2013_item11,other,funding,11,Primary source of funding for the review.,Abstract,english,km
beller_2013,beller_2013,beller_2013_item12,other,registration,12,Registration number and registry name.,Abstract,english,km
beller_2013,beller_2013,beller_2013_item2,background,objectives,2,"The research question including components such as participants, interventions, comparator, and outcomes.",Abstract,english,km
beller_2013,beller_2013,beller_2013_item3,methods,eligibility criteria,3,Study and report characteristics used as criteria for inclusion.,Abstract,english,km
beller_2013,beller_2013,beller_2013_item4,methods,information sources,4,Key databases searched and search dates.,Abstract,english,km
beller_2013,beller_2013,beller_2013_item5,methods,risk of bias,5,Methods of assessing risk of bias.,Abstract,english,km
beller_2013,beller_2013,beller_2013_item6,results,included studies,6,Number and type of included studies and participants and relevant characteristics of studies.,Abstract,english,km
beller_2013,beller_2013,beller_2013_item7,results,synthesis of results,7,"Results for main outcomes (benefits and harms), preferably indicating the number of studies and participants for each. If meta-analysis was done, include summary measures and confidence intervals.",Abstract,english,km
beller_2013,beller_2013,beller_2013_item8,results,description of the effect,8,"Direction of the effect (i.e., which group is favoured) and size of the effect in terms meaningful to clinicians and patients.",Abstract,english,km
beller_2013,beller_2013,beller_2013_item9,discussion,strengths and limitations of evidence,9,"Brief summary of strengths and limitations of evidence (e.g., inconsistency, imprecision, indirectness, or risk of bias, and other supporting or conflicting evidence).",Abstract,english,km
bonetti_2022,bonetti_2022,bonetti_2022_item1,,,1,Provide all data used to build the meta-analyses,Other Information,english,km
bonetti_2022,bonetti_2022,bonetti_2022_item10,,,,"Authors should report in the main text of the manuscript the mathematical methods (e.g. inverse of variance, Mantel-Haenszel, Peto), models (e.g. random or fixed-effect) and measures (e.g. relative risk, odds ratio, hazard ratio, mean difference) used to build each of the meta-analysis, including those obtained with the sensitivity or subgroup analyses.",Methodology,english,km
bonetti_2022,bonetti_2022,bonetti_2022_item11,,,6,Provide the complete statistical results for each meta-analysis,Methodology,english,km
bonetti_2022,bonetti_2022,bonetti_2022_item12,,,,"Authors should report all the results and meta-analytical parameters obtained in their study for each meta-analysis, including data on: effect-size values, confidence intervals (lower and upper values), z-value, p-value, heterogeneity and its p-value, q-value, tau, standard error tau2, and variance tau2.",Results,english,km
bonetti_2022,bonetti_2022,bonetti_2022_item13,,,7,Inform the prediction intervals,Methodology,english,km
bonetti_2022,bonetti_2022,bonetti_2022_item14,,,,"PI analyses should be performed for all meta-analysis presenting heterogeneity (i.e. values of I2†> 0%). The final results should be reported in the main text of the manuscript, alongside with the confidence intervals. The complete calculation of the PI should be provided in supplemental material or available in an open data platform (e.g. Open Science Framework).",Methodology,english,km
bonetti_2022,bonetti_2022,bonetti_2022_item15,,,8,Inform the number needed to treat,Methodology,english,km
bonetti_2022,bonetti_2022,bonetti_2022_item16,,,,"To allow further data interpretability and better decision-making process in practice, whenever possible and applicable to the scope of the study, authors should perform NNTB or NNTH analyses (reported with a dispersion value ñ 95% confidence intervals) for at least the primary outcome meta-analysis. The results should be provided in the main text of the manuscript (e.g. table, figures). The complete calculation of these measures should be made available in supplemental material or in a open data platform (e.g. Open Science Framework).",Methodology,english,km
bonetti_2022,bonetti_2022,bonetti_2022_item17,,,9,Inform the fragility index,Methodology,english,km
bonetti_2022,bonetti_2022,bonetti_2022_item18,,,,"To allow further data interpretability and better decision-making process in practice, authors should perform FI analyses for all the meta-analysis that present statistical significance (i.e. differences between interventions). The results should be provided in the main text of the manuscript (e.g. table, figures). The complete calculation of this measure should be provided in supplemental material or available in an open data platform (e.g. Open Science Framework).",Methodology,english,km
bonetti_2022,bonetti_2022,bonetti_2022_item2,,,,"Authors should made available a table with all the extracted information that was used in the software for analysis (e.g. number of events for each intervention, total sample in each group). This information should be reported in the main text of the manuscript, supplemental material or available in an open data platform (e.g. Open Science Framework)",Other Information,english,km
bonetti_2022,bonetti_2022,bonetti_2022_item3,,,2,Inform about imputed data,Methodology,english,km
bonetti_2022,bonetti_2022,bonetti_2022_item4,,,,"Authors should inform, together with the raw data used to build the meta-analysis, which variables were imputed or further re-calculated and how this imputation was conducted (e.g. formulas and references used). This information should be reported in supplemental material or available in an open data platform (e.g. Open Science Framework)",Methodology,english,km
bonetti_2022,bonetti_2022,bonetti_2022_item5,,,3,Inform about data obtained from different sources,Methodology,english,km
bonetti_2022,bonetti_2022,bonetti_2022_item6,,,,"If any data was obtained by means of contact with primary studies' authors or from unpublished sources, this information, together with the collected data, should be disclosure in the main text of the manuscript or added in supplemental material.",Methodology,english,km
bonetti_2022,bonetti_2022,bonetti_2022_item7,,,4,Perform sensitivity analyses when imputed or unpublished data are used,Methodology,english,km
bonetti_2022,bonetti_2022,bonetti_2022_item8,,,,"When data not available in primary studies are used, after imputing them or obtaining from unpublished sources, authors should repeat the meta-analyses omitting these unavailable data as a sensitivity analysis exercise. If results were substantially different between available and unavailable data, the first should prevail and used in the conclusions.",Methodology,english,km
bonetti_2022,bonetti_2022,bonetti_2022_item9,,,5,"Inform about the statistical method, models, and effect-size measure",Methodology,english,km
bougioukas_2018,bougioukas_2018,bougioukas_2018_item1,Title,Title,1a,"Specify the study design with terms such as 'overview of (systematic) reviews', 'umbrella review', '(systematic) review of systematic reviews', or '(systematic) meta-review' in the title of the OoSRs.",Title,english,km
bougioukas_2018,bougioukas_2018,bougioukas_2018_item10,Other,Protocol and registration,5b,"If registered, provide the name of the registry (such as a valid Web address, PROSPERO).",Other Information,english,km
bougioukas_2018,bougioukas_2018,bougioukas_2018_item11,Methods,Eligibility criteria and outcomes of interest,6a,"Specify inclusion and exclusion criteria for study design, participants, interventions, and comparators in detail.",Methodology,english,km
bougioukas_2018,bougioukas_2018,bougioukas_2018_item12,Methods,Eligibility criteria and outcomes of interest,6b,"List (and define whenever necessary) the outcomes for which data were recorded, ideally including prioritization of main and additional outcomes.",Methodology,english,km
bougioukas_2018,bougioukas_2018,bougioukas_2018_item13,Methods,Eligibility criteria and outcomes of interest,6c,"Include adverse events as (primary or secondary) outcome of interest. Define them and grade their severity (such as mild, moderate, severe, fatal).",Methodology,english,km
bougioukas_2018,bougioukas_2018,bougioukas_2018_item14,Methods,Eligibility criteria and outcomes of interest,6db,"Specify report characteristics (such as language restrictions, publication status, and years considered) used as criteria for eligibility for the OoSRs.",Methodology,english,km
bougioukas_2018,bougioukas_2018,bougioukas_2018_item15,Methods,Information sources,7a,Search at least two electronic databases.,Methodology,english,km
bougioukas_2018,bougioukas_2018,bougioukas_2018_item16,Methods,Information sources,7b,"Search supplementary sources (e.g., hand searching, reference lists, related reviews and guidelines, protocol registries, conference abstracts, and other gray literature).",Methodology,english,km
bougioukas_2018,bougioukas_2018,bougioukas_2018_item17,Methods,Information sources,7c,Report the date of last search and/or dates of coverage for each database.,Methodology,english,km
bougioukas_2018,bougioukas_2018,bougioukas_2018_item18,Methods,Search strategy,8a,"Specify full electronic search strategy for at least one database including any limits used (e.g., language and date restrictions) such that it could be repeated.",Methodology,english,km
bougioukas_2018,bougioukas_2018,bougioukas_2018_item19,Methods,Search strategy,8b,"Present any additional search process (e.g., algorithm or filter for adverse events, searches in pertinent websites) specifically to identify adverse events that have been investigated.",Methodology,english,km
bougioukas_2018,bougioukas_2018,bougioukas_2018_item2,Title,Title,1b,"Mention 'safety' or harms-related terms, or the adverse event(s) of interest in the title of the OoSRs.",Title,english,km
bougioukas_2018,bougioukas_2018,bougioukas_2018_item20,Methods,Data management and selection process,9ad,Describe the software that was used to manage records and data throughout the OoSRs.,Methodology,english,km
bougioukas_2018,bougioukas_2018,bougioukas_2018_item21,Methods,Data management and selection process,9b,"Define what is an SR and provide the process for selecting SRs and its relevant details (screening by at least two reviewers, resolving disagreements by consensus).",Methodology,english,km
bougioukas_2018,bougioukas_2018,bougioukas_2018_item22,Methods,Data management and selection process,9c,"Report any attempt to handle overlapping SRs (include one review among multiple candidates by choosing, for example, the most updated or rigorous SR or one with larger number of primary studies).",Methodology,english,km
bougioukas_2018,bougioukas_2018,bougioukas_2018_item23,Methods,Additional search for primary studies,10,"Report additional search to identify eligible primary studies (e.g., searching in more databases or update the search) and its relevant details.",Methodology,english,km
bougioukas_2018,bougioukas_2018,bougioukas_2018_item24,Methods,Data collection process,11a,"Describe the method of data extraction from included SRs (e.g., data collection form, extraction in duplicate and independently, resolving disagreements by consensus).",Methodology,english,km
bougioukas_2018,bougioukas_2018,bougioukas_2018_item25,Methods,Data collection process,11b,"Report any processes for obtaining, confirming, or updating data from investigators (e.g., contact with authors of included reviews, obtain data from primary studies of included reviews).",Methodology,english,km
bougioukas_2018,bougioukas_2018,bougioukas_2018_item26,Methods,Data items,12,"List (and define whenever necessary) the variables for which data were recorded (e.g., PICOS items, number of included studies and participants, dose, length of follow-up, results, funding sources) and any assumptions and simplifications made.",Methodology,english,km
bougioukas_2018,bougioukas_2018,bougioukas_2018_item27,Methods,Assessment of methodological quality and quality of evidence,13a,"State the evaluation of reporting and/or methodological quality (e.g., using PRISMA, PRISMA-harms, AMSTAR, or R-AMSTAR) of the included reviews.",Methodology,english,km
bougioukas_2018,bougioukas_2018,bougioukas_2018_item28,Methods,Assessment of methodological quality and quality of evidence,13be,State the evaluation of quality for individual studies that are included in the SRs and for the additional primary studies.,Methodology,english,km
bougioukas_2018,bougioukas_2018,bougioukas_2018_item29,Methods,Assessment of methodological quality and quality of evidence,13c,"State the evaluation of quality of evidence (e.g., using GRADE approach).",Methodology,english,km
bougioukas_2018,bougioukas_2018,bougioukas_2018_item3,Abstract,Structured-like summary,2a,"Provide a structured-like abstract, as applicable: background, objective, data sources, selection criteria, data extraction, review appraisal, data synthesis methods, results, limitations, conclusions.",Abstract,english,km
bougioukas_2018,bougioukas_2018,bougioukas_2018_item30,Methods,Assessment of methodological quality and quality of evidence,13d,"Describe the methods (e.g., piloted forms, independently, in duplicate) used for the quality assessment.",Methodology,english,km
bougioukas_2018,bougioukas_2018,bougioukas_2018_item31,Methods,Meta-bias(es),14,"Specify any planned assessment of meta-bias(es) (such as publication bias across studies, selective reporting within studies, ROBIS tool).",Methodology,english,km
bougioukas_2018,bougioukas_2018,bougioukas_2018_item32,Methods,Data synthesis,15a,"Specify clearly the method (narrative, meta-analysis, or network meta-analysis) of handling or synthesizing data and their details (e.g., summary measures, heterogeneity assessment, statistical approaches).",Methodology,english,km
bougioukas_2018,bougioukas_2018,bougioukas_2018_item33,Methods,Data synthesis,15b,Describe the software that was used to analyze the data if a quantitative synthesis has been conducted.,Methodology,english,km
bougioukas_2018,bougioukas_2018,bougioukas_2018_item34,Methods,Data synthesis,15c,"Report if zero events are included in the studies and how they were handled in statistical analyses, if relevant.",Methodology,english,km
bougioukas_2018,bougioukas_2018,bougioukas_2018_item35,Methods,Data synthesis,15d,"Describe methods of any prespecified additional analyses (such as sensitivity or subgroup analyses, meta-regression).",Methodology,english,km
bougioukas_2018,bougioukas_2018,bougioukas_2018_item4,Abstract,Structured-like summary,2b,Report the main findings of analysis of harms undertaken in the OoSRs or in the included SRs.,Abstract,english,km
bougioukas_2018,bougioukas_2018,bougioukas_2018_item5,Introduction,Rationale,3a,Specify the rationale and the scope (wide or narrow agendas) for the overview in the context of an existing body of knowledge on the topic.,Introduction,english,km
bougioukas_2018,bougioukas_2018,bougioukas_2018_item6,Introduction,Rationale,3b,Provide a balanced presentation of potential benefits and harms of the intervention(s).,Introduction,english,km
bougioukas_2018,bougioukas_2018,bougioukas_2018_item7,Introduction,Rationale,3ca,Define which events are considered harms according to previous literature and provide a clear rationale for the specific harms included in the OoSRs.,Introduction,english,km
bougioukas_2018,bougioukas_2018,bougioukas_2018_item8,Introduction,Objectives (PICOS),4,Provide an explicit statement of research question(s) that specifies PICOS: Participants; Interventions; Comparators; Outcomes; Study design.,Introduction,english,km
bougioukas_2018,bougioukas_2018,bougioukas_2018_item9,Other,Protocol and registration,5a,Indicate if a protocol exists or not.,Other Information,english,km
brooke_2021,brooke_2021,brooke_2021_item1,,Reporting of Background,,Problem definition,Introduction,english,km
brooke_2021,brooke_2021,brooke_2021_item10,,Reporting of Search Strategy,,Databases and registries searched,Methodology,english,km
brooke_2021,brooke_2021,brooke_2021_item11,,Reporting of Search Strategy,,"Search software used, name and version, including special features used (eg, explosion)",Methodology,english,km
brooke_2021,brooke_2021,brooke_2021_item12,,Reporting of Search Strategy,,"Use of hand searching (eg, reference lists of obtained articles)",Methodology,english,km
brooke_2021,brooke_2021,brooke_2021_item13,,Reporting of Search Strategy,,"List of citations located and those excluded, including justification",Methodology,english,km
brooke_2021,brooke_2021,brooke_2021_item14,,Reporting of Search Strategy,,Method for addressing articles published in languages other than English,Methodology,english,km
brooke_2021,brooke_2021,brooke_2021_item15,,Reporting of Search Strategy,,Method of handling abstracts and unpublished studies,Methodology,english,km
brooke_2021,brooke_2021,brooke_2021_item16,,Reporting of Search Strategy,,Description of any contact with authors,Methodology,english,km
brooke_2021,brooke_2021,brooke_2021_item17,,Reporting of Methods,,Description of relevance or appropriateness of studies assembled for assessing the hypothesis to be tested,Methodology,english,km
brooke_2021,brooke_2021,brooke_2021_item18,,Reporting of Methods,,"Rationale for the selection and coding of data (eg, sound clinical principles or convenience)",Methodology,english,km
brooke_2021,brooke_2021,brooke_2021_item19,,Reporting of Methods,,"Documentation of how data were classified and coded (eg, multiple raters, blinding, and interrater reliability)",Methodology,english,km
brooke_2021,brooke_2021,brooke_2021_item2,,Reporting of Background,,Hypothesis statement,Introduction,english,km
brooke_2021,brooke_2021,brooke_2021_item20,,Reporting of Methods,,"Assessment of confounding (eg, comparability of cases and controls in studies where appropriate",Methodology,english,km
brooke_2021,brooke_2021,brooke_2021_item21,,Reporting of Methods,,"Assessment of study quality, including blinding of quality assessors; stratification or regression on possible predictors of study results",Methodology,english,km
brooke_2021,brooke_2021,brooke_2021_item22,,Assessment of heterogeneity,,"Description of statistical methods (eg, complete description of fixed or random effects models, justification of whether the chosen models account for predictors of study results, dose-response models, or cumulative meta-analysis) in sufficient detail to be replicated",Methodology,english,km
brooke_2021,brooke_2021,brooke_2021_item23,,Assessment of heterogeneity,,Provision of appropriate tables and graphics,Methodology,english,km
brooke_2021,brooke_2021,brooke_2021_item24,,Reporting of Results,,Table giving descriptive information for each study included,Results,english,km
brooke_2021,brooke_2021,brooke_2021_item25,,Reporting of Results,,"Results of sensitivity testing (eg, subgroup analysis)",Results,english,km
brooke_2021,brooke_2021,brooke_2021_item26,,Reporting of Results,,Indication of statistical uncertainty of findings,Results,english,km
brooke_2021,brooke_2021,brooke_2021_item27,,Reporting of Results,,Reporting of Discussion,Results,english,km
brooke_2021,brooke_2021,brooke_2021_item28,,Reporting of Results,,"Quantitative assessment of bias (eg, publication bias)",Results,english,km
brooke_2021,brooke_2021,brooke_2021_item29,,Reporting of Results,,"Justification for exclusion (eg, exclusion of nonñEnglish-language citations)",Results,english,km
brooke_2021,brooke_2021,brooke_2021_item3,,Reporting of Background,,Description of Study Outcome(s),Introduction,english,km
brooke_2021,brooke_2021,brooke_2021_item30,,Reporting of Results,,Assessment of quality of included studies,Results,english,km
brooke_2021,brooke_2021,brooke_2021_item31,,Reporting of Conclusions,,Consideration of alternative explanations for observed results,Discussion,english,km
brooke_2021,brooke_2021,brooke_2021_item32,,Reporting of Conclusions,,"Generalization of the conclusions (ie, appropriate for the data presented and within the domain of the literature review)",Discussion,english,km
brooke_2021,brooke_2021,brooke_2021_item33,,Reporting of Conclusions,,Guidelines for future research,Discussion,english,km
brooke_2021,brooke_2021,brooke_2021_item34,,Reporting of Conclusions,,Disclosure of funding source,Other Information,english,km
brooke_2021,brooke_2021,brooke_2021_item4,,Reporting of Background,,Type of exposure or intervention used,Introduction,english,km
brooke_2021,brooke_2021,brooke_2021_item5,,Reporting of Background,,Type of study design used,Introduction,english,km
brooke_2021,brooke_2021,brooke_2021_item6,,Reporting of Background,,Study population,Introduction,english,km
brooke_2021,brooke_2021,brooke_2021_item7,,Reporting of Search Strategy,,"Qualifications of searchers (eg, librarians and investigators)",Methodology,english,km
brooke_2021,brooke_2021,brooke_2021_item8,,Reporting of Search Strategy,,"Search strategy, including time period included in the synthesis and keywords",Methodology,english,km
brooke_2021,brooke_2021,brooke_2021_item9,,Reporting of Search Strategy,,"Effort to include all available studies, including contact with authors",Methodology,english,km
campbell_2020,campbell_2020,campbell_2020_item1,Methods,Grouping studies for synthesis,1a,"Provide a description of, and rationale for, the groups used in the synthesis (eg, groupings of populations, interventions, outcomes, study design)",Methodology,english,km
campbell_2020,campbell_2020,campbell_2020_item10,Discussion,Limitations of the synthesis,9,Report the limitations of the synthesis methods used and/or the groupings used in the synthesis and how these affect the conclusions that can be drawn in relation to the original review question,Discussion,english,km
campbell_2020,campbell_2020,campbell_2020_item2,Methods,Grouping studies for synthesis,1b,Detail and provide rationale for any changes made subsequent to the protocol in the groups used in the synthesis,Other Information,english,km
campbell_2020,campbell_2020,campbell_2020_item3,Methods,Describe the standardised metric and transformation methods used,2,"Describe the standardised metric for each outcome. Explain why the metric(s) was chosen and describe any methods used to transform the intervention effects, as reported in the study, to the standardised metric, citing any methodological guidance consulted",Methodology,english,km
campbell_2020,campbell_2020,campbell_2020_item4,Methods,Describe the synthesis methods,3,Describe and justify the methods used to synthesise the effects for each outcome when it was not possible to undertake a meta-analysis of effect estimates,Methodology,english,km
campbell_2020,campbell_2020,campbell_2020_item5,Methods,Criteria used to prioritise results for summary and synthesis,4,"Where applicable, provide the criteria used, with supporting justification, to select the particular studies, or a particular study, for the main synthesis or to draw conclusions from the synthesis (eg, based on study design, risk of bias assessments, directness in relation to the review question)",Methodology,english,km
campbell_2020,campbell_2020,campbell_2020_item6,Methods,Investigation of heterogeneity in reported effects,5,State the method(s) used to examine heterogeneity in reported effects when it was not possible to undertake a meta-analysis of effect estimates and its extensions to investigate heterogeneity,Methodology,english,km
campbell_2020,campbell_2020,campbell_2020_item7,Methods,Certainty of evidence,6,Describe the methods used to assess the certainty of the synthesis findings,Methodology,english,km
campbell_2020,campbell_2020,campbell_2020_item8,Methods,Data presentation methods,7,"Describe the graphical and tabular methods used to present the effects (eg, tables, forest plots, harvest plots) Specify key study characteristics (eg, study design, risk of bias) used to order the studies, in the text and any tables or graphs, clearly referencing the studies included",Methodology,english,km
campbell_2020,campbell_2020,campbell_2020_item9,Results,Reporting results,8,"For each comparison and outcome, provide a description of the synthesised findings and the certainty of the findings. Describe the result in language that is consistent with the question the synthesis addresses, and indicate which studies contribute to the synthesis",Results,english,km
cohen_2018,cohen_2018,cohen_2018_item1,Title and purpose,Title,1,Identify the report as a systematic review (+/- meta-analysis) of DTA studies.,Abstract,english,km
cohen_2018,cohen_2018,cohen_2018_item10,Discussion,Interpretation,10,Provide a general interpretation of the results and the important implications.,Abstract,english,km
cohen_2018,cohen_2018,cohen_2018_item11,Other,Funding,11,Indicate the primary source of funding for the review.,Abstract,english,km
cohen_2018,cohen_2018,cohen_2018_item12,Other,Registration,12,Provide the registration number and the registry name.,Abstract,english,km
cohen_2018,cohen_2018,cohen_2018_item2,Title and purpose,Objectives,2,"Indicate the research question, including components such as participants, index test, and target conditions.",Abstract,english,km
cohen_2018,cohen_2018,cohen_2018_item3,Methods,Eligibility criteria,3,Include study characteristics used as criteria for eligibility.,Abstract,english,km
cohen_2018,cohen_2018,cohen_2018_item4,Methods,Information sources,4,List the key databases searched and the search dates.,Abstract,english,km
cohen_2018,cohen_2018,cohen_2018_item5,Methods,Risk of bias and applicability,5,Indicate the methods of assessing risk of bias and applicability.,Abstract,english,km
cohen_2018,cohen_2018,cohen_2018_item6,Methods,Synthesis of results,A1,Indicate the methods for the data synthesis.,Abstract,english,km
cohen_2018,cohen_2018,cohen_2018_item7,Results,Included studies,6,Indicate the number and type of included studies and the participants and relevant characteristics of the studies (including the reference standard).,Abstract,english,km
cohen_2018,cohen_2018,cohen_2018_item8,Results,Synthesis of results,7,"Include the results for the analysis of diagnostic accuracy, preferably indicating the number of studies and participants. Describe test accuracy including variability; if meta-analysis was done, include summary results and confidence intervals.",Abstract,english,km
cohen_2018,cohen_2018,cohen_2018_item9,Discussion,Strengths and limitations,9,Provide a brief summary of the strengths and limitations of the evidence.,Abstract,english,km
eden_2011,eden_2011,eden_2011_item1,Title,NA,5.1.1,Include a report title*,Title,english,km
eden_2011,eden_2011,eden_2011_item10,Methods,NA,5.1.6.5,Search strategy*,Methodology,english,km
eden_2011,eden_2011,eden_2011_item11,Methods,NA,5.1.6.6,Study selection process*,Methodology,english,km
eden_2011,eden_2011,eden_2011_item12,Methods,NA,5.1.6.7,Data extraction process*,Methodology,english,km
eden_2011,eden_2011,eden_2011_item13,Methods,NA,5.1.6.8,Methods for handling missing information*,Methodology,english,km
eden_2011,eden_2011,eden_2011_item14,Methods,NA,5.1.6.9,Information to be extracted from included studies*,Methodology,english,km
eden_2011,eden_2011,eden_2011_item15,Methods,NA,5.1.6.10,Methods to appraise the quality of individual studies*,Methodology,english,km
eden_2011,eden_2011,eden_2011_item16,Methods,NA,5.1.6.11,"Summary measures of effect size (e.g., risk ratio, difference in means)*",Methodology,english,km
eden_2011,eden_2011,eden_2011_item17,Methods,NA,5.1.6.12,Rationale for pooling (or not pooling) results of included studies,Methodology,english,km
eden_2011,eden_2011,eden_2011_item18,Methods,NA,5.1.6.13,Methods of synthesizing the evidence (qualitative and meta-analysis*),Methodology,english,km
eden_2011,eden_2011,eden_2011_item19,Methods,NA,5.1.6.14,"Additional analyses, if done, indicating which were prespecified*",Methodology,english,km
eden_2011,eden_2011,eden_2011_item2,Abstract,NA,5.1.2,Include an abstract*,Abstract,english,km
eden_2011,eden_2011,eden_2011_item20,Results,NA,5.1.7.1,Study selection process*,Results,english,km
eden_2011,eden_2011,eden_2011_item21,Results,NA,5.1.7.2,List of excluded studies and reasons for their exclusion*,Results,english,km
eden_2011,eden_2011,eden_2011_item22,Results,NA,5.1.7.3,Present assessments of risk of bias for each included study.,Results,english,km
eden_2011,eden_2011,eden_2011_item23,Results,NA,5.1.7.4,Qualitative synthesis,Results,english,km
eden_2011,eden_2011,eden_2011_item24,Results,NA,5.1.7.5,"Meta-analysis of results, if performed (explain rationale for doing one)*",Results,english,km
eden_2011,eden_2011,eden_2011_item25,Results,NA,5.1.7.6,"Additional analyses, if done, indicating which were prespecified*",Methodology,english,km
eden_2011,eden_2011,eden_2011_item26,Results,NA,5.1.7.7,Tables and figures,Results,english,km
eden_2011,eden_2011,eden_2011_item27,Discussion,NA,5.1.8.1,Summary of the evidence*,Discussion,english,km
eden_2011,eden_2011,eden_2011_item28,Discussion,NA,5.1.8.2,Strengths and limitations of the systematic review*,Discussion,english,km
eden_2011,eden_2011,eden_2011_item29,Discussion,NA,5.1.8.3,Conclusions for each key question*,Discussion,english,km
eden_2011,eden_2011,eden_2011_item3,Executive summary ,NA,5.1.3,Include an executive summary,Abstract,english,km
eden_2011,eden_2011,eden_2011_item30,Discussion,NA,5.1.8.4,Gaps in evidence,Discussion,english,km
eden_2011,eden_2011,eden_2011_item31,Discussion,NA,5.1.8.5,Future research needs,Discussion,english,km
eden_2011,eden_2011,eden_2011_item32,Funding Sources,NA,5.1.9,Include a section describing funding sources* and COI,Abstract,english,km
eden_2011,eden_2011,eden_2011_item4,Summary written for the lay public,NA,5.1.4,Include a summary written for the lay public,Abstract,english,km
eden_2011,eden_2011,eden_2011_item5,Introduction,NA,5.1.5,Include an introduction (rationale and objectives)*,Introduction,english,km
eden_2011,eden_2011,eden_2011_item6,Methods,NA,5.1.6.1,Research protocol*,Methodology,english,km
eden_2011,eden_2011,eden_2011_item7,Methods,NA,5.1.6.2,Eligibility criteria (criteria for including and excluding studies in the systematic review)*,Methodology,english,km
eden_2011,eden_2011,eden_2011_item8,Methods,NA,5.1.6.3,Analytic framework and key questions,Methodology,english,km
eden_2011,eden_2011,eden_2011_item9,Methods,NA,5.1.6.4,Databases and other information sources used to identify relevant studies*,Methodology,english,km
elsman_2024,elsman_2024,elsman_2024_item1,title,title,1,"Identify the report as a systematic review and include as applicable the following (in any order): outcome domain of interest, population of interest, name/type of OMIs of interest, and measurement properties of interest.",Abstract,english,km
elsman_2024,elsman_2024,elsman_2024_item10,results,included studies,2.1,Give the total number of included OMIs and study reports.,Abstract,english,km
elsman_2024,elsman_2024,elsman_2024_item11,results,synthesis of results,2.11,"Present the syntheses of results of OMIs, indicating the certainty of the evidence.",Abstract,english,km
elsman_2024,elsman_2024,elsman_2024_item12,discussion,limitations of evidence,2.12,"Provide a brief summary of the limitations of the evidence included in the review (e.g., study risk of bias, inconsistency, and imprecision).",Abstract,english,km
elsman_2024,elsman_2024,elsman_2024_item13,discussion,interpretation,2.13,Provide a general interpretation of the results and important implications.,Abstract,english,km
elsman_2024,elsman_2024,elsman_2024_item14,plain language summary,plain language summary,3,"If allowed by the journal, provide a plain language summary with background information and key findings.",Abstract,english,km
elsman_2024,elsman_2024,elsman_2024_item15,open science,registration and protocol,4a,"Provide registration information for the review, including register name and registration number, or state that the review was not registered.",Other Information,english,km
elsman_2024,elsman_2024,elsman_2024_item16,open science,registration and protocol,4b,"Indicate where the review protocol can be accessed, or state that a protocol was not prepared.",Other Information,english,km
elsman_2024,elsman_2024,elsman_2024_item17,open science,registration and protocol,4c,Describe and explain any amendments to information provided at registration or in the protocol.,Other Information,english,km
elsman_2024,elsman_2024,elsman_2024_item18,open science,support,5,"Describe sources of financial or non-financial support for the review, and the role of the funders in the review.",Other Information,english,km
elsman_2024,elsman_2024,elsman_2024_item19,open science,competing interests,6,Declare any competing interests of review authors.,Other Information,english,km
elsman_2024,elsman_2024,elsman_2024_item2,abstract,funding,2.2,Specify the primary source of funding for the review.,Abstract,english,km
elsman_2024,elsman_2024,elsman_2024_item20,open science,"availability of data, code, and other materials",7,Report which of the following are publicly available and where they can be found: template data collection forms; data extracted from included studies; data used for all analyses; analytic code; any other materials used in the review.,Other Information,english,km
elsman_2024,elsman_2024,elsman_2024_item21,introduction,rationale,8,Describe the rationale for the review in the context of existing knowledge.,Introduction ,english,km
elsman_2024,elsman_2024,elsman_2024_item22,introduction,objectives,9,"Provide an explicit statement of the objective(s) or question(s) the review addresses and include as applicable the following (in any order): outcome domain of interest, population of interest, name/type of OMIs of interest, and measurement properties of interest.",Introduction ,english,km
elsman_2024,elsman_2024,elsman_2024_item23,methods,followed guidelines,10,"Specify, with references, the methodology and/or guidelines used to conduct the systematic review.",Methodology,english,km
elsman_2024,elsman_2024,elsman_2024_item24,methods,eligibility criteria,11,Specify the inclusion and exclusion criteria for the review.,Methodology,english,km
elsman_2024,elsman_2024,elsman_2024_item25,methods,information sources,12,"Specify all databases, registers, preprint servers, websites, organizations, reference lists and other sources searched or consulted to identify studies. Specify the date when each source was last searched or consulted.",Methodology,english,km
elsman_2024,elsman_2024,elsman_2024_item26,methods,search strategy,13,"Present the full search strategies for all databases, registers, and websites, including any filters and limits used.",Methodology,english,km
elsman_2024,elsman_2024,elsman_2024_item27,methods,selection process,14,"Specify the methods used to decide whether a study met the inclusion criteria of the review, e.g., including how many reviewers screened each record and each report retrieved, whether they worked independently, and if applicable, details of automation tools/AI used in the process.",Methodology,english,km
elsman_2024,elsman_2024,elsman_2024_item28,methods,data collection process,15,"Specify the methods used to collect data from reports, e.g., including how many reviewers collected data from each report, whether they worked independently, any processes for obtaining or confirming data from study investigators, and if applicable, details of automation tools/AI used in the process.",Methodology,english,km
elsman_2024,elsman_2024,elsman_2024_item29,methods,data items,16,"List and define which data were extracted (e.g., characteristics of study populations and OMIs, measurement properties‚Äô results, and aspects of feasibility and interpretability). Describe methods used to deal with any missing or unclear information.",Methodology,english,km
elsman_2024,elsman_2024,elsman_2024_item3,abstract,registration,2.3,Provide the register name and registration number.,Abstract,english,km
elsman_2024,elsman_2024,elsman_2024_item30,methods,study risk of bias assessment,17,"Specify the methods used to assess risk of bias in the included studies, e.g., including details of the tool(s) used, how many reviewers assessed each study and whether they worked independently, and if applicable, details of automation tools/AI used in the process.",Methodology,english,km
elsman_2024,elsman_2024,elsman_2024_item31,methods,measurement properties,18,"Specify the methods used to rate the results of a measurement property for each individual study and for the summarized or pooled results, e.g., including how many reviewers rated each study and whether they worked independently.",Methodology,english,km
elsman_2024,elsman_2024,elsman_2024_item32,methods,synthesis methods,19a,Describe the processes used to decide which studies were eligible for each synthesis.,Methodology,english,km
elsman_2024,elsman_2024,elsman_2024_item33,methods,synthesis methods,19b,Describe any methods used to synthesize results.,Methodology,english,km
elsman_2024,elsman_2024,elsman_2024_item34,methods,synthesis methods,19c,"If applicable, describe any methods used to explore possible causes of inconsistency among study results (e.g., subgroup analysis).",Methodology,english,km
elsman_2024,elsman_2024,elsman_2024_item35,methods,synthesis methods,19d,"If applicable, describe any sensitivity analyses conducted to assess robustness of the synthesized results.",Methodology,english,km
elsman_2024,elsman_2024,elsman_2024_item36,methods,certainty assessment,20,Describe any methods used to assess certainty (or confidence) in the body of evidence.,Methodology,english,km
elsman_2024,elsman_2024,elsman_2024_item37,methods,formulating recommendations,21,"If appropriate, describe any methods used to formulate recommendations regarding the suitability of OMIs for a particular use.",Methodology,english,km
elsman_2024,elsman_2024,elsman_2024_item38,results,study selection,22a,"Describe the results of the search and selection process, from the number of records identified in the search to the number of study reports included in the review, ideally using a flow diagram. If applicable, also report the final number of OMIs included and the number of study reports relevant to each OMI. [T]",Results,english,km
elsman_2024,elsman_2024,elsman_2024_item39,results,study selection,22b,"Cite study reports that might appear to meet the inclusion criteria, but which were excluded, and explain why they were excluded.",Results,english,km
elsman_2024,elsman_2024,elsman_2024_item4,abstract,objectives,2.4,Provide an explicit statement of the main objective(s) or question(s) the review addresses.,Abstract,english,km
elsman_2024,elsman_2024,elsman_2024_item40,results,omi characteristics,23a,"Present characteristics of each included OMI, with appropriate references. ",Results,english,km
elsman_2024,elsman_2024,elsman_2024_item41,results,omi characteristics,23b,"If applicable, present interpretability aspects for each included OMI.",Results,english,km
elsman_2024,elsman_2024,elsman_2024_item42,results,omi characteristics,23c,"If applicable, present feasibility aspects for each included OMI.",Results,english,km
elsman_2024,elsman_2024,elsman_2024_item43,results,study characteristics,24,Cite each included study report evaluating one or more measurement properties and present its characteristics.,Results,english,km
elsman_2024,elsman_2024,elsman_2024_item44,results,risk of bias in studies,25,Present assessments of risk of bias for each included study.,Results,english,km
elsman_2024,elsman_2024,elsman_2024_item45,results,results of individual studies,26,"For all measurement properties, present for each study: (a) the reported result and (b) the rating against quality criteria, ideally using structured tables or plots. ",Results,english,km
elsman_2024,elsman_2024,elsman_2024_item46,results,results of syntheses,27a,"Present results of all syntheses conducted. For each measurement property of an OMI, present: (a) the summarized or pooled result and (b) the overall rating against quality criteria.",Results,english,km
elsman_2024,elsman_2024,elsman_2024_item47,results,results of syntheses,27b,"If applicable, present results of all investigations of possible causes of inconsistency among study results.",Results,english,km
elsman_2024,elsman_2024,elsman_2024_item48,results,results of syntheses,27c,"If applicable, present results of all sensitivity analyses conducted to assess the robustness of the synthesized results.",Results,english,km
elsman_2024,elsman_2024,elsman_2024_item49,results,certainty of evidence,28,Present assessments of certainty (or confidence) in the body of evidence for each measurement property of an OMI assessed.,Results,english,km
elsman_2024,elsman_2024,elsman_2024_item5,methods,eligibility criteria,2.5,Specify the inclusion and exclusion criteria for the review.,Abstract,english,km
elsman_2024,elsman_2024,elsman_2024_item50,results,recommendations,29,"If appropriate, make recommendations for suitable OMIs for a particular use.",Discussion,english,km
elsman_2024,elsman_2024,elsman_2024_item51,discussion,discussion,30a,Provide a general interpretation of the results in the context of other evidence.,Discussion ,english,km
elsman_2024,elsman_2024,elsman_2024_item52,discussion,discussion,30b,Discuss any limitations of the evidence included in the review.,Discussion ,english,km
elsman_2024,elsman_2024,elsman_2024_item53,discussion,discussion,30c,Discuss any limitations of the review processes used.,Discussion ,english,km
elsman_2024,elsman_2024,elsman_2024_item54,discussion,discussion,30d,"Discuss implications of the results for practice, policy, and future research.",Discussion ,english,km
elsman_2024,elsman_2024,elsman_2024_item6,methods,information sources,2.6,"Specify the information sources (e.g., databases, registers) used to identify studies and the date when each was last searched.",Abstract,english,km
elsman_2024,elsman_2024,elsman_2024_item7,methods,risk of bias,2.7,Specify the methods used to assess risk of bias in the included studies.,Abstract,english,km
elsman_2024,elsman_2024,elsman_2024_item8,methods,measurement properties,2.8,Specify the methods used to rate the results of a measurement property.,Abstract,english,km
elsman_2024,elsman_2024,elsman_2024_item9,methods,synthesis methods,2.9,Specify the methods used to present and synthesize results.,Abstract,english,km
france_2019,france_2019,france_2019_item1,Introduction,Rationale and context for the meta-ethnography,,"Describe the gap in research or knowledge to be filled by the meta-ethnography, and the wider context of the meta-ethnography",Introduction,english,km
france_2019,france_2019,france_2019_item10,Findings,Presenting characteristics of included studies,,Describe characteristics of the included studies,Results,english,km
france_2019,france_2019,france_2019_item11,Methods,Process for determining how studies are related,,Describe the methods and processes for determining how the included studies are related: Which aspects of studies were compared AND How the studies were compared,Methodology,english,km
france_2019,france_2019,france_2019_item12,Findings,Outcome of relating studies,,Describe how studies relate to each other,Results,english,km
france_2019,france_2019,france_2019_item13,Methods,Process of translating studies,,Describe the methods of translation: Describe steps taken to preserve the context and meaning of the relationships between concepts within and across studies; Describe how the reciprocal and refutational translations were conducted; Describe how potential alternative interpretations or explanations were considered in the translations,Methodology,english,km
france_2019,france_2019,france_2019_item14,Findings,Outcome of translation,,Describe the interpretive findings of the translation.,Results,english,km
france_2019,france_2019,france_2019_item15,Methods,Synthesis process,,Describe the methods used to develop overarching concepts (synthesised translations); Describe how potential alternative interpretations or explanations were considered in the synthesis,Methodology,english,km
france_2019,france_2019,france_2019_item16,Findings,Outcome of synthesis process,,"Describe the new theory, conceptual framework, model, configuration, or interpretation of data developed from the synthesis",Results,english,km
france_2019,france_2019,france_2019_item17,Discussion,Summary of findings,,Summarize the main interpretive findings of the translation and synthesis and compare them to existing literature,Discussion,english,km
france_2019,france_2019,france_2019_item18,Discussion,"Strengths, limitations, and reflexivity",,"Reflect on and describe the strengths and limitations of the synthesis: Methodological aspects or example, describe how the synthesis findings were influenced by the nature of the included studies and how the meta-ethnography was conducted. Reflexivity for example, the impact of the research team on the synthesis findings",Discussion,english,km
france_2019,france_2019,france_2019_item19,Discussion,Recommendations and conclusions,,Describe the implications of the synthesis,Discussion,english,km
france_2019,france_2019,france_2019_item2,Introduction,Aim(s) of the meta-ethnography,,Describe the meta-ethnography aim(s),Introduction,english,km
france_2019,france_2019,france_2019_item3,Introduction,Focus of the meta-ethnography,,Describe the meta-ethnography review question(s) (or objectives),Introduction,english,km
france_2019,france_2019,france_2019_item4,Introduction,Rationale for using meta-ethnography,,Explain why meta-ethnography was considered the most appropriate qualitative synthesis methodology,Introduction,english,km
france_2019,france_2019,france_2019_item5,Methods,Search strategy,,Describe the rationale for the literature search strategy,Methodology,english,km
france_2019,france_2019,france_2019_item6,Methods,Search processes,,Describe how the literature searching was carried out and by whom,Methodology,english,km
france_2019,france_2019,france_2019_item7,Methods,Selecting primary studies,,"Describe the process of study screening and selection, and who was involved",Methodology,english,km
france_2019,france_2019,france_2019_item8,Findings,Outcome of study selection,,Describe the results of study searches and screening,Results,english,km
france_2019,france_2019,france_2019_item9,Methods,Reading and data extraction approach,,Describe the reading and data extraction method and processes,Methodology,english,km
gates_2022,gates_2022,gates_2022_item1,Title,,1,Identify the report as an overview of reviews.,Title,english,km
gates_2022,gates_2022,gates_2022_item10,Selection process,,8b,"Describe how overlap in the populations, interventions, comparators, and/or outcomes of systematic reviews was identified and managed during study selection.",Methodology,english,km
gates_2022,gates_2022,gates_2022_item11,Data collection process,,9a,Describe the methods used to collect data from reports.,Methodology,english,km
gates_2022,gates_2022,gates_2022_item12,Data collection process,,9b,"If applicable, describe the methods used to identify and manage primary study overlap at the level of the comparison and outcome during data collection. For each outcome, specify the method used to illustrate and/or quantify the degree of primary study overlap across systematic reviews.",Methodology,english,km
gates_2022,gates_2022,gates_2022_item13,Data collection process,,9c,"If applicable, specify the methods used to manage discrepant data across systematic reviews during data collection.",Methodology,english,km
gates_2022,gates_2022,gates_2022_item14,Data items,,10,List and define all variables and outcomes for which data were sought. Describe any assumptions made and/or measures taken to identify and clarify missing or unclear information.,Methodology,english,km
gates_2022,gates_2022,gates_2022_item15,Risk of bias assessment,,11a,Describe the methods used to assess risk of bias or methodological quality of the included systematic reviews.,Methodology,english,km
gates_2022,gates_2022,gates_2022_item16,Risk of bias assessment,,11b,"Describe the methods used to collect data on (from the systematic reviews) and/or assess the risk of bias of the primary studies included in the systematic reviews. Provide a justification for instances where flawed, incomplete, or missing assessments are identified but not reassessed.",Methodology,english,km
gates_2022,gates_2022,gates_2022_item17,Risk of bias assessment,,11c,Describe the methods used to assess the risk of bias of supplemental primary studies (if included).,Methodology,english,km
gates_2022,gates_2022,gates_2022_item18,Synthesis methods,,12a,Describe the methods used to summarise or synthesise results and provide a rationale for the choice(s).,Methodology,english,km
gates_2022,gates_2022,gates_2022_item19,Synthesis methods,,12b,Describe any methods used to explore possible causes of heterogeneity among results.,Methodology,english,km
gates_2022,gates_2022,gates_2022_item2,Abstract,,2,"Provide a comprehensive and accurate summary of the purpose, methods, and results of the overview of reviews.",Abstract,english,km
gates_2022,gates_2022,gates_2022_item20,Synthesis methods,,12c,Describe any sensitivity analyses conducted to assess the robustness of the synthesised results.,Methodology,english,km
gates_2022,gates_2022,gates_2022_item21,Reporting bias assessment,,13,"Describe the methods used to collect data on (from the systematic reviews) and/or assess the risk of bias due to missing results in a summary or synthesis (arising from reporting biases at the levels of the systematic reviews, primary studies, and supplemental primary studies, if included).",Methodology,english,km
gates_2022,gates_2022,gates_2022_item22,Certainty assessment,,14,Describe the methods used to collect data on (from the systematic reviews) and/or assess certainty (or confidence) in the body of evidence for an outcome.,Methodology,english,km
gates_2022,gates_2022,gates_2022_item23,Systematic review and supplemental primary study selection,,15a,"Describe the results of the search and selection process, including the number of records screened, assessed for eligibility, and included in the overview of reviews, ideally with a flow diagram.",Results,english,km
gates_2022,gates_2022,gates_2022_item24,Systematic review and supplemental primary study selection,,15b,"Provide a list of studies that might appear to meet the inclusion criteria, but were excluded, with the main reason for exclusion.",Results,english,km
gates_2022,gates_2022,gates_2022_item25,Characteristics of systematic reviews and supplemental primary studies,,16,Cite each included systematic review and supplemental primary study (if included) and present its characteristics.,Results,english,km
gates_2022,gates_2022,gates_2022_item26,Primary study overlap,,17,Describe the extent of primary study overlap across the included systematic reviews.,Results,english,km
gates_2022,gates_2022,gates_2022_item27,"Risk of bias in systematic reviews, primary studies, and supplemental primary studies",,18a,Present assessments of risk of bias or methodological quality for each included systematic review.,Results,english,km
gates_2022,gates_2022,gates_2022_item28,"Risk of bias in systematic reviews, primary studies, and supplemental primary studies",,18b,Present assessments (collected from systematic reviews or assessed anew) of the risk of bias of the primary studies included in the systematic reviews.,Results,english,km
gates_2022,gates_2022,gates_2022_item29,"Risk of bias in systematic reviews, primary studies, and supplemental primary studies",,18c,Present assessments of the risk of bias of supplemental primary studies (if included).,Results,english,km
gates_2022,gates_2022,gates_2022_item3,Introduction,,3,Describe the rationale for conducting the overview of reviews in the context of existing knowledge.,Introduction,english,km
gates_2022,gates_2022,gates_2022_item30,Summary or synthesis of results,,19a,"For all outcomes, summarise the evidence from the systematic reviews and supplemental primary studies (if included). If meta-analyses were done, present for each the summary estimate and its precision and measures of statistical heterogeneity. If comparing groups, describe the direction of the effect.",Results,english,km
gates_2022,gates_2022,gates_2022_item31,Summary or synthesis of results,,19b,"If meta-analyses were done, present results of all investigations of possible causes of heterogeneity.",Results,english,km
gates_2022,gates_2022,gates_2022_item32,Summary or synthesis of results,,19c,"If meta-analyses were done, present results of all sensitivity analyses conducted to assess the robustness of synthesised results.",Results,english,km
gates_2022,gates_2022,gates_2022_item33,Reporting biases,,20,"Present assessments (collected from systematic reviews and/or assessed anew) of the risk of bias due to missing primary studies, analyses, or results in a summary or synthesis (arising from reporting biases at the levels of the systematic reviews, primary studies, and supplemental primary studies, if included) for each summary or synthesis assessed.",Results,english,km
gates_2022,gates_2022,gates_2022_item34,Certainty of evidence,,21,Present assessments (collected or assessed anew) of certainty (or confidence) in the body of evidence for each outcome.,Results,english,km
gates_2022,gates_2022,gates_2022_item35,Discussion,,22a,"Summarise the main findings, including any discrepancies in findings across the included systematic reviews and supplemental primary studies (if included).",Discussion,english,km
gates_2022,gates_2022,gates_2022_item36,Discussion,,22b,Provide a general interpretation of the results in the context of other evidence.,Discussion,english,km
gates_2022,gates_2022,gates_2022_item37,Discussion,,22c,"Discuss any limitations of the evidence from systematic reviews, their primary studies, and supplemental primary studies (if included) included in the overview of reviews. Discuss any limitations of the overview of reviews methods used.",Discussion,english,km
gates_2022,gates_2022,gates_2022_item38,Discussion,,22d,"Discuss implications for practice, policy, and future research (both systematic reviews and primary research). Consider the relevance of the findings to the end users of the overview of reviews, eg, healthcare providers, policymakers, patients, among others.",Discussion,english,km
gates_2022,gates_2022,gates_2022_item39,Registration and protocol,,23a,"Provide registration information for the overview of reviews, including register name and registration number, or state that the overview of reviews was not registered.",Other Information,english,km
gates_2022,gates_2022,gates_2022_item4,Objectives,,4,Provide an explicit statement of the objective(s) or question(s) addressed by the overview of reviews.,Introduction,english,km
gates_2022,gates_2022,gates_2022_item40,Registration and protocol,,23b,"Indicate where the overview of reviews protocol can be accessed, or state that a protocol was not prepared.",Other Information,english,km
gates_2022,gates_2022,gates_2022_item41,Registration and protocol,,23c,Describe and explain any amendments to information provided at registration or in the protocol. Indicate the stage of the overview of reviews at which amendments were made.,Other Information,english,km
gates_2022,gates_2022,gates_2022_item42,Competing interests,,25,Declare any competing interests of the overview of reviews' authors.,Other Information,english,km
gates_2022,gates_2022,gates_2022_item43,Author information,,26a,Provide contact information for the corresponding author.,Other Information,english,km
gates_2022,gates_2022,gates_2022_item44,Author information,,26b,Describe the contributions of individual authors and identify the guarantor of the overview of reviews.,Other Information,english,km
gates_2022,gates_2022,gates_2022_item45,Availability of data and other materials,,27,"Report which of the following are available, where they can be found, and under which conditions they may be accessed: template data collection forms; data collected from included systematic reviews and supplemental primary studies; analytic code; any other materials used in the overview of reviews.",Other Information,english,km
gates_2022,gates_2022,gates_2022_item5,Eligibility criteria,,5a,"Specify the inclusion and exclusion criteria for the overview of reviews. If supplemental primary studies were included, this should be stated, with a rationale.",Methodology,english,km
gates_2022,gates_2022,gates_2022_item6,Eligibility criteria,,5b,Specify the definition of ìsystematic reviewî as used in the inclusion criteria for the overview of reviews.,Methodology,english,km
gates_2022,gates_2022,gates_2022_item7,Information sources,,6,"Specify all databases, registers, websites, organisations, reference lists, and other sources searched or consulted to identify systematic reviews and supplemental primary studies (if included). Specify the date when each source was last searched or consulted.",Methodology,english,km
gates_2022,gates_2022,gates_2022_item8,Search strategy,,7,"Present the full search strategies for all databases, registers and websites, such that they could be reproduced. Describe any search filters and limits applied.",Methodology,english,km
gates_2022,gates_2022,gates_2022_item9,Selection process,,8a,Describe the methods used to decide whether a systematic review or supplemental primary study (if included) met the inclusion criteria of the overview of reviews.,Methodology,english,km
gordon_2014,gordon_2014,gordon_2014_item1,,Title,1,"Use a title that includes a description of the aims of the piece (educational effectiveness, descriptive, and so on) and the method of evidence synthesis (for example, realist, meta-ethnographic, and so on.)",Title,english,km
gordon_2014,gordon_2014,gordon_2014_item10,,Methods,10,Explain the method for judging inclusion/exclusion ,Methodology,english,km
gordon_2014,gordon_2014,gordon_2014_item11,,Methods,11,"If quality appraisal tools are used, please describe and justify their choice",Methodology,english,km
gordon_2014,gordon_2014,gordon_2014_item12,,Methods,12,"Describe qualitative methods for synthesising primary evidence (where appropriate) and the goal of these methods, such as thematic analysis; meta-ethnography, and realist synthesis",Methodology,english,km
gordon_2014,gordon_2014,gordon_2014_item13,,Methods,13,"Describe quantitative methods for synthesising primary evidence (where appropriate), such as meta-analysis and how issues of heterogeneity will be considered",Methodology,english,km
gordon_2014,gordon_2014,gordon_2014_item14,,Results,14,Give a flow diagram summarising study selection,Results,english,km
gordon_2014,gordon_2014,gordon_2014_item15,,Results,15,"If individuals familiar with the relevant literature and/or topic area were contacted, provide a summary of the contact and information obtained",Results,english,km
gordon_2014,gordon_2014,gordon_2014_item16,,Results,16,"Provide summarised details of included works, considering elements such as methodology, key results and conclusions",Results,english,km
gordon_2014,gordon_2014,gordon_2014_item17,,Results,17,"Describe methods of quality assessment of education reported, including all parameters considered (for example, details of study theoretical underpinning, pedagogical strategies and details of teaching activities to allow replication or dissemination)",Methodology,english,km
gordon_2014,gordon_2014,gordon_2014_item18,,Results,18,Describe quality assessment of the research methods of included studies,Methodology,english,km
gordon_2014,gordon_2014,gordon_2014_item19,,Results,19,Present the results of qualitative and/or quantitative evidence synthesis,Results,english,km
gordon_2014,gordon_2014,gordon_2014_item2,,Abstract,2,Provide a structured summary?,Abstract,english,km
gordon_2014,gordon_2014,gordon_2014_item20,,Discussion,20,Present the main findings in light of the review objectives,Discussion,english,km
gordon_2014,gordon_2014,gordon_2014_item21,,Discussion,21,"Discuss strengths and limitations of the review and its findings, commenting on the strength of the evidence",Discussion,english,km
gordon_2014,gordon_2014,gordon_2014_item22,,Discussion,22,Discuss how the findings of the evidence synthesis impact future primary research,Discussion,english,km
gordon_2014,gordon_2014,gordon_2014_item23,,Discussion,23,Describe possible implications of the findings for educators,Discussion,english,km
gordon_2014,gordon_2014,gordon_2014_item24,,Other,24,Provide details of funding,Other Information,english,km
gordon_2014,gordon_2014,gordon_2014_item25,,Other,25,Describe the skills and expertise of the review team and acknowledge any outside help,Other Information,english,km
gordon_2014,gordon_2014,gordon_2014_item3,,Introduction,3,Describe the rationale for the review in the context of what is already known,Introduction,english,km
gordon_2014,gordon_2014,gordon_2014_item4,,Introduction,4,Provide a statement of the questions being addressed by the study,Introduction,english,km
gordon_2014,gordon_2014,gordon_2014_item5,,Introduction,5,State why this method of evidence synthesis was selected within the context of the questions being asked,Introduction,english,km
gordon_2014,gordon_2014,gordon_2014_item6,,Methods,6,State and provide a rationale for how the searching was done,Methodology,english,km
gordon_2014,gordon_2014,gordon_2014_item7,,Methods,7,Provide details on all the sources of information and dates searched,Methodology,english,km
gordon_2014,gordon_2014,gordon_2014_item8,,Methods,8,"Electronic databases - provide full search terms for at least one database, with details of deviations in subsequent searches",Methodology,english,km
gordon_2014,gordon_2014,gordon_2014_item9,,Methods,9,Describe the process of data extraction and any process of contacting authors for confirmation of/or more data?,Methodology,english,km
guise_2017,guise_2017,guise_2017_item1,title,Title,1_extension,Specifically indicate that the focus of the systematic review includes a complex intervention,Title,english,km
guise_2017,guise_2017,guise_2017_item10,methods,Methods,9,"State the process for selecting studies (i.e., screening, eligibility, included in systematic review, and, if applicable, included in the meta-analysis).",Methodology,english,km
guise_2017,guise_2017,guise_2017_item11,methods,Methods,10,"Describe method of data extraction from reports (e.g., piloted forms, independently, in duplicate and any processes for obtaining and conforming data from investigators).",Methodology,english,km
guise_2017,guise_2017,guise_2017_item12,methods,Methods,11,"List and define all variables for which data were sought (e.g., PICOTS funding sources) and any assumptions and simplifications made.",Methodology,english,km
guise_2017,guise_2017,guise_2017_item13,methods,Methods,11a,"Pathway complexity: include an analytic framework, causal pathway, or other graphical representation of the chain of evidence to illustrate the complexity of the causal pathway",Methodology,english,km
guise_2017,guise_2017,guise_2017_item14,methods,Methods,11b,"Intervention complexity: include sufficient detail for the interventions' components (including number, sequence, active vs. discretionary, a priori vs. final), frequency, duration, intensity, theoretical foundation, incentives, replicability, and people delivering the intervention.",Methodology,english,km
guise_2017,guise_2017,guise_2017_item15,methods,Methods,11c,"Population complexity: include sufficient detail to describe who (or what system level) the intervention targeted and the characteristics of the participants (e.g., age, gender, ethnicity, language, educational or skill level, medical and social risk status, etc.).",Methodology,english,km
guise_2017,guise_2017,guise_2017_item16,methods,Methods,11d,"Implementation complexity: clearly define the adoption, uptake, or integration strategies. Strategies can include facilitators (distinct from intervention elements) such as including attestations, financial incentives, periodic reports of findings, reminders, supplemental trainings, or physical environmental changes.",Methodology,english,km
guise_2017,guise_2017,guise_2017_item17,methods,Methods,11e,"Setting contextual complexity: include detail about the settings, locations where the data were collected, or other contextual factors (including financial, organizational, and clinical setting). Provide rationale if not relevant.",Methodology,english,km
guise_2017,guise_2017,guise_2017_item18,methods,Methods,11f,"Timing: describe the absolute and relative timing of each of the components of PICO. Specifically, describe the time at which eligibility criteria (P) were set, the time at which the interventions or treatment strategies (I, C) were assigned, and the time zero of follow-up when outcome events started to be counted. In addition, describe the timing of the components of interventions I and C during the follow-up. Provide rationale if not relevant.",Methodology,english,km
guise_2017,guise_2017,guise_2017_item19,methods,Methods,12,"Describe methods used for assessing risk of bias of individual studies (including specification of whether this was done at the study or outcome level), and how this information is to be used in any data synthesis",Methodology,english,km
guise_2017,guise_2017,guise_2017_item2,title,Abstract,2,"Provide a structured summary including, as applicable: background; objectives; data sources; study eligibility criteria, participants, and interventions; study appraisal and synthesis methods; results; limitations; conclusions and implications of key findings; systematic review registration number.",Abstract,english,km
guise_2017,guise_2017,guise_2017_item20,methods,Methods,13,"State the principal summary measures (e.g., risk ratio, difference in means).",Methodology,english,km
guise_2017,guise_2017,guise_2017_item21,methods,Methods,14,"Describe the methods of handling data and combining results of studies, if done, including measures of consistency (e.g., I2) for each meta-analysis",Methodology,english,km
guise_2017,guise_2017,guise_2017_item22,methods,Methods,15,"Specify any assessment of risk of bias that may affect the cumulative evidence (e.g., publication bias, selective reporting within studies)",Methodology,english,km
guise_2017,guise_2017,guise_2017_item23,methods,Methods,16,"Describe methods of additional analyses (e.g., sensitivity or subgroup analyses, meta-regression), if done, indicating which were prespecified.",Methodology,english,km
guise_2017,guise_2017,guise_2017_item24,methods,Results,17,"Give numbers of studies screened, assessed for eligibility, and included in the review, with reasons for exclusions at each stage, ideally with a flow diagram.",Results,english,km
guise_2017,guise_2017,guise_2017_item25,results,Results,18,"For each study, present characteristics for which data were extracted (e.g., study size, PICOS, follow-up period) and provide the citations.",Results,english,km
guise_2017,guise_2017,guise_2017_item26,results,Results,19,"Present data on risk of bias of each study and, if available, any outcome level assessment (see item 12).",Results,english,km
guise_2017,guise_2017,guise_2017_item27,results,Results,20,"For all outcomes considered (benefits or harms), present, for each study: (1) simple summary data for each intervention group; (2) effect estimates and confidence intervals, ideally with a forest plot.",Results,english,km
guise_2017,guise_2017,guise_2017_item28,results,Results,21,"Present results of each meta-analysis done, including confidence intervals and measures of consistency.",Results,english,km
guise_2017,guise_2017,guise_2017_item29,results,Results,22,Present results of any assessment of risk of bias across studies (see item 15).,Results,english,km
guise_2017,guise_2017,guise_2017_item3,abstract,Introduction,3,Describe the rationale for the review in the context of what is already known.,Introduction ,english,km
guise_2017,guise_2017,guise_2017_item30,results,Results,23,"Give results of additional analyses, if done (e.g., sensitivity or subgroup analyses, meta-regression [see item 16]).",Results,english,km
guise_2017,guise_2017,guise_2017_item31,results,Discussion,24,"Summarize the main findings including the strength of evidence for each main outcome; consider their relevance to key groups (e.g., health care providers, users, and policy makers)",Discussion ,english,km
guise_2017,guise_2017,guise_2017_item32,discussion,Discussion,25,"Discuss limitations at study and * outcome level (e.g., risk of bias), and at review-level (e.g., incomplete retrieval of identified research, reporting bias).",Discussion ,english,km
guise_2017,guise_2017,guise_2017_item33,discussion,Discussion,26,Provide a general interpretation of the results in the context of other evidence and implications for future research.,Discussion ,english,km
guise_2017,guise_2017,guise_2017_item34,discussion,Funding,27,"Describe sources of funding for the systematic review and other support (e.g., supply of data); role of funders for the systematic review.",Other Information,english,km
guise_2017,guise_2017,guise_2017_item4,introduction,Introduction,4,Provide an explicit statement of questions being addressed with reference to PICOS,Introduction ,english,km
guise_2017,guise_2017,guise_2017_item5,introduction,Introduction,4_extension,Include in this statement the sources of complexity of primary interest (see definition of complex intervention),Introduction ,english,km
guise_2017,guise_2017,guise_2017_item6,introduction,Methods,5,"Indicate if a review protocol exists, if and where it can be accessed (e.g., Web address), and, if available, provide registration information including registration number.",Other Information,english,km
guise_2017,guise_2017,guise_2017_item7,methods,Methods,6,"Specify study characteristics (e.g., PICOS, length of follow-up) and report characteristics (e.g., years considered, language, publication status) used as criteria for eligibility, giving rationale.",Methodology,english,km
guise_2017,guise_2017,guise_2017_item8,methods,Methods,7,"Describe all information sources (e.g., databases with dates of coverage, contact with study authors to identify additional studies) in the search and date last searched",Methodology,english,km
guise_2017,guise_2017,guise_2017_item9,methods,Methods,8,"Present full electronic search strategy for at least one database, including any limits, used, such that it could be repeated.",Methodology,english,km
haddaway_2018,haddaway_2018_systematic.map.protocol,haddaway_2018_systematic.map.protocol_item1,Title,Title,NA,"The title must indicate that it is either a systematic review or systematic map protocol, and must indicate if it is an update/amendment: e.g. 'A systematic map update protocol...'.",Title,english,km
haddaway_2018,haddaway_2018_systematic.map.protocol,haddaway_2018_systematic.map.protocol_item10,Searches,Search string,NA,Provide Boolean-style full search string and state the platform for which the string is formatted (e.g. Web of Science format),Methodology,english,km
haddaway_2018,haddaway_2018_systematic.map.protocol,haddaway_2018_systematic.map.protocol_item11,Searches,Languages ‚Äì bibliographic databases,NA,List languages to be used in bibliographic database searches.,Methodology,english,km
haddaway_2018,haddaway_2018_systematic.map.protocol,haddaway_2018_systematic.map.protocol_item12,Searches,Languages ‚Äì grey literature,NA,List languages to be used in organizational websites searches and web-based search engines.,Methodology,english,km
haddaway_2018,haddaway_2018_systematic.map.protocol,haddaway_2018_systematic.map.protocol_item13,Searches,Bibliographic databases,NA,Provide the number of bibliographic databases searched,Methodology,english,km
haddaway_2018,haddaway_2018_systematic.map.protocol,haddaway_2018_systematic.map.protocol_item14,Searches,Web ‚Äì based search engines,NA,Provide the number of web-based search engines searched,Methodology,english,km
haddaway_2018,haddaway_2018_systematic.map.protocol,haddaway_2018_systematic.map.protocol_item15,Searches,Organisational websites,NA,Provide the number of organisational websites searched,Methodology,english,km
haddaway_2018,haddaway_2018_systematic.map.protocol,haddaway_2018_systematic.map.protocol_item16,Searches,Estimating the comprehensiveness of the search,NA,Describe the process by which the comprehensiveness of the search strategy was assessed (i.e. list of benchmark articles).,Methodology,english,km
haddaway_2018,haddaway_2018_systematic.map.protocol,haddaway_2018_systematic.map.protocol_item17,Searches,Search update,NA,Describe any plans to update the searches during the conduct of the review.,Methodology,english,km
haddaway_2018,haddaway_2018_systematic.map.protocol,haddaway_2018_systematic.map.protocol_item18,Article screening and study inclusion criteria,Screening strategy,NA,Describe the methodology for screening articles/studies for relevance/eligibility.,Methodology,english,km
haddaway_2018,haddaway_2018_systematic.map.protocol,haddaway_2018_systematic.map.protocol_item19,Article screening and study inclusion criteria,Consistency checking,NA,Describe clearly the process for checking consistency of decisions and how many will be checked by more than one reviewer.,Methodology,english,km
haddaway_2018,haddaway_2018_systematic.map.protocol,haddaway_2018_systematic.map.protocol_item2,Type of review,Type of review,NA,"Select one of the following types of review: systematic review, systematic review update, systematic review amendment, systematic review from a systematic map, systematic map, systematic map update, systematic map amendment",Title,english,km
haddaway_2018,haddaway_2018_systematic.map.protocol,haddaway_2018_systematic.map.protocol_item20,Article screening and study inclusion criteria,Inclusion criteria,NA,Describe the inclusion criteria used to assess relevance of identified articles/studies. These must be broken down into question key elements and other restrictions.,Methodology,english,km
haddaway_2018,haddaway_2018_systematic.map.protocol,haddaway_2018_systematic.map.protocol_item21,Article screening and study inclusion criteria,Reasons for exclusion,NA,State that you will provide a list of articles excluded at full text with reasons for exclusion.,Results,english,km
haddaway_2018,haddaway_2018_systematic.map.protocol,haddaway_2018_systematic.map.protocol_item22,Critical appraisal,Critical appraisal strategy,NA,Describe the method you propose for critical appraisal of study validity (including assessment of individual studies and the evidence base as a whole).,Methodology,english,km
haddaway_2018,haddaway_2018_systematic.map.protocol,haddaway_2018_systematic.map.protocol_item23,Critical appraisal,Critical appraisal used in synthesis,NA,Describe how the information from critical appraisal will be used in synthesis.,Methodology,english,km
haddaway_2018,haddaway_2018_systematic.map.protocol,haddaway_2018_systematic.map.protocol_item24,Critical appraisal,Consistency checking,NA,Describe how repeatability of critical appraisal of study validity will be tested.,Methodology,english,km
haddaway_2018,haddaway_2018_systematic.map.protocol,haddaway_2018_systematic.map.protocol_item25,Data extraction,Meta-data extraction and coding strategy,NA,"Describe the method for meta-data extraction and coding for studies (potentially providing forms/data sheets (ideally piloted), list of variables to be extracted).",Methodology,english,km
haddaway_2018,haddaway_2018_systematic.map.protocol,haddaway_2018_systematic.map.protocol_item26,Data synthesis and presentation,Type of synthesis,NA,State the type of synthesis conducted as part of the systematic map or systematic review.,Methodology,english,km
haddaway_2018,haddaway_2018_systematic.map.protocol,haddaway_2018_systematic.map.protocol_item27,Data synthesis and presentation,Narrative synthesis strategy,NA,"Describe methods to be used for narratively synthesising the evidence base in the form of descriptive statistics, tables and figures.",Methodology,english,km
haddaway_2018,haddaway_2018_systematic.map.protocol,haddaway_2018_systematic.map.protocol_item28,Data synthesis and presentation,Knowledge gap and cluster identification strategy,NA,Describe the methods to be used to identify and/or prioritise key knowledge gaps and knowledge clusters.,Methodology,english,km
haddaway_2018,haddaway_2018_systematic.map.protocol,haddaway_2018_systematic.map.protocol_item29,Data synthesis and presentation,Demonstrating procedural independence,NA,Describe the role of systematic reviewers in decisions regarding inclusion or appraisal of their own work.,Methodology,english,km
haddaway_2018,haddaway_2018_systematic.map.protocol,haddaway_2018_systematic.map.protocol_item3,Authors contacts,Authors contacts,NA,"The full names, institutional addresses, and email addresses for all authors must be provided.",Other Information,english,km
haddaway_2018,haddaway_2018_systematic.map.protocol,haddaway_2018_systematic.map.protocol_item4,Abstract,Structured summary,NA,"Abstract must not exceed 350 words and must include two sections 1) Background, the context and purpose of the review, including the review question; 2) Methods, how the review will be conducted and the outputs that are expected (specifically mention search strategy, inclusion criteria, critical appraisal, data extraction and synthesis).",Abstract,english,km
haddaway_2018,haddaway_2018_systematic.map.protocol,haddaway_2018_systematic.map.protocol_item5,Background,Background,NA,Describe the rationale for the review in the context of what is already known. Protocol must indicate why this study was necessary and what it aims to contribute to the field.,Introduction,english,km
haddaway_2018,haddaway_2018_systematic.map.protocol,haddaway_2018_systematic.map.protocol_item6,Stakeholder engagement,Stakeholder engagement,NA,The planned/actual role of stakeholders throughout the review process (e.g. in the formulation of the question) must be described and explained,Introduction,english,km
haddaway_2018,haddaway_2018_systematic.map.protocol,haddaway_2018_systematic.map.protocol_item7,Objective of the review,Objective,NA,Describe the primary question and secondary questions (when applicable).,Introduction,english,km
haddaway_2018,haddaway_2018_systematic.map.protocol,haddaway_2018_systematic.map.protocol_item8,Objective of the review,Definitions of the question components,NA,"Break down and summarise question key elements e.g. population, intervention(s)/exposure(s), comparator(s), and outcome(s).",Introduction,english,km
haddaway_2018,haddaway_2018_systematic.map.protocol,haddaway_2018_systematic.map.protocol_item9,Searches,Search strategy,NA,"Detail the planned search strategy to be used, including: database names accessed, institutional subscriptions, search options, grey literature, and other sources.",Methodology,english,km
haddaway_2018,haddaway_2018_systematic.map,haddaway_2018_systematic.map_item1,Title,Title,NA,"The title must indicate that it is a systematic map, and should indicate if it is an update/amendment: e.g. ""ÖA systematic map update.""",Title,english,km
haddaway_2018,haddaway_2018_systematic.map,haddaway_2018_systematic.map_item10,Methods,Deviations from protocol,NA,Describe any ways in which the final methods of the review deviate from those set out in the protocol along with a justification.,Methodology,english,km
haddaway_2018,haddaway_2018_systematic.map,haddaway_2018_systematic.map_item11,Searches,Search strategy,NA,"Detail the search strategy used, including: database names accessed, dates of searching, institutional subscriptions (or date ranges subscribed for each database), search options (e.g. ëtopic wordsí or ëfull textí search facility), efforts to source grey literature, other sources of evidence (e.g. hand searching, calls for evidence/submission of evidence by stakeholders). ",Methodology,english,km
haddaway_2018,haddaway_2018_systematic.map,haddaway_2018_systematic.map_item12,Searches,Search string,NA,Provide Boolean-style full search string and state the platform for which the string is formatted (e.g. Web of Science format),Methodology,english,km
haddaway_2018,haddaway_2018_systematic.map,haddaway_2018_systematic.map_item13,Searches,Languages - bibliographic databases,NA,List languages used in bibliographic database searches,Methodology,english,km
haddaway_2018,haddaway_2018_systematic.map,haddaway_2018_systematic.map_item14,Searches,Languages ñ grey literature,NA,List languages used in organisational website searches and web-based search engines,Methodology,english,km
haddaway_2018,haddaway_2018_systematic.map,haddaway_2018_systematic.map_item15,Searches,Bibliographic databases,NA,Provide the number of bibliographic databases searched,Methodology,english,km
haddaway_2018,haddaway_2018_systematic.map,haddaway_2018_systematic.map_item16,Searches,Web-based search engines,NA,Provide the number of web-based search engines searched,Methodology,english,km
haddaway_2018,haddaway_2018_systematic.map,haddaway_2018_systematic.map_item17,Searches,Organisational websites,NA,Provide the number of organisational websites searched,Methodology,english,km
haddaway_2018,haddaway_2018_systematic.map,haddaway_2018_systematic.map_item18,Searches,Estimating comprehensiveness of the search,NA,Describe the process by which the comprehensiveness of the search strategy was assessed (i.e. list of benchmark articles),Methodology,english,km
haddaway_2018,haddaway_2018_systematic.map,haddaway_2018_systematic.map_item19,Searches,Search update,NA,Describe any update to searches undertaken during the conduct of the review,Methodology,english,km
haddaway_2018,haddaway_2018_systematic.map,haddaway_2018_systematic.map_item2,Type of review,Type of review,NA,"Select one of the following types of review: systematic map, systematic map update, systematic map amendment",Title,english,km
haddaway_2018,haddaway_2018_systematic.map,haddaway_2018_systematic.map_item20,Article screening and study inclusion criteria,Screening strategy,NA,"Describe the methodology for screening articles/studies for relevance. Methods for consistency of screening decisions (at title, abstract, and full texts levels) checking must be described.",Methodology,english,km
haddaway_2018,haddaway_2018_systematic.map,haddaway_2018_systematic.map_item21,Article screening and study inclusion criteria,Inclusion criteria,NA,"Describe the inclusion criteria used to assess relevance of identified articles/studies. These must be broken down into the question key elements (e.g. relevant subject(s), intervention(s)/exposure(s), comparator(s), outcome(s), study design(s)) and any other restrictions (e.g. date ranges or languages).",Methodology,english,km
haddaway_2018,haddaway_2018_systematic.map,haddaway_2018_systematic.map_item22,Critical appraisal,Critical appraisal strategy,NA,Describe here the method used for critical appraisal of study validity (including assessment of individual studies and the evidence base as a whole). Describe how repeatability of critical appraisal of study validity was tested.,Methodology,english,km
haddaway_2018,haddaway_2018_systematic.map,haddaway_2018_systematic.map_item23,Critical appraisal,Critical appraisal used in synthesis,NA,Describe how the information from critical appraisal was used in synthesis. ,Methodology,english,km
haddaway_2018,haddaway_2018_systematic.map,haddaway_2018_systematic.map_item24,Meta-data extraction and coding strategy,Meta-data extraction and coding strategy,NA,"Describe the method for meta-data extraction and coding for studies, providing lists of variables that will be extracted as meta-data and those that will be coded. Describe how repeatability of meta-data/data extraction and coding was tested.",Methodology,english,km
haddaway_2018,haddaway_2018_systematic.map,haddaway_2018_systematic.map_item25,Meta-data extraction and coding strategy,Approaches to missing data,NA,Describe any process for obtaining and confirming missing or unclear information or data from authors.,Methodology,english,km
haddaway_2018,haddaway_2018_systematic.map,haddaway_2018_systematic.map_item26,Data synthesis and presentation,Narrative synthesis strategy,NA,"Describe methods used for narratively synthesising the evidence base in the form of descriptive statistics, tables (including SM database) and figures.",Methodology,english,km
haddaway_2018,haddaway_2018_systematic.map,haddaway_2018_systematic.map_item27,Data synthesis and presentation,Knowledge gap and cluster identification strategy,NA,Describe the methods used to identify and/or prioritise key knowledge gaps (unrepresented or underrepresented subtopics that warrant further primary research) and knowledge clusters (well-represented subtopics that are amenable to full synthesis via systematic review).,Methodology,english,km
haddaway_2018,haddaway_2018_systematic.map,haddaway_2018_systematic.map_item28,Data synthesis and presentation,Demonstrating procedural independence,NA,Describe the role of systematic reviewers (who have also authored articles to be considered within the review) in decisions regarding inclusion or critical appraisal of their own work.,Methodology,english,km
haddaway_2018,haddaway_2018_systematic.map,haddaway_2018_systematic.map_item29,Results (review findings),Description of review process,NA,"Describe the review process including the volume of evidence identified from all sources and retained through each stage of the review. Must also display the number of articles/studies included at all stages of the review in a flow diagram, including the number of articles/studies excluded at each stage. ",Results,english,km
haddaway_2018,haddaway_2018_systematic.map,haddaway_2018_systematic.map_item3,Authors' contacts,Authors' contacts,NA,"The full names, institutional addresses and email addresses for all authors must be provided.",Other Information,english,km
haddaway_2018,haddaway_2018_systematic.map,haddaway_2018_systematic.map_item30,Results (review findings),Number of search results,NA,Provide the number of search results from bibliographic databases (including updates if conducted) prior to duplicate removal. ,Results,english,km
haddaway_2018,haddaway_2018_systematic.map,haddaway_2018_systematic.map_item31,Results (review findings),Number of search results after duplicate removal,NA,Provide the total number of search results from bibliographic database searches following duplicate removal.,Results,english,km
haddaway_2018,haddaway_2018_systematic.map,haddaway_2018_systematic.map_item32,Results (review findings),Full text screening excludes,NA,Additional file containing list of and reasons for full text exclusions.,Results,english,km
haddaway_2018,haddaway_2018_systematic.map,haddaway_2018_systematic.map_item33,Results (review findings),Title screening results,NA,Provide the number of articles retained following title screening.,Results,english,km
haddaway_2018,haddaway_2018_systematic.map,haddaway_2018_systematic.map_item34,Results (review findings),Abstract screening results,NA,Provide the number of articles retained following abstract screening.,Results,english,km
haddaway_2018,haddaway_2018_systematic.map,haddaway_2018_systematic.map_item35,Results (review findings),Title and abstract screening results,NA,Provide the number of articles retained following title and abstract screening.,Results,english,km
haddaway_2018,haddaway_2018_systematic.map,haddaway_2018_systematic.map_item36,Results (review findings),Retrieval results,NA,Provide the number of articles retrieved at full text.,Results,english,km
haddaway_2018,haddaway_2018_systematic.map,haddaway_2018_systematic.map_item37,Results (review findings),Unobtainable articles,NA,Additional file containing list of unobtainable articles.,Results,english,km
haddaway_2018,haddaway_2018_systematic.map,haddaway_2018_systematic.map_item38,Results (review findings),Full text screening results,NA,Provide the number of articles retained following full text screening.,Results,english,km
haddaway_2018,haddaway_2018_systematic.map,haddaway_2018_systematic.map_item39,Results (review findings),Consistency checking: screening,NA,"Results of consistency checking at all stages (screening, meta-data extraction and coding, critical appraisal) must be provided. Provide the number of titles, abstracts and full texts screened and checked for consistency by two or more reviewers as a fraction of the total (e.g. Title: 2000/20000; Abstract: 500/5000: Full text: 10/100).",Results,english,km
haddaway_2018,haddaway_2018_systematic.map,haddaway_2018_systematic.map_item4,Abstract,Structured summary,NA,"The abstract of the manuscript must not exceed 500 words and must be structured into separate sections: Background, the context and purpose of the review, including the review question; Methods, how the review was performed (specifically mention search strategy, inclusion criteria, critical appraisal (optional), meta-data extraction and coding, and narrative synthesis); Results, the main findings, including results of search and assessment of evidence base; Conclusions, brief summary and potential implications for policy/management and research.",Abstract,english,km
haddaway_2018,haddaway_2018_systematic.map,haddaway_2018_systematic.map_item40,Results (review findings),Narrative synthesis,NA,"Describe the body of evidence identified using figures and tables, avoiding vote-counting (tallying of studies based on results; direction or significance). Each must be presented with descriptive information (meta-data). Describe the validity of individual studies and the evidence base as a whole (if critical appraisal conducted).",Results,english,km
haddaway_2018,haddaway_2018_systematic.map,haddaway_2018_systematic.map_item41,Results (review findings),Systematic map database,NA,Additional file containing meta-data and coding for included studies.,Methodology,english,km
haddaway_2018,haddaway_2018_systematic.map,haddaway_2018_systematic.map_item42,Results (review findings),Limitations of the review,NA,Discuss possible limitations in the methods used.,Discussion,english,km
haddaway_2018,haddaway_2018_systematic.map,haddaway_2018_systematic.map_item43,Results (review findings),Limitations of the evidence base,NA,Discuss possible limitations in the evidence base.,Discussion,english,km
haddaway_2018,haddaway_2018_systematic.map,haddaway_2018_systematic.map_item44,Conclusions,Knowledge gaps and clusters,NA,Describe knowledge gaps (unrepresented or underrepresented subtopics that warrant further primary research) and knowledge clusters (well-represented subtopics that are amenable to full synthesis via systematic review),Discussion,english,km
haddaway_2018,haddaway_2018_systematic.map,haddaway_2018_systematic.map_item45,Conclusions,Implications for policy/management,NA,Summarise the state of the evidence base and discuss the way in which the identified evidence may inform policy/practice decision making in relation to the review/map question.,Discussion,english,km
haddaway_2018,haddaway_2018_systematic.map,haddaway_2018_systematic.map_item46,Conclusions,Implications for research,NA,Discuss the way in which the identified evidence may inform research including options for increasing the reliability of study design that could improve future research.†,Discussion,english,km
haddaway_2018,haddaway_2018_systematic.map,haddaway_2018_systematic.map_item47,Declarations,Competing interests,NA,Describe of any financial or non-financial competing interests that the review authors may have. ,Other Information,english,km
haddaway_2018,haddaway_2018_systematic.map,haddaway_2018_systematic.map_item5,Background,Background,NA,Describe the rationale for the review in the context of what is already known. Reviews must indicate why this study was necessary and what it aims to contribute to the field. ,Introduction,english,km
haddaway_2018,haddaway_2018_systematic.map,haddaway_2018_systematic.map_item6,Stakeholder engagement,Stakeholder engagement,NA,"The actual role of stakeholders throughout the review process (e.g. in the†formulation of the question) must be described and explained (using a broad definition of ëstakeholderí, including e.g. researchers, funders and other decision-makers; see [3])",Introduction,english,km
haddaway_2018,haddaway_2018_systematic.map,haddaway_2018_systematic.map_item7,Objective of the review,Objective,NA,Describe the primary question and secondary questions (when applicable). ,Introduction,english,km
haddaway_2018,haddaway_2018_systematic.map,haddaway_2018_systematic.map_item8,Objective of the review,Definition of the question components,NA,"Provide reference to the question key elements, e.g. population(s), intervention(s)/exposure(s), comparator(s), and outcome(s).",Introduction,english,km
haddaway_2018,haddaway_2018_systematic.map,haddaway_2018_systematic.map_item9,Methods,Protocol,NA,"Provide citation, DOI or open-access link to published protocol.",Other Information,english,km
haddaway_2018,haddaway_2018_systematic.review.protocol,haddaway_2018_systematic.review.protocol_item1,Title,Title,NA,"The title must indicate that it is either a systematic review or systematic map protocol, and must indicate if it is an update/amendment: e.g. 'A systematic map update protocol...'.",Title,english,km
haddaway_2018,haddaway_2018_systematic.review.protocol,haddaway_2018_systematic.review.protocol_item10,Searches,Search string,NA,Provide Boolean-style full search string and state the platform for which the string is formatted (e.g. Web of Science format),Methodology,english,km
haddaway_2018,haddaway_2018_systematic.review.protocol,haddaway_2018_systematic.review.protocol_item11,Searches,Languages ‚Äì bibliographic databases,NA,List languages to be used in bibliographic database searches.,Methodology,english,km
haddaway_2018,haddaway_2018_systematic.review.protocol,haddaway_2018_systematic.review.protocol_item12,Searches,Languages ‚Äì grey literature,NA,List languages to be used in organizational websites searches and web-based search engines.,Methodology,english,km
haddaway_2018,haddaway_2018_systematic.review.protocol,haddaway_2018_systematic.review.protocol_item13,Searches,Bibliographic databases,NA,Provide the number of bibliographic databases to be searched.,Methodology,english,km
haddaway_2018,haddaway_2018_systematic.review.protocol,haddaway_2018_systematic.review.protocol_item14,Searches,Web ‚Äì based search engines,NA,Provide the number of web ‚Äì based search engines to be searched.,Methodology,english,km
haddaway_2018,haddaway_2018_systematic.review.protocol,haddaway_2018_systematic.review.protocol_item15,Searches,Organisational websites,NA,Provide the number of organisational websites to be searched.,Methodology,english,km
haddaway_2018,haddaway_2018_systematic.review.protocol,haddaway_2018_systematic.review.protocol_item16,Searches,Estimating the comprehensiveness of the search,NA,Describe the process by which the comprehensiveness of the search strategy was assessed (i.e. list of benchmark articles).,Methodology,english,km
haddaway_2018,haddaway_2018_systematic.review.protocol,haddaway_2018_systematic.review.protocol_item17,Searches,Search update,NA,Describe any plans to update the searches during the conduct of the review.,Methodology,english,km
haddaway_2018,haddaway_2018_systematic.review.protocol,haddaway_2018_systematic.review.protocol_item18,Article screening and study inclusion criteria,Screening strategy,NA,Describe the methodology for screening articles/studies for relevance/eligibility.,Methodology,english,km
haddaway_2018,haddaway_2018_systematic.review.protocol,haddaway_2018_systematic.review.protocol_item19,Article screening and study inclusion criteria,Consistency checking,NA,Describe clearly the process for checking consistency of decisions and how many will be checked by more than one reviewer.,Methodology,english,km
haddaway_2018,haddaway_2018_systematic.review.protocol,haddaway_2018_systematic.review.protocol_item2,Type of review,Type of review,NA,"Select one of the following types of review: systematic review, systematic review update, systematic review amendment, systematic review from a systematic map, systematic map, systematic map update, systematic map amendment",Title,english,km
haddaway_2018,haddaway_2018_systematic.review.protocol,haddaway_2018_systematic.review.protocol_item20,Article screening and study inclusion criteria,Inclusion criteria,NA,Describe the inclusion criteria used to assess relevance of identified articles/studies. These must be broken down into question key elements and other restrictions.,Methodology,english,km
haddaway_2018,haddaway_2018_systematic.review.protocol,haddaway_2018_systematic.review.protocol_item21,Article screening and study inclusion criteria,Reasons for exclusion,NA,State that you will provide a list of articles excluded at full text with reasons for exclusion.,Results,english,km
haddaway_2018,haddaway_2018_systematic.review.protocol,haddaway_2018_systematic.review.protocol_item22,Critical appraisal,Critical appraisal strategy,NA,Describe the method you propose for critical appraisal of study validity (including assessment of individual studies and the evidence base as a whole).,Methodology,english,km
haddaway_2018,haddaway_2018_systematic.review.protocol,haddaway_2018_systematic.review.protocol_item23,Critical appraisal,Critical appraisal used in synthesis,NA,Describe how the information from critical appraisal will be used in synthesis.,Methodology,english,km
haddaway_2018,haddaway_2018_systematic.review.protocol,haddaway_2018_systematic.review.protocol_item24,Critical appraisal,Consistency checking,NA,Describe how repeatability of critical appraisal of study validity will be tested.,Methodology,english,km
haddaway_2018,haddaway_2018_systematic.review.protocol,haddaway_2018_systematic.review.protocol_item25,Data extraction,Meta-data extraction and coding strategy,NA,"Describe the method for meta-data extraction and coding for studies (potentially providing forms/data sheets (ideally piloted), list of variables to be extracted).",Methodology,english,km
haddaway_2018,haddaway_2018_systematic.review.protocol,haddaway_2018_systematic.review.protocol_item26,Data extraction,Data extraction strategy,NA,Describe the method for extraction of qualitative and/or quantitative study findings (potentially providing forms/data sheets (ideally piloted)).,Methodology,english,km
haddaway_2018,haddaway_2018_systematic.review.protocol,haddaway_2018_systematic.review.protocol_item27,Data extraction,Approaches to missing data,NA,Describe any processes for obtaining and confirming missing or unclear information or data from authors.,Methodology,english,km
haddaway_2018,haddaway_2018_systematic.review.protocol,haddaway_2018_systematic.review.protocol_item28,Data extraction,Consistency checking,NA,Describe how repeatability of the meta-data/data extraction process will be tested.,Methodology,english,km
haddaway_2018,haddaway_2018_systematic.review.protocol,haddaway_2018_systematic.review.protocol_item29,Potential effect modifiers/reasons for heterogeneity,Potential effect modifiers/reasons for heterogeneity,NA,Provide a list of and justification for the effect modifiers /reasons for heterogeneity that will be considered in the review.,Methodology,english,km
haddaway_2018,haddaway_2018_systematic.review.protocol,haddaway_2018_systematic.review.protocol_item3,Authors contacts,Authors contacts,NA,"The full names, institutional addresses, and email addresses for all authors must be provided.",Other Information,english,km
haddaway_2018,haddaway_2018_systematic.review.protocol,haddaway_2018_systematic.review.protocol_item30,Data synthesis and presentation,Type of synthesis,NA,State the type of synthesis conducted as part of the systematic map or systematic review.,Methodology,english,km
haddaway_2018,haddaway_2018_systematic.review.protocol,haddaway_2018_systematic.review.protocol_item31,Data synthesis and presentation,Narrative synthesis strategy,NA,"Describe methods to be used for narratively synthesising the evidence base in the form of descriptive statistics, tables and figures.",Methodology,english,km
haddaway_2018,haddaway_2018_systematic.review.protocol,haddaway_2018_systematic.review.protocol_item32,Data synthesis and presentation,Quantitative synthesis strategy,NA,"If data are appropriate for quantitative synthesis, describe planned methods for calculating effect sizes, combining data, and exploring heterogeneity.",Methodology,english,km
haddaway_2018,haddaway_2018_systematic.review.protocol,haddaway_2018_systematic.review.protocol_item33,Data synthesis and presentation,Qualitative synthesis strategy,NA,Describe methods to be used for synthesising qualitative data and justify your methodological choice.,Methodology,english,km
haddaway_2018,haddaway_2018_systematic.review.protocol,haddaway_2018_systematic.review.protocol_item34,Data synthesis and presentation,Other synthesis strategies,NA,Describe any other approaches to be used for synthesising data or combining qualitative and quantitative synthesis (e.g. mixed-methods).,Methodology,english,km
haddaway_2018,haddaway_2018_systematic.review.protocol,haddaway_2018_systematic.review.protocol_item35,Data synthesis and presentation,Assessment of risk of publication bias,NA,Describe planned methods for examining the possible influence of publication bias on the synthesis.,Methodology,english,km
haddaway_2018,haddaway_2018_systematic.review.protocol,haddaway_2018_systematic.review.protocol_item36,Data synthesis and presentation,Knowledge gap and cluster identification strategy,NA,Describe the methods to be used to identify and/or prioritise key knowledge gaps and knowledge clusters.,Methodology,english,km
haddaway_2018,haddaway_2018_systematic.review.protocol,haddaway_2018_systematic.review.protocol_item37,Data synthesis and presentation,Demonstrating procedural independence,NA,Describe the role of systematic reviewers in decisions regarding inclusion or appraisal of their own work.,Methodology,english,km
haddaway_2018,haddaway_2018_systematic.review.protocol,haddaway_2018_systematic.review.protocol_item4,Abstract,Structured summary,NA,"Abstract must not exceed 350 words and must include two sections 1) Background, the context and purpose of the review, including the review question; 2) Methods, how the review will be conducted and the outputs that are expected (specifically mention search strategy, inclusion criteria, critical appraisal, data extraction and synthesis).",Abstract,english,km
haddaway_2018,haddaway_2018_systematic.review.protocol,haddaway_2018_systematic.review.protocol_item5,Background,Background,NA,Describe the rationale for the review in the context of what is already known. Protocol must indicate why this study was necessary and what it aims to contribute to the field.,Introduction,english,km
haddaway_2018,haddaway_2018_systematic.review.protocol,haddaway_2018_systematic.review.protocol_item6,Stakeholder engagement,Stakeholder engagement,NA,The planned/actual role of stakeholders throughout the review process (e.g. in the formulation of the question) must be described and explained,Introduction,english,km
haddaway_2018,haddaway_2018_systematic.review.protocol,haddaway_2018_systematic.review.protocol_item7,Objective of the review,Objective,NA,Describe the primary question and secondary questions (when applicable).,Introduction,english,km
haddaway_2018,haddaway_2018_systematic.review.protocol,haddaway_2018_systematic.review.protocol_item8,Objective of the review,Definitions of the question components,NA,"Break down and summarise question key elements e.g. population, intervention(s)/exposure(s), comparator(s), and outcome(s).",Introduction,english,km
haddaway_2018,haddaway_2018_systematic.review.protocol,haddaway_2018_systematic.review.protocol_item9,Searches,Search strategy,NA,"Detail the planned search strategy to be used, including: database names accessed, institutional subscriptions, search options, grey literature, and other sources.",Methodology,english,km
haddaway_2018,haddaway_2018_systematic.review,haddaway_2018_systematic.review_item1,Title,Title,NA,"The title must indicate that it is a systematic review, and should indicate if it is an update/amendment: e.g. ""ÖA systematic review update.""",Title,english,km
haddaway_2018,haddaway_2018_systematic.review,haddaway_2018_systematic.review_item10,Methods,Deviations from protocol,NA,Describe any ways in which the final methods of the review deviate from those set out in the protocol along with a justification.,Methodology,english,km
haddaway_2018,haddaway_2018_systematic.review,haddaway_2018_systematic.review_item11,Searches,Search strategy,NA,"Detail the search strategy used, including: database names accessed, dates of searching, institutional subscriptions (or date ranges subscribed for each database), search options (e.g. ëtopic wordsí or ëfull textí search facility), efforts to source grey literature, other sources of evidence (e.g. hand searching, calls for evidence/submission of evidence by stakeholders). ",Methodology,english,km
haddaway_2018,haddaway_2018_systematic.review,haddaway_2018_systematic.review_item12,Searches,Search string,NA,Provide Boolean-style full search string and state the platform for which the string is formatted (e.g. Web of Science format),Methodology,english,km
haddaway_2018,haddaway_2018_systematic.review,haddaway_2018_systematic.review_item13,Searches,Languages - bibliographic databases,NA,List languages used in bibliographic database searches,Methodology,english,km
haddaway_2018,haddaway_2018_systematic.review,haddaway_2018_systematic.review_item14,Searches,Languages ñ grey literature,NA,List languages used in organisational website searches and web-based search engines,Methodology,english,km
haddaway_2018,haddaway_2018_systematic.review,haddaway_2018_systematic.review_item15,Searches,Bibliographic databases,NA,Provide the number of bibliographic databases searched,Methodology,english,km
haddaway_2018,haddaway_2018_systematic.review,haddaway_2018_systematic.review_item16,Searches,Web-based search engines,NA,Provide the number of web-based search engines searched,Methodology,english,km
haddaway_2018,haddaway_2018_systematic.review,haddaway_2018_systematic.review_item17,Searches,Organisational websites,NA,Provide the number of organisational websites searched,Methodology,english,km
haddaway_2018,haddaway_2018_systematic.review,haddaway_2018_systematic.review_item18,Searches,Estimating comprehensiveness of the search,NA,Describe the process by which the comprehensiveness of the search strategy was assessed (i.e. list of benchmark articles),Methodology,english,km
haddaway_2018,haddaway_2018_systematic.review,haddaway_2018_systematic.review_item19,Searches,Search update,NA,Describe any update to searches undertaken during the conduct of the review,Methodology,english,km
haddaway_2018,haddaway_2018_systematic.review,haddaway_2018_systematic.review_item2,Type of review,Type of review,NA,"Select one of the following types of review: systematic review, systematic review update, systematic review amendment, systematic review from a systematic map",Title,english,km
haddaway_2018,haddaway_2018_systematic.review,haddaway_2018_systematic.review_item20,Article screening and study inclusion criteria,Screening strategy,NA,"Describe the methodology for screening articles/studies for relevance. Methods for consistency of screening decisions (at title, abstract, and full texts levels) checking must be described.",Methodology,english,km
haddaway_2018,haddaway_2018_systematic.review,haddaway_2018_systematic.review_item21,Article screening and study inclusion criteria,Inclusion criteria,NA,"Describe the inclusion criteria used to assess relevance of identified articles/studies. These must be broken down into the question key elements (e.g. relevant subject(s), intervention(s)/exposure(s), comparator(s), outcome(s), study design(s)) and any other restrictions (e.g. date ranges or languages).",Methodology,english,km
haddaway_2018,haddaway_2018_systematic.review,haddaway_2018_systematic.review_item22,Critical appraisal,Critical appraisal strategy,NA,Describe here the method used for critical appraisal of study validity (including assessment of individual studies and the evidence base as a whole). Describe how repeatability of critical appraisal of study validity was tested.,Methodology,english,km
haddaway_2018,haddaway_2018_systematic.review,haddaway_2018_systematic.review_item23,Critical appraisal,Critical appraisal used in synthesis,NA,Describe how the information from critical appraisal was used in synthesis. ,Methodology,english,km
haddaway_2018,haddaway_2018_systematic.review,haddaway_2018_systematic.review_item24,Data extraction,Meta-data extraction and coding strategy,NA,"Describe the method for meta-data extraction and coding for studies, providing lists of variables that will be extracted as meta-data and those that will be coded. Describe how repeatability of meta-data/data extraction and coding was tested.",Methodology,english,km
haddaway_2018,haddaway_2018_systematic.review,haddaway_2018_systematic.review_item25,Data extraction,Data extraction strategy,NA,Describe the method for extraction of qualitative and/or quantitative study findings. Describe how repeatability of data extraction was tested.,Methodology,english,km
haddaway_2018,haddaway_2018_systematic.review,haddaway_2018_systematic.review_item26,Data extraction,Approaches to missing data,NA,Describe any process for obtaining and confirming missing or unclear information or data from authors.,Methodology,english,km
haddaway_2018,haddaway_2018_systematic.review,haddaway_2018_systematic.review_item27,Potential effect modifiers/reasons for heterogeneity,Potential effect modifiers/reasons for heterogeneity,NA,Provide a list of and justification for the effect modifiers/reasons for heterogeneity that will be considered in the review. Also provide details of how the list was compiled (including consultation of external experts).,Methodology,english,km
haddaway_2018,haddaway_2018_systematic.review,haddaway_2018_systematic.review_item28,Data synthesis and presentation,Type of synthesis,NA,"State the type of synthesis conducted as part of the systematic review (narrative only, narrative and quantitative, narrative and qualitative, narrative, qualitative and quantitative, narrative and mixed-methods)",Methodology,english,km
haddaway_2018,haddaway_2018_systematic.review,haddaway_2018_systematic.review_item29,Data synthesis and presentation,Narrative synthesis strategy,NA,"Describe methods used for narratively synthesising the evidence base in the form of descriptive statistics, tables (including SM database) and figures. Study findings must only be narratively synthesised and vote-counting must be avoided.",Methodology,english,km
haddaway_2018,haddaway_2018_systematic.review,haddaway_2018_systematic.review_item3,Authors' contacts,Authors' contacts,NA,"The full names, institutional addresses and email addresses for all authors must be provided.",Other Information,english,km
haddaway_2018,haddaway_2018_systematic.review,haddaway_2018_systematic.review_item30,Data synthesis and presentation,Quantitative synthesis strategy,NA,"If data are appropriate for quantitative synthesis, describe methods for calculating effect sizes, methods for handling complex data, statistical methods for combining data from individual studies, and any exploration of heterogeneity and publication bias. If all studies were not selected for synthesis explain criteria for selection (e.g. incomplete or missing information).",Methodology,english,km
haddaway_2018,haddaway_2018_systematic.review,haddaway_2018_systematic.review_item31,Data synthesis and presentation,Qualitative synthesis strategy,NA,Describe methods used for synthesising qualitative data and justify your methodological choices. Describe if and how you plan to analyse subgroups/subsets of data. If all studies were not selected for synthesis explain criteria for selection (e.g. incomplete or missing information).,Methodology,english,km
haddaway_2018,haddaway_2018_systematic.review,haddaway_2018_systematic.review_item32,Data synthesis and presentation,Other synthesis strategies,NA,Describe any other approaches used for synthesising data or combining qualitative and quantitative syntheses (e.g. mixed methods) and justify your choice of methodology.,Methodology,english,km
haddaway_2018,haddaway_2018_systematic.review,haddaway_2018_systematic.review_item33,Data synthesis and presentation,Assessment of risk of publication bias,NA,Describe methods for examining the possible influence of publication bias on the synthesis.,Methodology,english,km
haddaway_2018,haddaway_2018_systematic.review,haddaway_2018_systematic.review_item34,Data synthesis and presentation,Knowledge gap and cluster identification strategy,NA,Describe the methods used to identify and/or prioritise key knowledge gaps (unrepresented or underrepresented subtopics that warrant further primary research) and knowledge clusters (well-represented subtopics that are amenable to full synthesis via systematic review).,Methodology,english,km
haddaway_2018,haddaway_2018_systematic.review,haddaway_2018_systematic.review_item35,Data synthesis and presentation,Demonstrating procedural independence,NA,Describe the role of systematic reviewers (who have also authored articles to be considered within the review) in decisions regarding inclusion or critical appraisal of their own work.,Methodology,english,km
haddaway_2018,haddaway_2018_systematic.review,haddaway_2018_systematic.review_item36,Results (review findings),Description of review process,NA,"Describe the review process including the volume of evidence identified from all sources and retained through each stage of the review. Must also display the number of articles/studies included at all stages of the review in a flow diagram, including the number of articles/studies excluded at each stage. ",Results,english,km
haddaway_2018,haddaway_2018_systematic.review,haddaway_2018_systematic.review_item37,Results (review findings),Number of search results,NA,Provide the number of search results from bibliographic databases (including updates if conducted) prior to duplicate removal. ,Results,english,km
haddaway_2018,haddaway_2018_systematic.review,haddaway_2018_systematic.review_item38,Results (review findings),Number of search results after duplicate removal,NA,Provide the total number of search results from bibliographic database searches following duplicate removal.,Results,english,km
haddaway_2018,haddaway_2018_systematic.review,haddaway_2018_systematic.review_item39,Results (review findings),Full text screening excludes,NA,Additional file containing list of and reasons for full text exclusions.,Results,english,km
haddaway_2018,haddaway_2018_systematic.review,haddaway_2018_systematic.review_item4,Abstract,Structured summary,NA,"The abstract of the manuscript must not exceed 500 words and must be structured into separate sections: Background, the context and purpose of the review, including the review question; Methods, how the review was performed and statistical tests used (specifically mention search strategy, inclusion criteria, critical appraisal, data extraction and synthesis); Results, the main findings, including results of search and assessment of evidence base; Conclusions, brief summary and potential implications for policy/management and research.",Abstract,english,km
haddaway_2018,haddaway_2018_systematic.review,haddaway_2018_systematic.review_item40,Results (review findings),Title screening results,NA,Provide the number of articles retained following title screening.,Results,english,km
haddaway_2018,haddaway_2018_systematic.review,haddaway_2018_systematic.review_item41,Results (review findings),Abstract screening results,NA,Provide the number of articles retained following abstract screening.,Results,english,km
haddaway_2018,haddaway_2018_systematic.review,haddaway_2018_systematic.review_item42,Results (review findings),Title and abstract screening results,NA,Provide the number of articles retained following title and abstract screening.,Results,english,km
haddaway_2018,haddaway_2018_systematic.review,haddaway_2018_systematic.review_item43,Results (review findings),Retrieval results,NA,Provide the number of articles retrieved at full text.,Results,english,km
haddaway_2018,haddaway_2018_systematic.review,haddaway_2018_systematic.review_item44,Results (review findings),Unobtainable articles,NA,Additional file containing list of unobtainable articles.,Results,english,km
haddaway_2018,haddaway_2018_systematic.review,haddaway_2018_systematic.review_item45,Results (review findings),Full text screening results,NA,Provide the number of articles retained following full text screening.,Results,english,km
haddaway_2018,haddaway_2018_systematic.review,haddaway_2018_systematic.review_item46,Results (review findings),Consistency checking: screening,NA,"Results of consistency checking at all stages (screening, data extraction, critical appraisal) must be provided. Provide the number of titles, abstracts and full texts screened and checked for consistency by two or more reviewers as a fraction of the total (e.g. Title: 2000/20000; Abstract: 500/5000: Full text: 10/100).",Results,english,km
haddaway_2018,haddaway_2018_systematic.review,haddaway_2018_systematic.review_item47,Results (review findings),Critical appraisal exclusions,NA,"If any studies are excluded due to low validity, provide the number of studies excluded from further synthesis during critical appraisal.",Results,english,km
haddaway_2018,haddaway_2018_systematic.review,haddaway_2018_systematic.review_item48,Results (review findings),Narrative synthesis,NA,"Describe the body of evidence identified using figures and tables, avoiding vote-counting (tallying of studies based on results; direction or significance). Each must be presented with descriptive information (meta-data) and extracted study findings. Describe the validity of individual studies and the evidence base as a whole.",Results,english,km
haddaway_2018,haddaway_2018_systematic.review,haddaway_2018_systematic.review_item49,Results (review findings),Extracted data,NA,Additional file containing extracted quantitative or qualitative data (study findings) from included studies.,Other Information,english,km
haddaway_2018,haddaway_2018_systematic.review,haddaway_2018_systematic.review_item5,Background,Background,NA,Describe the rationale for the review in the context of what is already known. Reviews must indicate why this study was necessary and what it aims to contribute to the field. ,Introduction,english,km
haddaway_2018,haddaway_2018_systematic.review,haddaway_2018_systematic.review_item50,Results (review findings),Systematic map database,NA,Additional file containing meta-data and coding for included studies.,Methodology,english,km
haddaway_2018,haddaway_2018_systematic.review,haddaway_2018_systematic.review_item51,Results (review findings),Quantitative synthesis,NA,Present results of quantitative synthesis of study findings (e.g. meta-analysis).,Results,english,km
haddaway_2018,haddaway_2018_systematic.review,haddaway_2018_systematic.review_item52,Results (review findings),Qualitative synthesis,NA,Present results of qualitative analysis of study findings (e.g. summaries of identified themes or categories). Also provide additional file with the identified themes or categories for each study.,Results,english,km
haddaway_2018,haddaway_2018_systematic.review,haddaway_2018_systematic.review_item53,Results (review findings),Other synthesis,NA,Present results of any other synthesis methods used. ,Results,english,km
haddaway_2018,haddaway_2018_systematic.review,haddaway_2018_systematic.review_item54,Results (review findings),Risk of publication bias,NA,Describe the results of assessments for the possible influence of publication bias on the synthesis.,Results,english,km
haddaway_2018,haddaway_2018_systematic.review,haddaway_2018_systematic.review_item55,Results (review findings),Limitations of the review,NA,Discuss possible limitations in the methods used.,Discussion,english,km
haddaway_2018,haddaway_2018_systematic.review,haddaway_2018_systematic.review_item56,Results (review findings),Limitations of the evidence base,NA,Discuss possible limitations in the evidence base.,Discussion,english,km
haddaway_2018,haddaway_2018_systematic.review,haddaway_2018_systematic.review_item57,Conclusions,Implications for policy/management,NA,Summarise the state of the evidence base and discuss the way in which the identified evidence may inform policy/practice decision making in relation to the review question. Provide any measure of the uncertainty surrounding the outcome.†,Discussion,english,km
haddaway_2018,haddaway_2018_systematic.review,haddaway_2018_systematic.review_item58,Conclusions,Implications for research,NA,Discuss the way in which the identified evidence may inform research including options for increasing the reliability of study design that could improve future research.†,Discussion,english,km
haddaway_2018,haddaway_2018_systematic.review,haddaway_2018_systematic.review_item59,Declarations,Competing interests,NA,Describe of any financial or non-financial competing interests that the review authors may have. ,Other Information,english,km
haddaway_2018,haddaway_2018_systematic.review,haddaway_2018_systematic.review_item6,Stakeholder engagement,Stakeholder engagement,NA,"The actual role of stakeholders throughout the review process (e.g. in the†formulation of the question) must be described and explained (using a broad definition of ëstakeholderí, including e.g. researchers, funders and other decision-makers; see [2])",Introduction,english,km
haddaway_2018,haddaway_2018_systematic.review,haddaway_2018_systematic.review_item7,Objective of the review,Objective,NA,Describe the primary question and secondary questions (when applicable). ,Introduction,english,km
haddaway_2018,haddaway_2018_systematic.review,haddaway_2018_systematic.review_item8,Objective of the review,Definition of the question components,NA,"Provide reference to the question key elements, e.g. population(s), intervention(s)/exposure(s), comparator(s), and outcome(s).",Introduction,english,km
haddaway_2018,haddaway_2018_systematic.review,haddaway_2018_systematic.review_item9,Methods,Protocol,NA,"Provide citation, DOI or open-access link to published protocol.",Other Information,english,km
harvranek_2020,harvranek_2020,harvranek_2020_item1,,2.1 Research Questions and Effect Size,,"A clear statement of the specific economic theories, hypotheses, or effects studied. d-nb?",Introduction,english,km
harvranek_2020,harvranek_2020,harvranek_2020_item10,,"2.2 Research Literature Searching, Compilation, and Coding",,"A complete list of the information coded for each study or estimate.†At a minimum,†we recommend that reviewers conducting a meta-analysis code",Other Information,english,km
harvranek_2020,harvranek_2020,harvranek_2020_item11,,"2.2 Research Literature Searching, Compilation, and Coding",,the estimated effect size; d-nb?,Results,english,km
harvranek_2020,harvranek_2020,harvranek_2020_item12,,"2.2 Research Literature Searching, Compilation, and Coding",,"its standard error, when feasible, and the degrees of freedom (or sample size); d-nb?",Results,english,km
harvranek_2020,harvranek_2020,harvranek_2020_item13,,"2.2 Research Literature Searching, Compilation, and Coding",,Reviewers conducting a meta-regression analysis also need to code: d-nb?,Results,english,km
harvranek_2020,harvranek_2020,harvranek_2020_item14,,"2.2 Research Literature Searching, Compilation, and Coding",,"variables that distinguish which type of econometric model, methods, and techniques were employed; d-nb?",Results,english,km
harvranek_2020,harvranek_2020,harvranek_2020_item15,,"2.2 Research Literature Searching, Compilation, and Coding",,"dummy (i.e., 0/1) variables for the omission of theoretically relevant variables in the research study investigated",Methodology,english,km
harvranek_2020,harvranek_2020,harvranek_2020_item16,,"2.2 Research Literature Searching, Compilation, and Coding",,"empirical setting (e.g., region, market, and industry)",Methodology,english,km
harvranek_2020,harvranek_2020,harvranek_2020_item17,,"2.2 Research Literature Searching, Compilation, and Coding",,"data types (panel, cross-sectional, time series, . . .);",Methodology,english,km
harvranek_2020,harvranek_2020,harvranek_2020_item18,,"2.2 Research Literature Searching, Compilation, and Coding",,alternative ways that effects were measured and reported before being converted to a common effect size,Methodology,english,km
harvranek_2020,harvranek_2020,harvranek_2020_item19,,"2.2 Research Literature Searching, Compilation, and Coding",,year of the data used and/or publication year; d-nb?,Results,english,km
harvranek_2020,harvranek_2020,harvranek_2020_item2,,2.1 Research Questions and Effect Size,,"A precise definition of how effects are measured (the ìeffect sizeî) and†their standard errors or other proxies for precision,†accompanied by any relevant formulas†if transformations are made. d-nb?",Methodology,english,km
harvranek_2020,harvranek_2020,harvranek_2020_item20,,"2.2 Research Literature Searching, Compilation, and Coding",,"type of publication (journal, working paper, book chapter, etc.); and d-nb?",Results,english,km
harvranek_2020,harvranek_2020,harvranek_2020_item21,,"2.2 Research Literature Searching, Compilation, and Coding",,"the primary study, publication, and/or dataset from which an observation is drawn. d-nb?",Results,english,km
harvranek_2020,harvranek_2020,harvranek_2020_item22,,"2.2 Research Literature Searching, Compilation, and Coding",,"The rule or method used to identify outliers, leverage, or influence points when omitted. d-nb?",Results,english,km
harvranek_2020,harvranek_2020,harvranek_2020_item23,,2.3 Modeling Issues,,A table†displaying definitions of all the coded variables†along with their descriptive statistics (means and standard deviations). ,Other Information,english,km
harvranek_2020,harvranek_2020,harvranek_2020_item24,,2.3 Modeling Issues,,"A fully reported meta-regression analysis, along with the exact strategy used to simplify it (e.g.,†Bayesian or frequentist model averaging, general-to-specific, etc.).",Results,english,km
harvranek_2020,harvranek_2020,harvranek_2020_item25,,2.3 Modeling Issues,,"An investigation of publication, selection, and misspecification biases unless these biases can reasonably be expected to be absent. When suspected, these should be controlled for in subsequent meta-regression models. d-nb?",Methodology,english,km
harvranek_2020,harvranek_2020,harvranek_2020_item26,,2.3 Modeling Issues,,"Methods to accommodate heteroscedasticity (e.g., inverse-variance weights) and dependence across estimates, such as within-study dependence (e.g.,†clustered or bootstrapped standard errors and panel or multilevel meta-regression models). d-nb?",Results,english,km
harvranek_2020,harvranek_2020,harvranek_2020_item27,,2.4 Further Reporting and Interpretation,,"Graph(s) of the effect sizes, such as funnel graphs, forest plots, or other statistical displays of data.",Results,english,km
harvranek_2020,harvranek_2020,harvranek_2020_item28,,2.4 Further Reporting and Interpretation,,Robustness checks for meta-regression models†and publication bias methods. d-nb?,Results,english,km
harvranek_2020,harvranek_2020,harvranek_2020_item29,,2.4 Further Reporting and Interpretation,,A discussion of the economic (or practical) significance of the main findings,Discussion,english,km
harvranek_2020,harvranek_2020,harvranek_2020_item3,,2.1 Research Questions and Effect Size,,"An explicit description about how measured effects are comparable, including any methods†or formulas†used to standardize or convert them to a common metric. d-nb?",Methodology,english,km
harvranek_2020,harvranek_2020,harvranek_2020_item30,,2.4 Further Reporting and Interpretation,,ìBest practiceî estimate(s) and sensible variations from them,Results,english,km
harvranek_2020,harvranek_2020,harvranek_2020_item31,,2.4 Further Reporting and Interpretation,,A statement about sharing the data or link to its public posting along with the codes of the core analyses.,Other Information,english,km
harvranek_2020,harvranek_2020,harvranek_2020_item4,,"2.2 Research Literature Searching, Compilation, and Coding",,A full report of how the research literature was searched.† This report should include:,Methodology,english,km
harvranek_2020,harvranek_2020,harvranek_2020_item5,,"2.2 Research Literature Searching, Compilation, and Coding",,The exact databases or other sources used,Methodology,english,km
harvranek_2020,harvranek_2020,harvranek_2020_item6,,"2.2 Research Literature Searching, Compilation, and Coding",,the precise combination of keywords employed; and d-nb?,Results,english,km
harvranek_2020,harvranek_2020,harvranek_2020_item7,,"2.2 Research Literature Searching, Compilation, and Coding",,the date that the search was completed. d-nb?,Results,english,km
harvranek_2020,harvranek_2020,harvranek_2020_item8,,"2.2 Research Literature Searching, Compilation, and Coding",,A full disclosure of the rules for study (or effect size) inclusion/exclusion.††This should be accompanied by a PRISMA flow diagram,Methodology,english,km
harvranek_2020,harvranek_2020,harvranek_2020_item9,,"2.2 Research Literature Searching, Compilation, and Coding",,"A statement addressing who searched, read, and coded the research literature.†Two or more reviewers should code†the relevant research and disclose a measure of their agreement.",Methodology,english,km
hutton_2015,hutton_2015,hutton_2015_item1,TITLE,title,1,Identify the report as a systematic review incorporating a network meta-analysis (or related form of meta-analysis).,Title,english,km
hutton_2015,hutton_2015,hutton_2015_item10,METHODS,data collection process,10,"Describe method of data extraction from reports (e.g., piloted forms, independently, in duplicate) and any processes for obtaining and confirming data from investigators.",Methodology,english,km
hutton_2015,hutton_2015,hutton_2015_item11,METHODS,data items,11,"List and define all variables for which data were sought (e.g., PICOS, funding sources) and any assumptions and simplifications made.",Methodology,english,km
hutton_2015,hutton_2015,hutton_2015_item12,METHODS,geometry of the network,S1,"Describe methods used to explore the geometry of the treatment network under study and potential biases related to it. This should include how the evidence base has been graphically summarized for presentation, and what characteristics were compiled and used to describe the evidence base to readers.",Methodology,english,km
hutton_2015,hutton_2015,hutton_2015_item13,METHODS,risk of bias within individual studies,12,"Describe methods used for assessing risk of bias of individual studies (including specification of whether this was done at the study or outcome level), and how this information is to be used in any data synthesis.",Methodology,english,km
hutton_2015,hutton_2015,hutton_2015_item14,METHODS,summary measures,13,"State the principal summary measures (e.g., risk ratio, difference in means). Also describe the use of additional summary measures assessed, such as treatment rankings and surface under the cumulative ranking curve (SUCRA) values, as well as modified approaches used to present summary findings from meta-analyses.",Methodology,english,km
hutton_2015,hutton_2015,hutton_2015_item15,METHODS,planned methods of analysis,14,"Describe the methods of handling data and combining results of studies for each network meta-analysis. This should include, but not be limited to:Handling of multi-arm trials; Selection of variance structure; Selection of prior distributions in Bayesian analyses; and Assessment of model fit.",Methodology,english,km
hutton_2015,hutton_2015,hutton_2015_item16,METHODS,assessment of inconsistency,S2,Describe the statistical methods used to evaluate the agreement of direct and indirect evidence in the treatment network(s) studied. Describe efforts taken to address its presence when found.,Methodology,english,km
hutton_2015,hutton_2015,hutton_2015_item17,METHODS,risk of bias across studies,15,"Specify any assessment of risk of bias that may affect the cumulative evidence (e.g., publication bias, selective reporting within studies).",Methodology,english,km
hutton_2015,hutton_2015,hutton_2015_item18,METHODS,additional analyses,16,"Describe methods of additional analyses if done, indicating which were pre-specified. This may include, but not be limited to, the following: Sensitivity or subgroup analyses; Meta-regression analyses; Alternative formulations of the treatment network; and Use of alternative prior distributions for Bayesian analyses (if applicable).",Methodology,english,km
hutton_2015,hutton_2015,hutton_2015_item19,RESULTS,study selection,17,"Give numbers of studies screened, assessed for eligibility, and included in the review, with reasons for exclusions at each stage, ideally with a flow diagram.",Results,english,km
hutton_2015,hutton_2015,hutton_2015_item2,ABSTRACT,structured summary,2,"Provide a structured summary including, as applicable: 
Background: main objectives
Methods: data sources; study eligibility criteria, participants, and interventions; study appraisal; and synthesis methods, such as network meta-analysis.
Results: number of studies and participants identified; summary estimates with corresponding confidence/credible intervals; treatment rankings may also be discussed. Authors may choose to summarize pairwise comparisons against a chosen treatment included in their analyses for brevity.
Discussion/Conclusions: limitations; conclusions and implications of findings.
Other: primary source of funding; systematic review registration number with registry name.",Abstract,english,km
hutton_2015,hutton_2015,hutton_2015_item20,RESULTS,presentation of network structure,S3,Provide a network graph of the included studies to enable visualization of the geometry of the treatment network.,Results,english,km
hutton_2015,hutton_2015,hutton_2015_item21,RESULTS,summary of network geometry,S4,"Provide a brief overview of characteristics of the treatment network. This may include commentary on the abundance of trials and randomized patients for the different interventions and pairwise comparisons in the network, gaps of evidence in the treatment network, and potential biases reflected by the network structure.",Results,english,km
hutton_2015,hutton_2015,hutton_2015_item22,RESULTS,study characteristics,18,"For each study, present characteristics for which data were extracted (e.g., study size, PICOS, follow-up period) and provide the citations.",Results,english,km
hutton_2015,hutton_2015,hutton_2015_item23,RESULTS,risk of bias within studies,19,"Present data on risk of bias of each study and, if available, any outcome level assessment.",Results,english,km
hutton_2015,hutton_2015,hutton_2015_item24,RESULTS,results of individual studies,20,"For all outcomes considered (benefits or harms), present, for each study: 1) simple summary data for each intervention group, and 2) effect estimates and confidence intervals. Modified approaches may be needed to deal with information from larger networks.",Results,english,km
hutton_2015,hutton_2015,hutton_2015_item25,RESULTS,synthesis of results,21,"Present results of each meta-analysis done, including confidence/credible intervals. In larger networks, authors may focus on comparisons versus a particular comparator (e.g. placebo or standard care), with full findings presented in an appendix. League tables and forest plots may be considered to summarize pairwise comparisons. If additional summary measures were explored (such as treatment rankings), these should also be presented.",Results,english,km
hutton_2015,hutton_2015,hutton_2015_item26,RESULTS,exploration for inconsistency,S5,"Describe results from investigations of inconsistency. This may include such information as measures of model fit to compare consistency and inconsistency models, P values from statistical tests, or summary of inconsistency estimates from different parts of the treatment network.",Results,english,km
hutton_2015,hutton_2015,hutton_2015_item27,RESULTS,risk of bias across studies,22,Present results of any assessment of risk of bias across studies for the evidence base being studied.,Results,english,km
hutton_2015,hutton_2015,hutton_2015_item28,RESULTS,results of additional analyses,23,"Give results of additional analyses, if done (e.g., sensitivity or subgroup analyses, meta-regression analyses, alternative network geometries studied, alternative choice of prior distributions for Bayesian analyses, and so forth).",Results,english,km
hutton_2015,hutton_2015,hutton_2015_item29,DISCUSSION,summary of evidence,24,"Summarize the main findings, including the strength of evidence for each main outcome; consider their relevance to key groups (e.g., healthcare providers, users, and policy-makers).",Discussion,english,km
hutton_2015,hutton_2015,hutton_2015_item3,INTRODUCTION,rationale,3,"Describe the rationale for the review in the context of what is already known, including mention of why a network meta-analysis has been conducted.",Introduction,english,km
hutton_2015,hutton_2015,hutton_2015_item30,DISCUSSION,limitations,25,"Discuss limitations at study and outcome level (e.g., risk of bias), and at review level (e.g., incomplete retrieval of identified research, reporting bias). Comment on the validity of the assumptions, such as transitivity and consistency. Comment on any concerns regarding network geometry (e.g., avoidance of certain comparisons).",Discussion,english,km
hutton_2015,hutton_2015,hutton_2015_item31,DISCUSSION,conclusions,26,"Provide a general interpretation of the results in the context of other evidence, and implications for future research.",Discussion,english,km
hutton_2015,hutton_2015,hutton_2015_item32,FUNDING,funding,27,"Describe sources of funding for the systematic review and other support (e.g., supply of data); role of funders for the systematic review. This should also include information regarding whether funding has been received from manufacturers of treatments in the network and/or whether some of the authors are content experts with professional conflicts of interest that could affect use of treatments in the network.",Other Information,english,km
hutton_2015,hutton_2015,hutton_2015_item4,INTRODUCTION,objectives,4,"Provide an explicit statement of questions being addressed, with reference to participants, interventions, comparisons, outcomes, and study design (PICOS).",Introduction,english,km
hutton_2015,hutton_2015,hutton_2015_item5,METHODS,protocol and registration,5,"Indicate whether a review protocol exists and if and where it can be accessed (e.g., Web address); and, if available, provide registration information, including registration number.",Other Information,english,km
hutton_2015,hutton_2015,hutton_2015_item6,METHODS,eligibility criteria,6,"Specify study characteristics (e.g., PICOS, length of follow-up) and report characteristics (e.g., years considered, language, publication status) used as criteria for eligibility, giving rationale. Clearly describe eligible treatments included in the treatment network, and note whether any have been clustered or merged into the same node (with justification).",Methodology,english,km
hutton_2015,hutton_2015,hutton_2015_item7,METHODS,information sources,7,"Describe all information sources (e.g., databases with dates of coverage, contact with study authors to identify additional studies) in the search and date last searched.",Methodology,english,km
hutton_2015,hutton_2015,hutton_2015_item8,METHODS,search,8,"Present full electronic search strategy for at least one database, including any limits used, such that it could be repeated.",Methodology,english,km
hutton_2015,hutton_2015,hutton_2015_item9,METHODS,study selection,9,"State the process for selecting studies (i.e., screening, eligibility, included in systematic review, and, if applicable, included in the meta-analysis).",Methodology,english,km
kable_2012,kable_2012,kable_2012_item1,NA,NA,1,Provide a purpose statement,Methodology,english,km
kable_2012,kable_2012,kable_2012_item10,NA,NA,10,Conduct quality appraisal of retrieved literature,Methodology,english,km
kable_2012,kable_2012,kable_2012_item11,NA,NA,11,Critical review of literature,Discussion,english,km
kable_2012,kable_2012,kable_2012_item12,NA,NA,12,Check the reference list for accuracy,Other Information,english,km
kable_2012,kable_2012,kable_2012_item2,NA,NA,2,Document the databases or search engines used,Methodology,english,km
kable_2012,kable_2012,kable_2012_item3,NA,NA,3,Specify the limits applied to the search,Methodology,english,km
kable_2012,kable_2012,kable_2012_item4,NA,NA,4,List the inclusion and exclusion criteria,Methodology,english,km
kable_2012,kable_2012,kable_2012_item5,NA,NA,5,List the search terms used,Methodology,english,km
kable_2012,kable_2012,kable_2012_item6,NA,NA,6,Document the search process,Methodology,english,km
kable_2012,kable_2012,kable_2012_item7,NA,NA,7,Assess retrieved articles for relevance,Methodology,english,km
kable_2012,kable_2012,kable_2012_item8,NA,NA,8,Document a summary table of included articles,Results,english,km
kable_2012,kable_2012,kable_2012_item9,NA,NA,9,Provide a statement on number of retrieved articles,Results,english,km
lakens_2016,lakens_2016,lakens_2016_item1,Facilitate cumulative science by future-proofing meta-Analyses,,NA,"Disclose all meta-analytic data (effect sizes, sample sizes for each condition, test statistics and degrees of freedom, means, standard deviations, and correlations between dependent observations) for each data point.",Results,english,km
lakens_2016,lakens_2016,lakens_2016_item10,Facilitate reproducibility,,NA,"Always include a link to data files that can be directly analyzed with statistical software, either by providing completely reproducible scripts containing both the data and the reported analyses in free software (e.g., R), or at the very minimum a spreadsheet that contains all meta-analytic data that can easily analyzed in any statistical program.",Other Information,english,km
lakens_2016,lakens_2016,lakens_2016_item11,Recruit expertise,,NA,"Consider consulting a librarian before you start the literature search, and a statistician before coding the effect sizes, for advice on how make the literature search and effect size calculations reproducible.",Methodology,english,km
lakens_2016,lakens_2016,lakens_2016_item2,Facilitate cumulative science by future-proofing meta-Analyses,,NA,"Quote relevant text from studies that describe the meta-analytic data to prevent confusion, such as when one effect size is selected from a large number of tests reported in a study.",Methodology,english,km
lakens_2016,lakens_2016,lakens_2016_item3,Facilitate cumulative science by future-proofing meta-Analyses,,NA,"When analyzing subgroups, include quotes from the original study that underlie this classification, and specify any subjective decisions.",Methodology,english,km
lakens_2016,lakens_2016,lakens_2016_item4,Facilitate quality control,,NA,"Specify which effect size calculations are used and which assumptions are made for missing data (e.g., assuming equal sample sizes in each condition, imputed values for unreported effect sizes), if necessary for each effect size extracted from the literature.",Methodology,english,km
lakens_2016,lakens_2016,lakens_2016_item5,Facilitate quality control,,NA,"Specify who extracted and coded the data, knowing it is preferable that two researchers independently extract effect sizes from the literature.",Methodology,english,km
lakens_2016,lakens_2016,lakens_2016_item6,Adhere to reporting guidelines,,NA,"A minimal requirement when reporting meta-analyses is to adhere to one of the reporting standards (e.g., PRISMA).",Other Information,english,km
lakens_2016,lakens_2016,lakens_2016_item7,Adhere to reporting guidelines,,NA,"The reporting guidelines ask authors of meta-analyses to report essential information that should be made available either in the main text of the article, or by providing a completed checklist as supplementary material during review and after publication.",Other Information,english,km
lakens_2016,lakens_2016,lakens_2016_item8,Pre-register,,NA,"Whenever possible, pre-register the meta-analysis research protocol to distinguish between confirmatory and exploratory analyses.",Other Information,english,km
lakens_2016,lakens_2016,lakens_2016_item9,Facilitate reproducibility,,NA,Allow others to re-analyze the data to examine how sensitive the results are to subjective choices such as inclusion criteria.,Methodology,english,km
levitt_2018,levitt_2018,levitt_2018_item1,Title page,Title,,Indicate the key issues/topic under consideration.,Title,english,km
levitt_2018,levitt_2018,levitt_2018_item10,Introduction,Description of research problem/question,,"Describe the importance or relevance of the meta-analysis to clarify barriers, knowledge gaps, or practical needs.",Introduction,english,km
levitt_2018,levitt_2018,levitt_2018_item11,Introduction,Study objectives/research goals,,"Describe the meta-analytic method (e.g., metasynthesis, meta-analysis, meta-ethnography, thematic synthesis, narrative synthesis, or critical interpretive analysis).",Introduction,english,km
levitt_2018,levitt_2018,levitt_2018_item12,Introduction,Study objectives/research goals,,Identify the purpose/goals of the study.,Introduction,english,km
levitt_2018,levitt_2018,levitt_2018_item13,Introduction,Study objectives/research goals,,"Describe the approach to inquiry, if it illuminates the objectives and meta-research rationale (e.g., descriptive, interpretive, feminist, psychoanalytic, postpositivist, constructivist, critical, postmodern or constructivist, or pragmatic approaches).",Introduction,english,km
levitt_2018,levitt_2018,levitt_2018_item14,Introduction,Study objectives/research goals,,Describe the contribution to be made.,Introduction,english,km
levitt_2018,levitt_2018,levitt_2018_item15,Method,Research design overview,,"Summarize the research design (data-collection strategies, data/meta-analytic strategies, and, if illuminating, approaches to inquiry (e.g., descriptive, interpretive, feminist, psychoanalytic, postpositivist, constructivist, critical, postmodern or constructivist, or pragmatic approaches).",Methodology,english,km
levitt_2018,levitt_2018,levitt_2018_item16,Method,Research design overview,,Provide the rationale for the design selected.,Methodology,english,km
levitt_2018,levitt_2018,levitt_2018_item17,Method,Study data sources - Researcher description,,"Describe the researchers backgrounds in approaching the study, emphasizing their prior understandings of the phenomena under study (e.g., interviewers, analysts or research team).",Methodology,english,km
levitt_2018,levitt_2018,levitt_2018_item18,Method,Study data sources - Researcher description,,"Describe how prior understandings of the phenomena were managed and/or influenced the research (e.g., enhancing, limiting, or structuring data collection and meta-analysis).",Methodology,english,km
levitt_2018,levitt_2018,levitt_2018_item19,Method,Study selection,,"Provide a detailed description of how studies to be reviewed were selected, including search strategies and criteria for inclusion and exclusion, and rationale.",Methodology,english,km
levitt_2018,levitt_2018,levitt_2018_item2,Title page,Title,,"Indicate that the work is a form of meta-analysis (e.g., qualitative metasynthesis, meta-ethnography, critical interpretive synthesis, review).",Title,english,km
levitt_2018,levitt_2018,levitt_2018_item20,Method,Study selection,,"Describe search parameters (e.g., timeframe, population, and/or method).",Methodology,english,km
levitt_2018,levitt_2018,levitt_2018_item21,Method,Study selection,,"Describe how data were coded, searches, or other search strategies were developed.",Methodology,english,km
levitt_2018,levitt_2018,levitt_2018_item22,Studies reviewed,,,Year of publication of studies,Methodology,english,km
levitt_2018,levitt_2018,levitt_2018_item23,Studies reviewed,,,Disciplinary affiliation of primary author,Other Information,english,km
levitt_2018,levitt_2018,levitt_2018_item24,Studies reviewed,,,Geographic location of study,Methodology,english,km
levitt_2018,levitt_2018,levitt_2018_item25,Studies reviewed,,,Language of study,Methodology,english,km
levitt_2018,levitt_2018,levitt_2018_item26,Studies reviewed,,,"Method of data collection (e.g., interview, focus group, online)",Methodology,english,km
levitt_2018,levitt_2018,levitt_2018_item27,Studies reviewed,,,"Method of analysis of study (e.g., thematic analysis, narrative analysis, grounded theory)",Methodology,english,km
levitt_2018,levitt_2018,levitt_2018_item28,Studies reviewed,,,Purpose of primary studies and differences (if any) from the main questions of the meta-analysis,Methodology,english,km
levitt_2018,levitt_2018,levitt_2018_item29,Studies reviewed,,,Number of participants,Methodology,english,km
levitt_2018,levitt_2018,levitt_2018_item3,Title page,Author note,,Acknowledge funding sources or contributors acknowledged.,Other Information,english,km
levitt_2018,levitt_2018,levitt_2018_item30,Studies reviewed,,,"Recruitment method of study (snowball, convenience, purposive, etc.)",Methodology,english,km
levitt_2018,levitt_2018,levitt_2018_item31,Analysis,Data-analytic strategies,,Describe the approach to extracting study findings. This description may include the following:,Methodology,english,km
levitt_2018,levitt_2018,levitt_2018_item32,Analysis,Data-analytic strategies,,"Description of coders or analysts and training, if not already described (interrater reliability, if used)",Methodology,english,km
levitt_2018,levitt_2018,levitt_2018_item33,Analysis,Data-analytic strategies,,"Description of which parts of studies were assessed or appraised (e.g., abstract, Discussion, Conclusions, full article)",Methodology,english,km
levitt_2018,levitt_2018,levitt_2018_item34,Analysis,Data-analytic strategies,,"Description of units for coding (words, concepts, interpretations)",Methodology,english,km
levitt_2018,levitt_2018,levitt_2018_item35,Analysis,Data-analytic strategies,,"Description of software, if used",Methodology,english,km
levitt_2018,levitt_2018,levitt_2018_item36,Analysis,Data-analytic strategies,,"Description of team or collaborative discussions relevant to determining themes and findings of studies, how inconsistencies among analysts were managed, and how consensus was determined",Methodology,english,km
levitt_2018,levitt_2018,levitt_2018_item37,Analysis,Data-analytic strategies,,Discussion of whether coding categories emerged from the analyses or were developed a priori,Methodology,english,km
levitt_2018,levitt_2018,levitt_2018_item38,Analysis,Data-analytic strategies,,"Describe the process of arriving at an analytic scheme, if applicable (e.g., if one was developed before or during the analysis or was emergent throughout).",Methodology,english,km
levitt_2018,levitt_2018,levitt_2018_item39,Analysis,Data-analytic strategies,,"Describe how issues of consistency were addressed with regard to the analytic processes (e.g., analysts may use demonstrations of analyses to support consistency, describe their development of a stable perspective, interrater reliability, consensus) or how inconsistencies were addressed.",Methodology,english,km
levitt_2018,levitt_2018,levitt_2018_item4,Title page,Author note,,Acknowledge conflicts of interest.,Other Information,english,km
levitt_2018,levitt_2018,levitt_2018_item40,Analysis,Data-analytic strategies,,Describe the appraisal process in cases in which some studies were considered to be more consequential in the interpretive process or others discounted.,Methodology,english,km
levitt_2018,levitt_2018,levitt_2018_item41,Analysis,Data-analytic strategies,,Describe how illustrations or other artistic products (if any) were developed from the analytic process.,Methodology,english,km
levitt_2018,levitt_2018,levitt_2018_item42,Analysis,Data-analytic strategies,,See the JARS-Qual Standards.,Methodology,english,km
levitt_2018,levitt_2018,levitt_2018_item43,Methodological integrity,,,Meta-analyses should describe the integrity of their secondary analyses as well as comment on the integrity of the primary studies under review.,Methodology,english,km
levitt_2018,levitt_2018,levitt_2018_item44,Findings/Results subsections,,,Describe the research findings and the meaning and understandings that the researcher has derived from the analysis of the studies.,Results,english,km
levitt_2018,levitt_2018,levitt_2018_item45,Findings/Results subsections,,,"Provide quotations from the primary studies to illustrate and ground the meta codes identified, when relevant.",Results,english,km
levitt_2018,levitt_2018,levitt_2018_item46,Findings/Results subsections,,,Explore whether differences in themes across primary studies appear to be related to the phenomena under study or differences in the epistemological stances of the researchers.,Results,english,km
levitt_2018,levitt_2018,levitt_2018_item47,Findings/Results subsections,,,"Integrate findings in a manner that coheres within the study design and moves between themes, common interpretations, situated findings, and descriptions.",Results,english,km
levitt_2018,levitt_2018,levitt_2018_item48,Findings/Results subsections,,,Provide an overview of the meta-analytic findings as well as identify potential ambiguities among the reviewed studies so that findings are presented in a coherent manner or discrepancies are acknowledged.,Results,english,km
levitt_2018,levitt_2018,levitt_2018_item49,Findings/Results subsections,,,"Provide visual displays (e.g., diagrams, tables, models) if helpful in clarifying and conveying findings.",Results,english,km
levitt_2018,levitt_2018,levitt_2018_item5,Abstract,,,State the problem/question/objectives under investigation.,Abstract,english,km
levitt_2018,levitt_2018,levitt_2018_item50,Situatedness,,,"Describe the boundaries of the reviews reviewed (e.g., the positions and limitations of the authors of the studies reviewed).",Discussion,english,km
levitt_2018,levitt_2018,levitt_2018_item51,Discussion,Discussion subsections,,Provide a discussion of findings that interpretively goes beyond a summary of the existing studies.,Discussion,english,km
levitt_2018,levitt_2018,levitt_2018_item52,Discussion,Discussion subsections,,"Include reflections on alternative explanations in relation to findings, as relevant.",Discussion,english,km
levitt_2018,levitt_2018,levitt_2018_item53,Discussion,Discussion subsections,,"Discuss the contributions that the meta-analysis presents to the literature (e.g., challenging, elaborating on, and supporting prior research or theory in the literature).",Discussion,english,km
levitt_2018,levitt_2018,levitt_2018_item54,Discussion,Discussion subsections,,Draw links to existing scholarship or disputes in the literature that the meta-analysis is designed to address.,Discussion,english,km
levitt_2018,levitt_2018,levitt_2018_item55,Discussion,Discussion subsections,,Describe the significance of the study and how findings can be best utilized.,Discussion,english,km
levitt_2018,levitt_2018,levitt_2018_item56,Discussion,Discussion subsections,,"Identify the strengths and limitations of the meta-study (e.g., consider how the quality or source or types of the data or analytic process might support or weaken its methodological integrity).",Discussion,english,km
levitt_2018,levitt_2018,levitt_2018_item57,Discussion,Discussion subsections,,"Describe the limits of the scope of transferability (e.g., what readers should bear in mind when using findings across contexts).",Discussion,english,km
levitt_2018,levitt_2018,levitt_2018_item58,Discussion,Discussion subsections,,"Consider implications for future research, policy, or practice.",Discussion,english,km
levitt_2018,levitt_2018,levitt_2018_item6,Abstract,,,"Indicate the study design, the types of literature reviewed, analytic strategy, main results/findings, and main implications/significance.",Abstract,english,km
levitt_2018,levitt_2018,levitt_2018_item7,Abstract,,,Identify five keywords.,Abstract,english,km
levitt_2018,levitt_2018,levitt_2018_item8,Introduction,Description of research problem/question,,State the problem/question the meta-analysis addresses.,Introduction,english,km
levitt_2018,levitt_2018,levitt_2018_item9,Introduction,Description of research problem/question,,"Describe what literature is to be included and synthesized and the relevant debates, theoretical frameworks, and issues contained therein.",Introduction,english,km
mcgrath_2017,mcgrath_2017,mcgrath_2017_item1,Title,Title,1,"Identify the report as a systematic review, meta-analysis or both",Title,english,km
mcgrath_2017,mcgrath_2017,mcgrath_2017_item10,"Methods: protocol eligibility, and search","Methods: protocol eligibility, and search",10,"Report restrictions to search strategy (language, publication status, dates)",Methodology,english,km
mcgrath_2017,mcgrath_2017,mcgrath_2017_item11,"Methods: protocol eligibility, and search","Methods: protocol eligibility, and search",11,"Present full electronic search strategy for at least one database, including any limits used, such that it could be repeated",Methodology,english,km
mcgrath_2017,mcgrath_2017,mcgrath_2017_item12,"Methods: protocol eligibility, and search","Methods: protocol eligibility, and search",12,Report whether hand searching of reference lists was done,Methodology,english,km
mcgrath_2017,mcgrath_2017,mcgrath_2017_item13,"Methods: protocol eligibility, and search","Methods: protocol eligibility, and search",13,Describe methods to ensure that overlapping patient populations were identified and accounted for,Methodology,english,km
mcgrath_2017,mcgrath_2017,mcgrath_2017_item14,"Methods: protocol eligibility, and search","Methods: protocol eligibility, and search",14,List any search of the gray literature including search of study registries,Methodology,english,km
mcgrath_2017,mcgrath_2017,mcgrath_2017_item15,"Methods: protocol eligibility, and search","Methods: protocol eligibility, and search",15,Specify criteria for eligibility,Methodology,english,km
mcgrath_2017,mcgrath_2017,mcgrath_2017_item16,Methods: study selection and data collection,Methods: study selection and data collection,16,"Report the process for selecting studies (i.e., screening, full-text eligibility)",Methodology,english,km
mcgrath_2017,mcgrath_2017,mcgrath_2017_item17,Methods: study selection and data collection,Methods: study selection and data collection,17,"Provide an appendix with studies excluded, with reasons for exclusion, during full-text screening",Results,english,km
mcgrath_2017,mcgrath_2017,mcgrath_2017_item18,Methods: study selection and data collection,Methods: study selection and data collection,18,Describe method of data extraction from reports,Methodology,english,km
mcgrath_2017,mcgrath_2017,mcgrath_2017_item19,Methods: study selection and data collection,Methods: study selection and data collection,19,Report which data items were extracted from included studies,Methodology,english,km
mcgrath_2017,mcgrath_2017,mcgrath_2017_item2,Title,Title,2,Identify the report as a study of diagnostic accuracy using at least one measure of accuracy,Title,english,km
mcgrath_2017,mcgrath_2017,mcgrath_2017_item20,Methods: study selection and data collection,Methods: study selection and data collection,20,Report how studies for which only a subgroup of participants is relevant to the review will be handled,Methodology,english,km
mcgrath_2017,mcgrath_2017,mcgrath_2017_item21,Methods: study selection and data collection,Methods: study selection and data collection,21,Report how indeterminate or missing results for either the index test or reference standard were dealt with in the analysis,Methodology,english,km
mcgrath_2017,mcgrath_2017,mcgrath_2017_item22,Methods: study selection and data collection,Methods: study selection and data collection,22,"Report if and how any parameters beyond test accuracy will be evaluated (e.g., cost-effectiveness, mortality)",Methodology,english,km
mcgrath_2017,mcgrath_2017,mcgrath_2017_item23,Methods: primary study data items,Methods: primary study data items,23a,"Patient demographic information (age, gender)",Methodology,english,km
mcgrath_2017,mcgrath_2017,mcgrath_2017_item24,Methods: primary study data items,Methods: primary study data items,23b,Target condition definition,Methodology,english,km
mcgrath_2017,mcgrath_2017,mcgrath_2017_item25,Methods: primary study data items,Methods: primary study data items,23c,Index test,Methodology,english,km
mcgrath_2017,mcgrath_2017,mcgrath_2017_item26,Methods: primary study data items,Methods: primary study data items,23d,Reference standard,Methodology,english,km
mcgrath_2017,mcgrath_2017,mcgrath_2017_item27,Methods: primary study data items,Methods: primary study data items,23e,Positivity thresholds,Methodology,english,km
mcgrath_2017,mcgrath_2017,mcgrath_2017_item28,Methods: primary study data items,Methods: primary study data items,23f,Blinding information,Methodology,english,km
mcgrath_2017,mcgrath_2017,mcgrath_2017_item29,Methods: primary study data items,Methods: primary study data items,23g,Clinical setting,Methodology,english,km
mcgrath_2017,mcgrath_2017,mcgrath_2017_item3,Title,Title,3,State whether the report is a comparative (one diagnostic test vs. another) or a non-comparative review,Title,english,km
mcgrath_2017,mcgrath_2017,mcgrath_2017_item30,Methods: primary study data items,Methods: primary study data items,23h,Disease prevalence,Methodology,english,km
mcgrath_2017,mcgrath_2017,mcgrath_2017_item31,Methods: primary study data items,Methods: primary study data items,23i,Cross-tabulation of index test with reference standard (2 √ó 2 table),Methodology,english,km
mcgrath_2017,mcgrath_2017,mcgrath_2017_item32,Methods: primary study data items,Methods: primary study data items,23j,Funding sources,Other Information,english,km
mcgrath_2017,mcgrath_2017,mcgrath_2017_item33,Methods: risk of bias and heterogeneity,Methods: risk of bias and heterogeneity,24,"Report how included individual studies will be assessed for methodological quality (e.g., QUADAS-2)",Methodology,english,km
mcgrath_2017,mcgrath_2017,mcgrath_2017_item34,Methods: risk of bias and heterogeneity,Methods: risk of bias and heterogeneity,25,Describe if and how piloting the risk of bias tool was done,Methodology,english,km
mcgrath_2017,mcgrath_2017,mcgrath_2017_item35,Methods: risk of bias and heterogeneity,Methods: risk of bias and heterogeneity,26,List criteria used for risk of bias ratings applied during the review,Methodology,english,km
mcgrath_2017,mcgrath_2017,mcgrath_2017_item36,Methods: risk of bias and heterogeneity,Methods: risk of bias and heterogeneity,27,Describe methods for study quality assessment,Methodology,english,km
mcgrath_2017,mcgrath_2017,mcgrath_2017_item37,Methods: risk of bias and heterogeneity,Methods: risk of bias and heterogeneity,28,"Provide measures of consistency (e.g., tau2) for each meta-analysis",Methodology,english,km
mcgrath_2017,mcgrath_2017,mcgrath_2017_item38,Methods: risk of bias and heterogeneity,Methods: risk of bias and heterogeneity,29,Describe test used to assess for publication bias,Methodology,english,km
mcgrath_2017,mcgrath_2017,mcgrath_2017_item39,Methods: summary measures and statistics,Methods: summary measures and statistics,30,State the principal summary measures of diagnostic accuracy to be assessed,Methodology,english,km
mcgrath_2017,mcgrath_2017,mcgrath_2017_item4,Introduction,Introduction,4,"State the scientific and clinical background, including the intended use and clinical role of the index test (e.g., triage test, add-on test, or replacement test)",Introduction,english,km
mcgrath_2017,mcgrath_2017,mcgrath_2017_item40,Methods: summary measures and statistics,Methods: summary measures and statistics,31,Report whether summary measures were calculated on a per-patient or per-lesion basis,Methodology,english,km
mcgrath_2017,mcgrath_2017,mcgrath_2017_item41,Methods: summary measures and statistics,Methods: summary measures and statistics,32,Report pre-defined criteria for minimally acceptable test performance,Methodology,english,km
mcgrath_2017,mcgrath_2017,mcgrath_2017_item42,Methods: summary measures and statistics,Methods: summary measures and statistics,33,State how multiple readers of an index test were accounted for,Methodology,english,km
mcgrath_2017,mcgrath_2017,mcgrath_2017_item43,Methods: summary measures and statistics,Methods: summary measures and statistics,34,"Report the statistical method used for meta-analysis (e.g., hierarchical model)",Methodology,english,km
mcgrath_2017,mcgrath_2017,mcgrath_2017_item44,Methods: summary measures and statistics,Methods: summary measures and statistics,35,State which software package and macros was used for meta-analysis,Methodology,english,km
mcgrath_2017,mcgrath_2017,mcgrath_2017_item45,Methods: summary measures and statistics,Methods: summary measures and statistics,36,Report any programming deviations made from published software packages,Methodology,english,km
mcgrath_2017,mcgrath_2017,mcgrath_2017_item46,Methods: summary measures and statistics,Methods: summary measures and statistics,37,"If comparative design, state the statistical methods used to compare test accuracy",Methodology,english,km
mcgrath_2017,mcgrath_2017,mcgrath_2017_item47,Methods: summary measures and statistics,Methods: summary measures and statistics,38,"Describe methods of additional analyses (e.g., subgroup), indicating whether pre-specified",Methodology,english,km
mcgrath_2017,mcgrath_2017,mcgrath_2017_item48,Methods: summary measures and statistics,Methods: summary measures and statistics,39,Report how subgroup analyses were performed,Methodology,english,km
mcgrath_2017,mcgrath_2017,mcgrath_2017_item49,Methods: summary measures and statistics,Methods: summary measures and statistics,40,When performing meta-regression report the form of factors being explored (categorical vs. continuous) and the cut-off points used,Methodology,english,km
mcgrath_2017,mcgrath_2017,mcgrath_2017_item5,Introduction,Introduction,5,"List review objective using PICO format (participant characteristics, intervention, comparison, outcome)",Introduction,english,km
mcgrath_2017,mcgrath_2017,mcgrath_2017_item50,Results,Results,41,"Report studies from screen to inclusion, ideally with a flow diagram",Results,english,km
mcgrath_2017,mcgrath_2017,mcgrath_2017_item51,Results,Results,42,"For each study, present characteristics for which data were extracted and provide the citations",Results,english,km
mcgrath_2017,mcgrath_2017,mcgrath_2017_item52,Results,Results,43,Present data on risk of bias of each study on a per-item or per-domain basis,Results,english,km
mcgrath_2017,mcgrath_2017,mcgrath_2017_item53,Results,Results,44,Present results of any assessment of publication bias,Results,english,km
mcgrath_2017,mcgrath_2017,mcgrath_2017_item54,Results,Results,45,Report any adverse events or harms from index test or reference standard,Results,english,km
mcgrath_2017,mcgrath_2017,mcgrath_2017_item55,Results,Results,46,"For each study report 2 √ó 2 data (TP, FN, FP, TN)",Results,english,km
mcgrath_2017,mcgrath_2017,mcgrath_2017_item56,Results,Results,47,For each study report summary estimates of accuracy and confidence intervals,Results,english,km
mcgrath_2017,mcgrath_2017,mcgrath_2017_item57,Results,Results,48,"Report each meta-analysis including confidence intervals and measures of consistency (e.g., tau2)",Results,english,km
mcgrath_2017,mcgrath_2017,mcgrath_2017_item58,Results,Results,49,Graphically display results with an ROC curve or forest plots of sensitivity and specificity,Results,english,km
mcgrath_2017,mcgrath_2017,mcgrath_2017_item59,Results,Results,50,"Report additional analyses (e.g., meta-regression)",Results,english,km
mcgrath_2017,mcgrath_2017,mcgrath_2017_item6,"Methods: protocol eligibility, and search","Methods: protocol eligibility, and search",6,"Indicate if a review protocol exists, where it can be accessed and, if available, registration number",Other Information,english,km
mcgrath_2017,mcgrath_2017,mcgrath_2017_item60,Results,Results,51,"Report risk of bias in the synthesis (e.g., analyses stratified by risk of bias)",Results,english,km
mcgrath_2017,mcgrath_2017,mcgrath_2017_item61,Results,Results,52,Report summary of findings table with main outcomes and issues re: applicability of results,Results,english,km
mcgrath_2017,mcgrath_2017,mcgrath_2017_item62,Results,Results,53,Report ‚Äúfrequency‚Äù tables of 2 √ó 2 data demonstrating potential findings in a patient population based on the prevalence,Results,english,km
mcgrath_2017,mcgrath_2017,mcgrath_2017_item63,Discussion,Discussion,54,Summarize findings including implications for practice,Discussion,english,km
mcgrath_2017,mcgrath_2017,mcgrath_2017_item64,Discussion,Discussion,55,Provide a general interpretation of the results in the context of other evidence and implications for future research,Discussion,english,km
mcgrath_2017,mcgrath_2017,mcgrath_2017_item65,Discussion,Discussion,56,"For comparative design, report whether conclusions were based on direct vs. indirect comparisons",Discussion,english,km
mcgrath_2017,mcgrath_2017,mcgrath_2017_item66,Discussion,Discussion,57,Discuss the implications of any missing data,Discussion,english,km
mcgrath_2017,mcgrath_2017,mcgrath_2017_item67,Discussion,Discussion,58,Discuss applicability concerns to different populations/settings,Discussion,english,km
mcgrath_2017,mcgrath_2017,mcgrath_2017_item68,Discussion,Discussion,59,Discuss quality of included studies when forming conclusions,Discussion,english,km
mcgrath_2017,mcgrath_2017,mcgrath_2017_item69,Discussion,Discussion,60,Account for any statistical heterogeneity when interpreting the results,Methodology,english,km
mcgrath_2017,mcgrath_2017,mcgrath_2017_item7,"Methods: protocol eligibility, and search","Methods: protocol eligibility, and search",7,Report deviations from the original protocol,Other Information,english,km
mcgrath_2017,mcgrath_2017,mcgrath_2017_item70,Discussion,Discussion,61,Discuss the potential impact of reporting biases,Discussion,english,km
mcgrath_2017,mcgrath_2017,mcgrath_2017_item71,Discussion,Discussion,62,"Discuss the five GRADE considerations (study limitations, consistency of effect, imprecision, indirectness, and publication bias)",Discussion,english,km
mcgrath_2017,mcgrath_2017,mcgrath_2017_item72,Disclosure,Disclosure,63,Describe sources of funding for the review and role of funders,Other Information,english,km
mcgrath_2017,mcgrath_2017,mcgrath_2017_item73,Disclosure,Disclosure,64,Report potential relevant conflicts of interest for review investigators,Other Information,english,km
mcgrath_2017,mcgrath_2017,mcgrath_2017_item8,"Methods: protocol eligibility, and search","Methods: protocol eligibility, and search",8,Report which outcomes are considered primary and secondary,Introduction,english,km
mcgrath_2017,mcgrath_2017,mcgrath_2017_item9,"Methods: protocol eligibility, and search","Methods: protocol eligibility, and search",9,Describe all information sources and the date of search,Methodology,english,km
mcinnes_2018,mcinnes_2018_abstracts,mcinnes_2018_abstracts_item1,title and purpose,title,1,Identify the report as a systematic review (+/- meta-analysis) of diagnostic test accuracy (DTA) studies.,Abstract,english,km
mcinnes_2018,mcinnes_2018_abstracts,mcinnes_2018_abstracts_item10,discussion,interpretation,10,Provide a general interpretation of the results and the important implications.,Abstract,english,km
mcinnes_2018,mcinnes_2018_abstracts,mcinnes_2018_abstracts_item11,other,funding,11,Indicate the primary source of funding for the review.,Abstract,english,km
mcinnes_2018,mcinnes_2018_abstracts,mcinnes_2018_abstracts_item12,other,registration,12,Provide the registration number and the registry name,Abstract,english,km
mcinnes_2018,mcinnes_2018_abstracts,mcinnes_2018_abstracts_item2,title and purpose,objectives,2,"Indicate the research question, including components such as participants, index test, and target conditions.",Abstract,english,km
mcinnes_2018,mcinnes_2018_abstracts,mcinnes_2018_abstracts_item3,methods,eligibility criteria,3,Include study characteristics used as criteria for eligibility.,Abstract,english,km
mcinnes_2018,mcinnes_2018_abstracts,mcinnes_2018_abstracts_item4,methods,information sources,4,List the key databases searched and the search dates.,Abstract,english,km
mcinnes_2018,mcinnes_2018_abstracts,mcinnes_2018_abstracts_item5,methods,risk of bias and applicability,5,Indicate the methods of assessing risk of bias and applicability.,Abstract,english,km
mcinnes_2018,mcinnes_2018_abstracts,mcinnes_2018_abstracts_item6,methods,synthesis of results,a1,Indicate the methods for the data synthesis.,Abstract,english,km
mcinnes_2018,mcinnes_2018_abstracts,mcinnes_2018_abstracts_item7,results,included studies,6,Indicate the number and type of included studies and the participants and relevant characteristics of the studies (including the reference standard).,Abstract,english,km
mcinnes_2018,mcinnes_2018_abstracts,mcinnes_2018_abstracts_item8,results,synthesis of results,7,"Include the results for the analysis of diagnostic accuracy, preferably indicating the number of studies and participants. Describe test accuracy including variability; if meta-analysis was done, include summary results and confidence intervals.",Abstract,english,km
mcinnes_2018,mcinnes_2018_abstracts,mcinnes_2018_abstracts_item9,discussion,strengths and limitations,9,Provide a brief summary of the strengths and limitations of the evidence,Abstract,english,km
mcinnes_2018,mcinnes_2018,mcinnes_2018_item1,title / abstract,title,1,Identify the report as a systematic review (+/- meta-analysis) of diagnostic test accuracy (DTA) studies.,Title,english,km
mcinnes_2018,mcinnes_2018,mcinnes_2018_item10,methods,data collection process,10,"Describe method of data extraction from reports (e.g., piloted forms, independently, in duplicate) and any processes for obtaining and confirming data from investigators. ",Methodology,english,km
mcinnes_2018,mcinnes_2018,mcinnes_2018_item11,methods,definitions for data extraction,11,"Provide definitions used in data extraction and classifications of target condition(s), index test(s), reference standard(s) and other characteristics (e.g. study design, clinical setting).",Methodology,english,km
mcinnes_2018,mcinnes_2018,mcinnes_2018_item12,methods,risk of bias and applicability,12,Describe methods used for assessing risk of bias in individual studies and concerns regarding the applicability to the review question.,Methodology,english,km
mcinnes_2018,mcinnes_2018,mcinnes_2018_item13,methods,diagnostic accuracy measures,13,"State the principal diagnostic accuracy measure(s) reported (e.g. sensitivity, specificity) and state the unit of assessment (e.g. per-patient, per-lesion).",Methodology,english,km
mcinnes_2018,mcinnes_2018,mcinnes_2018_item14,methods,synthesis of results,14,"Describe methods of handling data, combining results of studies and describing variability between studies. This could include, but is not limited to: a) handling of multiple definitions of target condition. b) handling of multiple thresholds of test positivity, c) handling multiple index test readers, d) handling of indeterminate test results, e) grouping and comparing tests, f) handling of different reference standards",Methodology,english,km
mcinnes_2018,mcinnes_2018,mcinnes_2018_item15,methods,meta-analysis,d2,"Report the statistical methods used for meta-analyses, if performed.",Methodology,english,km
mcinnes_2018,mcinnes_2018,mcinnes_2018_item16,methods,additional analyses,16,"Describe methods of additional analyses (e.g., sensitivity or subgroup analyses, meta-regression), if done, indicating which were pre-specified. ",Methodology,english,km
mcinnes_2018,mcinnes_2018,mcinnes_2018_item17,results,study selection,17,"Provide numbers of studies screened, assessed for eligibility, included in the review (and included in meta-analysis, if applicable) with reasons for exclusions at each stage, ideally with a flow diagram. ",Results,english,km
mcinnes_2018,mcinnes_2018,mcinnes_2018_item18,results,study characteristics,18,"For each included study provide citations and present key characteristics including: a) participant characteristics (presentation, prior testing), b) clinical setting, c) study design, d) target condition definition, e) index test, f) reference standard, g) sample size, h) funding sources",Other Information,english,km
mcinnes_2018,mcinnes_2018,mcinnes_2018_item19,results,risk of bias and applicability,19,Present evaluation of risk of bias and concerns regarding applicability for each study.,Results,english,km
mcinnes_2018,mcinnes_2018,mcinnes_2018_item2,introduction,rationale,3,Describe the rationale for the review in the context of what is already known. ,Introduction,english,km
mcinnes_2018,mcinnes_2018,mcinnes_2018_item20,results,results of individual studies,20,"For each analysis in each study (e.g. unique combination of index test, reference standard, and positivity threshold) report 2x2 data (TP, FP, FN, TN) with estimates of diagnostic accuracy and confidence intervals, ideally with a forest or receiver operator characteristic (ROC) plot.",Results,english,km
mcinnes_2018,mcinnes_2018,mcinnes_2018_item21,results,synthesis of results,21,"Describe test accuracy, including variability; if meta-analysis was done, include results and confidence intervals.",Results,english,km
mcinnes_2018,mcinnes_2018,mcinnes_2018_item22,results,additional analysis,23,"Give results of additional analyses, if done (e.g., sensitivity or subgroup analyses, meta-regression; analysis of index test: failure rates, proportion of inconclusive results, adverse events).",Results,english,km
mcinnes_2018,mcinnes_2018,mcinnes_2018_item23,discussion,summary of evidence,24,"Summarize the main findings including the strength of evidence for each main outcome; consider their relevance to key groups (e.g., health care providers, users, and policy makers).",Discussion,english,km
mcinnes_2018,mcinnes_2018,mcinnes_2018_item24,discussion,limitations,25,Discuss limitations from included studies (e.g. risk of bias and concerns regarding applicability) and from the review process (e.g. incomplete retrieval of identified research).,Discussion,english,km
mcinnes_2018,mcinnes_2018,mcinnes_2018_item25,discussion,conclusions,26,Provide a general interpretation of the results in the context of other evidence. Discuss implications for future research and clinical practice (e.g. the intended use and clinical role of the index test).,Discussion,english,km
mcinnes_2018,mcinnes_2018,mcinnes_2018_item26,funding,funding,27,"For the systematic review, describe the sources of funding and other support and the role of the funders.",Other Information,english,km
mcinnes_2018,mcinnes_2018,mcinnes_2018_item3,introduction,clinical role of index test,d1,"State the scientific and clinical background, including the intended use and clinical role of the index test, and if applicable, the rationale for minimally acceptable test accuracy (or minimum difference in accuracy for comparative design).",Introduction,english,km
mcinnes_2018,mcinnes_2018,mcinnes_2018_item4,introduction,objectives,4,"Provide an explicit statement of question(s) being addressed in terms of participants, index test(s), and target condition(s).",Introduction,english,km
mcinnes_2018,mcinnes_2018,mcinnes_2018_item5,methods,protocol and registration,5,"Indicate if a review protocol exists, if and where it can be accessed (e.g., Web address), and, if available, provide registration information including registration number. ",Other Information,english,km
mcinnes_2018,mcinnes_2018,mcinnes_2018_item6,methods,eligibility criteria,6,"Specify study characteristics (participants, setting, index test(s), reference standard(s), target condition(s), and study design) and report characteristics (e.g., years considered, language, publication status) used as criteria for eligibility, giving rationale.",Methodology,english,km
mcinnes_2018,mcinnes_2018,mcinnes_2018_item7,methods,information sources,7,"Describe all information sources (e.g., databases with dates of coverage, contact with study authors to identify additional studies) in the search and date last searched. ",Methodology,english,km
mcinnes_2018,mcinnes_2018,mcinnes_2018_item8,methods,search,8,"Present full search strategies for all electronic databases and other sources searched, including any limits used, such that they could be repeated.",Methodology,english,km
mcinnes_2018,mcinnes_2018,mcinnes_2018_item9,methods,study selection,9,"State the process for selecting studies (i.e., screening, eligibility, included in systematic review, and, if applicable, included in the meta-analysis). ",Methodology,english,km
moher_1999,moher_1999,moher_1999_item1,Title,Title,,Identify the report as a meta-analysis [or systematic review] of RCTs.,Title,english,km
moher_1999,moher_1999,moher_1999_item10,Methods,Selection,,"The inclusion and exclusion criteria (defining population, intervention, principal outcomes, and study design).",Methodology,english,km
moher_1999,moher_1999,moher_1999_item11,Methods,Validity assessment,,"The criteria and process used (eg, masked conditions, quality assessment, and their findings).",Methodology,english,km
moher_1999,moher_1999,moher_1999_item12,Methods,Data abstraction,,"The process or processes used (eg, completed independently, in duplicate).",Methodology,english,km
moher_1999,moher_1999,moher_1999_item13,Methods,Study characteristics,,"The type of study design, participant characteristics, details of intervention, outcome definitions, and how clinical heterogeneity was assessed.",Methodology,english,km
moher_1999,moher_1999,moher_1999_item14,Methods,Quantitative data synthesis,,"The principal measures of effect (eg, relative risk), method of combining results (statistical testing and confidence intervals), handling of missing data; how statistical heterogeneity was assessed; a rationale for any a-priori sensitivity and subgroup analyses; and any assessment of publication bias.",Methodology,english,km
moher_1999,moher_1999,moher_1999_item15,Results,Trial flow,,Provide a meta-analysis profile summarising trial flow (see figure).,Results,english,km
moher_1999,moher_1999,moher_1999_item16,Results,Study characteristics,,"Present descriptive data for each trial (eg, age, sample size, intervention, dose, duration, follow-up period).",Results,english,km
moher_1999,moher_1999,moher_1999_item17,Results,Quantitative data synthesis,,"Report agreement on the selection and validity assessment; present simple summary results (for each treatment group in each trial, for each primary outcome); present data needed to calculate effect sizes and confidence intervals in intention-to-treat analyses (eg 2x2 tables of counts, means and SDs, proportions).",Results,english,km
moher_1999,moher_1999,moher_1999_item18,Discussion,Discussion,,Summarise key findings; discuss clinical inferences based on internal and external validity; interpret the results in light of the totality of available evidence; describe potential limitations and implications.,Discussion,english,km
moher_1999,moher_1999,moher_1999_item2,Abstract,Abstract,,Use a structured format.,Abstract,english,km
moher_1999,moher_1999,moher_1999_item3,Abstract,Describe Objectives,,The clinical question explicitly.,Abstract,english,km
moher_1999,moher_1999,moher_1999_item4,Abstract,Data sources,,"The databases (ie, list) and other information sources.",Abstract,english,km
moher_1999,moher_1999,moher_1999_item5,Abstract,Review methods,,"The selection criteria (ie, population, intervention, outcome, and study design); methods for validity assessment, data abstraction, and study characteristics, and quantitative data synthesis in sufficient detail to permit replication.",Abstract,english,km
moher_1999,moher_1999,moher_1999_item6,Abstract,Results,,"Characteristics of the RCTs included and excluded; qualitative and quantitative findings (ie, point estimates and confidence intervals); and subgroup analyses.",Abstract,english,km
moher_1999,moher_1999,moher_1999_item7,Abstract,Conclusion,,The main results.,Abstract,english,km
moher_1999,moher_1999,moher_1999_item8,Introduction,Introduction,,"The explicit clinical problem, biological rationale for the intervention, and rationale for review.",Introduction,english,km
moher_1999,moher_1999,moher_1999_item9,Methods,Searching,,"The information sources, in detail (eg, databases, registers, personal files, expert informants, agencies, hand-searching), and any restrictions (years considered, publication status, language of publication).",Methodology,english,km
moher_2009,moher_2009,moher_2009_item1,Title,Title,1,"Identify the report as a systematic review, meta-analysis, or both.",Title,english,km
moher_2009,moher_2009,moher_2009_item10,Methods,Data collection process,10,"Describe method of data extraction from reports (e.g., piloted forms, independently, in duplicate) and any processes for obtaining and confirming data from investigators.",Methodology,english,km
moher_2009,moher_2009,moher_2009_item11,Methods,Data items,11,"List and define all variables for which data were sought (e.g., PICOS, funding sources) and any assumptions and simplifications made.",Methodology,english,km
moher_2009,moher_2009,moher_2009_item12,Methods,Risk of bias in individual studies,12,"Describe methods used for assessing risk of bias of individual studies (including specification of whether this was done at the study or outcome level), and how this information is to be used in any data synthesis.",Methodology,english,km
moher_2009,moher_2009,moher_2009_item13,Methods,Summary measures,13,"State the principal summary measures (e.g., risk ratio, difference in means).",Methodology,english,km
moher_2009,moher_2009,moher_2009_item14,Methods,Synthesis of results,14,"Describe the methods of handling data and combining results of studies, if done, including measures of consistency (e.g., I2) for each meta-analysis.",Methodology,english,km
moher_2009,moher_2009,moher_2009_item15,Methods,Risk of bias across studies,15,"Specify any assessment of risk of bias that may affect the cumulative evidence (e.g., publication bias, selective reporting within studies).",Methodology,english,km
moher_2009,moher_2009,moher_2009_item16,Methods,Additional analyses,16,"Describe methods of additional analyses (e.g., sensitivity or subgroup analyses, meta-regression), if done, indicating which were pre-specified.",Methodology,english,km
moher_2009,moher_2009,moher_2009_item17,Results,Study selection,17,"Give numbers of studies screened, assessed for eligibility, and included in the review, with reasons for exclusions at each stage, ideally with a flow diagram.",Results,english,km
moher_2009,moher_2009,moher_2009_item18,Results,Study characteristics,18,"For each study, present characteristics for which data were extracted (e.g., study size, PICOS, follow-up period) and provide the citations.",Results,english,km
moher_2009,moher_2009,moher_2009_item19,Results,Risk of bias within studies,19,"Present data on risk of bias of each study and, if available, any outcome-level assessment (see Item 12).",Results,english,km
moher_2009,moher_2009,moher_2009_item2,Abstract,Structured summary,2,"Provide a structured summary including, as applicable: background; objectives; data sources; study eligibility criteria, participants, and interventions; study appraisal and synthesis methods; results; limitations; conclusions and implications of key findings; systematic review registration number.",Abstract,english,km
moher_2009,moher_2009,moher_2009_item20,Results,Results of individual studies,20,"For all outcomes considered (benefits or harms), present, for each study: (a) simple summary data for each intervention group and (b) effect estimates and confidence intervals, ideally with a forest plot.",Results,english,km
moher_2009,moher_2009,moher_2009_item21,Results,Synthesis of results,21,"Present results of each meta-analysis done, including confidence intervals and measures of consistency.",Results,english,km
moher_2009,moher_2009,moher_2009_item22,Results,Risk of bias across studies,22,Present results of any assessment of risk of bias across studies  (see Item 15).,Results,english,km
moher_2009,moher_2009,moher_2009_item23,Results,Additional analysis,23,"Give results of additional analyses, if done (e.g., sensitivity or subgroup analyses, meta-regression) (see Item 16).",Results,english,km
moher_2009,moher_2009,moher_2009_item24,Discussion,Summary of evidence,24,"Summarize the main findings including the strength of evidence for each main outcome; consider their relevance to key groups (e.g., health care providers, users, and policy makers).",Discussion,english,km
moher_2009,moher_2009,moher_2009_item25,Discussion,Limitations,25,"Discuss limitations at study and outcome level (e.g., risk of bias), and at review level (e.g., incomplete retrieval of identified research, reporting bias).",Discussion,english,km
moher_2009,moher_2009,moher_2009_item26,Discussion,Conclusions,26,"Provide a general interpretation of the results in the context of other evidence, and implications for future research.",Discussion,english,km
moher_2009,moher_2009,moher_2009_item27,Funding,Funding,27,"Describe sources of funding for the systematic review and other support (e.g., supply of data); role of funders for the systematic review.",Other Information,english,km
moher_2009,moher_2009,moher_2009_item3,Introduction,Rationale,3,Describe the rationale for the review in the context of what is already known.,Introduction,english,km
moher_2009,moher_2009,moher_2009_item4,Introduction,Objectives,4,"Provide an explicit statement of questions being addressed with reference to participants, interventions, comparisons, outcomes, and study design (PICOS).",Introduction,english,km
moher_2009,moher_2009,moher_2009_item5,Methods,Protocol and registration,5,"Indicate if a review protocol exists, if and where it can be accessed (e.g., Web address), and, if available, provide registration information including registration number.",Other Information,english,km
moher_2009,moher_2009,moher_2009_item6,Methods,Eligibility criteria,6,"Specify study characteristics (e.g., PICOS, length of follow-up) and report characteristics (e.g., years considered, language, publication status) used as criteria for eligibility, giving rationale.",Methodology,english,km
moher_2009,moher_2009,moher_2009_item7,Methods,Information sources,7,"Describe all information sources (e.g., databases with dates of coverage, contact with study authors to identify additional studies) in the search and date last searched.",Methodology,english,km
moher_2009,moher_2009,moher_2009_item8,Methods,Search,8,"Present full electronic search strategy for at least one database, including any limits used, such that it could be repeated.",Methodology,english,km
moher_2009,moher_2009,moher_2009_item9,Methods,Study selection,9,"State the process for selecting studies (i.e., screening, eligibility, included in systematic review, and, if applicable, included in the meta-analysis).",Methodology,english,km
moher_2015,moher_2015,moher_2015_item1,Administrative Information,Title - Identification,1a,Identify the report as a protocol of a systematic review.,Title,english,km
moher_2015,moher_2015,moher_2015_item10,Introduction,Rationale,6,Describe the rationale for the review in the context of what is already known.,Introduction,english,km
moher_2015,moher_2015,moher_2015_item11,Introduction,Objectives,7,"Provide an explicit statement of the question(s) the review will address with reference to participants, interventions, comparators, and outcomes (PICO).",Introduction,english,km
moher_2015,moher_2015,moher_2015_item12,Methods,Eligibility criteria,8,"Specify the study characteristics (such as PICO, study design, setting, time frame) and report characteristics (such as years considered, language, publication status) to be used as criteria for eligibility for the review.",Methodology,english,km
moher_2015,moher_2015,moher_2015_item13,Methods,Information sources,9,"Describe all intended information sources (such as electronic databases, contact with study authors, trial registers or other grey literature sources) with planned dates of coverage.",Methodology,english,km
moher_2015,moher_2015,moher_2015_item14,Methods,Search strategy,10,"Present draft of search strategy to be used for at least one electronic database, including planned limits, such that it could be repeated.",Methodology,english,km
moher_2015,moher_2015,moher_2015_item15,Methods,Study records - Data management,11a,Describe the mechanism(s) that will be used to manage records and data throughout the review.,Methodology,english,km
moher_2015,moher_2015,moher_2015_item16,Methods,Study records - Selection process,11b,"State the process that will be used for selecting studies (such as two independent reviewers) through each phase of the review (that is, screening, eligibility and inclusion in meta-analysis).",Methodology,english,km
moher_2015,moher_2015,moher_2015_item17,Methods,Study records - Data collection process,11c,"Describe planned method of extracting data from reports (such as piloting forms, done independently, in duplicate), any processes for obtaining and confirming data from investigators.",Methodology,english,km
moher_2015,moher_2015,moher_2015_item18,Methods,Data items,12,"List and define all variables for which data will be sought (such as PICO items, funding sources), any pre-planned data assumptions and simplifications.",Methodology,english,km
moher_2015,moher_2015,moher_2015_item19,Methods,Outcomes and prioritization,13,"List and define all outcomes for which data will be sought, including prioritization of main and additional outcomes, with rationale.",Methodology,english,km
moher_2015,moher_2015,moher_2015_item2,Administrative Information,Title - Update,1b,"If the protocol is for an update of a previous systematic review, identify as such.",Title,english,km
moher_2015,moher_2015,moher_2015_item20,Methods,Risk of bias in individual studies,14,"Describe anticipated methods for assessing risk of bias of individual studies, including whether this will be done at the outcome or study level, or both; state how this information will be used in data synthesis.",Methodology,english,km
moher_2015,moher_2015,moher_2015_item21,Methods,Data synthesis - Criteria for synthesis,15a,Describe criteria under which study data will be quantitatively synthesised.,Methodology,english,km
moher_2015,moher_2015,moher_2015_item22,Methods,Data synthesis - Quantitative methods,15b,"If data are appropriate for quantitative synthesis, describe planned summary measures, methods of handling data and methods of combining data from studies, including any planned exploration of consistency (such as I2).",Methodology,english,km
moher_2015,moher_2015,moher_2015_item23,Methods,Data synthesis - Additional analyses,15c,"Describe any proposed additional analyses (such as sensitivity or subgroup analyses, meta-regression).",Methodology,english,km
moher_2015,moher_2015,moher_2015_item24,Methods,Data synthesis - Qualitative summary,15d,"If quantitative synthesis is not appropriate, describe the type of summary planned.",Methodology,english,km
moher_2015,moher_2015,moher_2015_item25,Methods,Meta-bias(es),16,"Specify any planned assessment of meta-bias(es) (such as publication bias across studies, selective reporting within studies).",Methodology,english,km
moher_2015,moher_2015,moher_2015_item26,Methods,Confidence in cumulative evidence,17,Describe how the strength of the body of evidence will be assessed (such as GRADE).,Methodology,english,km
moher_2015,moher_2015,moher_2015_item3,Administrative Information,Registration,2,"If registered, provide the name of the registry (such as PROSPERO) and registration number.",Other Information,english,km
moher_2015,moher_2015,moher_2015_item4,Administrative Information,Authors - Contact,3a,"Provide name, institutional affiliation, e-mail address of all protocol authors; provide physical mailing address of corresponding author.",Other Information,english,km
moher_2015,moher_2015,moher_2015_item5,Administrative Information,Authors - Contributions,3b,Describe contributions of protocol authors and identify the guarantor of the review.,Other Information,english,km
moher_2015,moher_2015,moher_2015_item6,Administrative Information,Amendments,4,"If the protocol represents an amendment of a previously completed or published protocol, identify as such and list changes; otherwise, state plan for documenting important protocol amendments.",Other Information,english,km
moher_2015,moher_2015,moher_2015_item7,Administrative Information,Support - Sources,5a,Indicate sources of financial or other support for the review.,Other Information,english,km
moher_2015,moher_2015,moher_2015_item8,Administrative Information,Support - Sponsor,5b,Provide name for the review funder and/or sponsor.,Other Information,english,km
moher_2015,moher_2015,moher_2015_item9,Administrative Information,Support - Role of sponsor or funder,5c,"Describe roles of funder(s), sponsor(s), and/or institution(s), if any, in developing the protocol.",Other Information,english,km
montazeri_2023,montazeri_2023,montazeri_2023_item1,Title,Title,1,Identify the report as a bibliometric review in the title.,Title,english,km
montazeri_2023,montazeri_2023,montazeri_2023_item10,Methods,Methods,10,"Remove the irrelevant articles; inspection to eliminate duplicate and unrelated articles (after evaluation of the title, abstract and content).",Methodology,english,km
montazeri_2023,montazeri_2023,montazeri_2023_item11,Methods,Methods,11,Assessment of papers by three authors and the use of assessing checklists.,Methodology,english,km
montazeri_2023,montazeri_2023,montazeri_2023_item12,Methods,Methods,12,"Describe the methods used for summarizing, handling, synthesis, tabulations or schematic displays. Describe how the data were analysed.",Methodology,english,km
montazeri_2023,montazeri_2023,montazeri_2023_item13,Results,Results,13,"- Provide details of the search and selection process in a flow diagram. - Number of citations retrieved (number of publication, year of publication, type of documents, country of publication, articles with the highest impact, most impactful authors, most impactful articles, authors with the highest production, top journals, top institutions, ‚Ä¶).",Results,english,km
montazeri_2023,montazeri_2023,montazeri_2023_item14,Results,Results,14,"Summarize and/or present the schematic maps and trends using an appropriate software to present citations, journals, authors, top journals, time trends, emerging literature, and any relevant indicators (as applicable).",Results,english,km
montazeri_2023,montazeri_2023,montazeri_2023_item15,Results,Results,15,"General recommendation: Studies under consideration could be summarized and organized by different subtitles and different scenarios. Regardless, results need to be presented in separate tables covering each subtitle. The followings are some options that could help to summarize the findings.

Option 1:
- Start the presentation with a historical view [when and who first published on the topic].
- Report on review papers. The result should be listed in a separate table. Also, specify the review type (scoping review, narrative review, systematic review, and meta-analysis).
- Summarize the findings according to the study designs and main study types.

Option 2:
- Start the presentation with a historical view [when and who first published on the topic].
- Report on review papers. The result should be listed in a separate table. Also, indicate the review type (scoping review, narrative review, systematic review, and meta-analysis) should be specified. 
- Summarize the findings according to outcome measures or populations.

Option 3:
- Start the presentation with a historical view [when and who first published on the topic].
- Report on review papers. The result should be listed in a separate table. Also, specify the review type (scoping review, narrative review, systematic review, and meta-analysis).
- Summarize the findings according to concept.

Option 4:
- Start the presentation with a historical view [when and who first published on the topic].
- Report on review papers. The result should be listed in a separate table, and also specify the review type (scoping review, narrative review, systematic review, and meta-analysis).
- Summarize the findings according to different subtitles relevant to the main topic.",Results,english,km
montazeri_2023,montazeri_2023,montazeri_2023_item16,Results,Results,16,"Synthesize the findings as much as possible, find the gap, and propose a model, hypothesis, etc. (if applicable).",Results,english,km
montazeri_2023,montazeri_2023,montazeri_2023_item17,Discussion,Discussion,17,Summarize the main findings. The findings should be presented in more 'general' or 'accessible' terms.,Discussion,english,km
montazeri_2023,montazeri_2023,montazeri_2023_item18,Discussion,Discussion,18,"Include interpretation consistent with results. Explanations for observed outcomes, similarities, and differences reported would be essential.",Discussion,english,km
montazeri_2023,montazeri_2023,montazeri_2023_item19,Discussion,Discussion,19,Discuss the strengths and limitations.,Discussion,english,km
montazeri_2023,montazeri_2023,montazeri_2023_item2,Title,Title,2,Indicate the key issues/topics under investigation and coverage of time period.,Title,english,km
montazeri_2023,montazeri_2023,montazeri_2023_item20,Discussion,Discussion,20,"Provide a general interpretation of the results with respect to the review questions and objectives, as well as potential implications.",Discussion,english,km
montazeri_2023,montazeri_2023,montazeri_2023_item3,Abstract,Abstract,3,"Structured summary including (as applicable): background, methods, results (key findings) and conclusions.",Abstract,english,km
montazeri_2023,montazeri_2023,montazeri_2023_item4,Introduction/ Background,Introduction/ Background,4,Present review of existing knowledge and epidemiological information.,Introduction,english,km
montazeri_2023,montazeri_2023,montazeri_2023_item5,Introduction/ Background,Introduction/ Background,5,Statement of the objective(s) or question(s).,Introduction,english,km
montazeri_2023,montazeri_2023,montazeri_2023_item6,Methods,Methods,6,"Describe all information sources (such as electronic databases, contact with study authors, trial registers or other grey literature sources).",Methodology,english,km
montazeri_2023,montazeri_2023,montazeri_2023_item7,Methods,Methods,7,"Keywords and systematization criteria (date of search, language, type of document) for the search.",Methodology,english,km
montazeri_2023,montazeri_2023,montazeri_2023_item8,Methods,Methods,8,The period that the review covers and the justification.,Methodology,english,km
montazeri_2023,montazeri_2023,montazeri_2023_item9,Methods,Methods,9,"Describe all inclusion and exclusion criteria; languages; study design, type of publication and time period.",Methodology,english,km
muller_2018,muller_2018,muller_2018_item1,NA,NA,NA,The research question is specifically defined,Introduction,english,km
muller_2018,muller_2018,muller_2018_item10,NA,NA,NA,The meta-analysis includes diagnostics,Methodology,english,km
muller_2018,muller_2018,muller_2018_item2,NA,NA,NA,The literature search was systematic,Methodology,english,km
muller_2018,muller_2018,muller_2018_item3,NA,NA,NA,Detailed inclusion and exclusion criteria are included,Methodology,english,km
muller_2018,muller_2018,muller_2018_item4,NA,NA,NA,Sample overlap was taken into account,Methodology,english,km
muller_2018,muller_2018,muller_2018_item5,NA,NA,NA,All experiments use the same search coverage,Methodology,english,km
muller_2018,muller_2018,muller_2018_item6,NA,NA,NA,Studies are converted to a common reference space,Methodology,english,km
muller_2018,muller_2018,muller_2018_item7,NA,NA,NA,Data extraction have been conducted by two investigators or double checked,Methodology,english,km
muller_2018,muller_2018,muller_2018_item8,NA,NA,NA,"The paper includes a table with references, study description, contrasts and samples",Methodology,english,km
muller_2018,muller_2018,muller_2018_item9,NA,NA,NA,The study protocol was previously registered and all analyses planned beforehand,Other Information,english,km
murad_2017,murad_2017,murad_2017_item1,Title,Title,,Identify the report as a meta-epidemiologic study.,Title,english,km
murad_2017,murad_2017,murad_2017_item10,Methods,Data collection process,,"Describe method of data extraction from reports (eg, piloted forms, independently, in duplicate) and any processes used for manipulating data or obtaining and confirming data from investigators.",Methodology,english,km
murad_2017,murad_2017,murad_2017_item11,Methods,Data items,,List and define all variables for which data were sought and any assumptions and imputations made.,Methodology,english,km
murad_2017,murad_2017,murad_2017_item12,Methods,Risk of bias in individual studies,,"If risk of bias assessment of individual studies was relevant to the analysis, describe the items used and how this information is to be used during data synthesis.",Methodology,english,km
murad_2017,murad_2017,murad_2017_item13,Methods,Summary measures,,"State the principal summary measures (eg, ratio of risk ratios, difference in means) and explain its meaning and direction to readers.",Methodology,english,km
murad_2017,murad_2017,murad_2017_item14,Methods,Synthesis of results,,"Describe the statistical or descriptive methods of synthesis including measures of consistency if relevant. If applicable, describe the development of statistical or simulation modelling based on theoretical background. Describe and justify assumptions and computational approximations. Describe methods of additional analyses (eg, sensitivity or subgroup analyses, meta-regression), if done, indicating which were prespecified.",Methodology,english,km
murad_2017,murad_2017,murad_2017_item15,Results,Study selection,,"Give numbers of studies assessed for eligibility and included in the study, with reasons for exclusions at each stage, ideally with a flow diagram. Present a measure of inter-reviewer agreement (eg, kappa statistic).",Results,english,km
murad_2017,murad_2017,murad_2017_item16,Results,Study characteristics,,"For each study, present characteristics for which data were extracted and provide the citations. Clinical characteristics may not always be relevant.",Results,english,km
murad_2017,murad_2017,murad_2017_item17,Results,Risk of bias within studies,,"If risk of bias assessment of individual studies was used in the meta-epidemiological analysis, report risk of bias indicators of each study to allow replication of findings.",Results,english,km
murad_2017,murad_2017,murad_2017_item18,Results,Results of individual studies,,Present data elements used in the meta-epidemiological analysis from each study (results of clinical outcomes may not be relevant).,Results,english,km
murad_2017,murad_2017,murad_2017_item19,Results,Synthesis of results,,"Present results of statistical analysis done, including measures of precision and measures of consistency. Present validity of assumptions and fit of statistical or simulation modelling, if applicable.",Results,english,km
murad_2017,murad_2017,murad_2017_item2,Abstract,Structured summary,,"Provide a structured summary that includes the background of the topic, goal of the study, data sources, method of data selection, appraisal and synthesis methods, results, limitations, conclusions and implications of key findings.",Abstract,english,km
murad_2017,murad_2017,murad_2017_item20,Results,Additional analysis,,"Give results of additional analyses, if done (eg, sensitivity or subgroup analyses, meta-regression).",Results,english,km
murad_2017,murad_2017,murad_2017_item21,Discussion,Summary of evidence,,"Summarise the main findings and compare them with existing knowledge about the topic. The quality of evidence may not be relevant; however, investigators should describe their certainty in the results to readers.",Discussion,english,km
murad_2017,murad_2017,murad_2017_item22,Discussion,Limitations,,"Discuss limitations at research methodology level (eg, likelihood of reporting or publication bias).",Discussion,english,km
murad_2017,murad_2017,murad_2017_item23,Discussion,Conclusions,,Provide general interpretation of the results and implications for future research. Provide any plausible impact on clinical practice.,Discussion,english,km
murad_2017,murad_2017,murad_2017_item24,Funding,Funding,,Describe sources of funding for the methodology research and role of funders.,Other Information,english,km
murad_2017,murad_2017,murad_2017_item3,Introduction,Rationale,,Describe the rationale for the meta-epidemiological study in the context of what is already known.,Introduction,english,km
murad_2017,murad_2017,murad_2017_item4,Introduction,Objectives,,Provide an explicit statement of the goal of the meta-epidemiological study and the hypothesis being empirically tested.,Introduction,english,km
murad_2017,murad_2017,murad_2017_item5,Methods,Protocol,,"Indicate if a protocol exists, if and where it can be accessed (eg, Web address). Registration of a protocol is not mandatory.",Other Information,english,km
murad_2017,murad_2017,murad_2017_item6,Methods,Eligibility criteria,,Specify study characteristics used as criteria for eligibility with a rationale.,Methodology,english,km
murad_2017,murad_2017,murad_2017_item7,Methods,Information sources,,"Describe all information sources (eg, databases with dates of coverage, contact with experts to identify additional studies, Internet searches) and search date.",Methodology,english,km
murad_2017,murad_2017,murad_2017_item8,Methods,Search,,"Present full electronic search strategy for at least one database, including any limits used, such that it could be repeated. Search is commonly not driven by a clinical question.",Methodology,english,km
murad_2017,murad_2017,murad_2017_item9,Methods,Study selection,,"Describe the process for selecting studies for inclusion (ie, how many reviewers selected studies, reviewing in duplicate or by single individuals).",Methodology,english,km
obrien_2014,obrien_2014,obrien_2014_item1,,Title and abstract,S1 Title,"Concise description of the nature and topic of the study identifying the study as qualitative or indicating the approach (e.g., ethnography, grounded theory) or data collection methods (e.g., interview, focus group) is recommended apa?",Abstract,english,km
obrien_2014,obrien_2014,obrien_2014_item10,,Methods,S10 Data collection methods,"Types of data collected; details of data collection procedures including (as appropriate) start and stop dates of data collection and analysis, iterative process, triangulation of sources/methods, and modification of procedures in response to evolving study findings; rationale",Methodology,english,km
obrien_2014,obrien_2014,obrien_2014_item11,,Methods,S11 Data collection instruments and technologies,"Description of instruments (e.g., interview guides, questionnaires) and devices (e.g., audio recorders) used for data collection; if/how the instrument(s) changed over the course of the study",Methodology,english,km
obrien_2014,obrien_2014,obrien_2014_item12,,Methods,S12 Units of study,"Number and relevant characteristics of participants, documents, or events included in the study; level of participation (could be reported in results)",Results,english,km
obrien_2014,obrien_2014,obrien_2014_item13,,Methods,S13 Data processing,"Methods for processing data prior to and during analysis, including transcription, data entry, data management and security, verification of data integrity, data coding, and anonymization/deidentification of excerpts",Methodology,english,km
obrien_2014,obrien_2014,obrien_2014_item14,,Methods,S14 Data analysis,"Process by which inferences, themes, etc., were identified and developed, including researchers involved in data analysis; usually references a specific paradigm or approach; rationale",Methodology,english,km
obrien_2014,obrien_2014,obrien_2014_item15,,Methods,S15 Techniques to enhance trustworthiness,"Techniques to enhance trustworthiness and credibility of data analysis (e.g., member checking, audit trail, triangulation); rationale",Methodology,english,km
obrien_2014,obrien_2014,obrien_2014_item16,,Results/Findings,S16 Synthesis and interpretation,"Main findings (e.g., interpretations, inferences, and themes); might include development of a theory or model, or integration with prior research or theory apa?",Results,english,km
obrien_2014,obrien_2014,obrien_2014_item17,,Results/Findings,S17 Links to empirical data,"Evidence (e.g., quotes, field notes, text excerpts, photographs) to substantiate analytic findings",,english,km
obrien_2014,obrien_2014,obrien_2014_item18,,Discussion,"S18 Integration with prior work, implications, transferability, and contribution(s) to the field","Short summary of main findings; explanation of how findings and conclusions connect to, support, elaborate on, or challenge conclusions of earlier scholarship; discussion of scope of application/generalizability; identification of unique contribution(s) to scholarship in a discipline or field",Discussion,english,km
obrien_2014,obrien_2014,obrien_2014_item19,,Discussion,S19 Limitations,Trustworthiness and limitations of findings,Discussion,english,km
obrien_2014,obrien_2014,obrien_2014_item2,,Title and abstract,S2 Abstract,"Summary of key elements of the study using the abstract format of the intended publication; typically includes objective, methods, results, and conclusions apa?",Abstract,english,km
obrien_2014,obrien_2014,obrien_2014_item20,,Other,S20 Conflicts of interest,Potential sources of influence or perceived influence on study conduct and conclusions; how these were managed,Other Information,english,km
obrien_2014,obrien_2014,obrien_2014_item21,,Other,S21 Funding,"Sources of funding and other support; role of funders in data collection, interpretation, and reporting",Other Information,english,km
obrien_2014,obrien_2014,obrien_2014_item3,,Introduction,S3 Problem formulation,Description and significance of the problem/phenomenon studied; review of relevant theory and empirical work; problem statement,Introduction,english,km
obrien_2014,obrien_2014,obrien_2014_item4,,Introduction,S4 Purpose or research question,Purpose of the study and specific objectives or questions,Introduction,english,km
obrien_2014,obrien_2014,obrien_2014_item5,,Methods,S5 Qualitative approach and research paradigm,"Qualitative approach (e.g., ethnography, grounded theory, case study, phenomenology, narrative research) and guiding theory if appropriate; identifying the research paradigm (e.g., positivist, constructivist/interpretivist) is also recommended apa?",Methodology,english,km
obrien_2014,obrien_2014,obrien_2014_item6,,Methods,S6 Researcher characteristics and reflexivity,"Researchersí characteristics that may influence the research, including personal attributes, qualifications/experience, relationship with participants, assumptions, or presuppositions; potential or actual interaction between researchersí characteristics and the research questions, approach, methods, results, or transferability apa?",Methodology,english,km
obrien_2014,obrien_2014,obrien_2014_item7,,Methods,S7 Context,Setting/site and salient contextual factors; rationale,Methodology,english,km
obrien_2014,obrien_2014,obrien_2014_item8,,Methods,S8 Sampling strategy,"How and why research participants, documents, or events were selected; criteria for deciding when no further sampling was necessary (e.g., sampling saturation); rationale",Methodology,english,km
obrien_2014,obrien_2014,obrien_2014_item9,,Methods,S9 Ethical issues pertaining to human subjects,"Documentation of approval by an appropriate ethics review board and participant consent, or explanation for lack thereof; other confidentiality and data security issues",Methodology,english,km
odea_2020,odea_2020,odea_2020_item1,Title and abstract,,1.1,"Identify the review as a systematic review, meta-analysis, or both",Title,english,km
odea_2020,odea_2020,odea_2020_item10,Aims and questions,,2.4,State the primary questions the review addresses (e.g. which moderators were tested),Introduction,english,km
odea_2020,odea_2020,odea_2020_item11,Aims and questions,,2.5,Describe whether effect sizes were derived from experimental and/or observational comparisons,Introduction,english,km
odea_2020,odea_2020,odea_2020_item12,Review registration,,3.1,"Register review aims, hypotheses (if applicable), and methods in a time-stamped and publicly accessible archive and provide a link to the registration in the methods section of the manuscript. Ideally registration occurs before the search, but it can be done at any stage before data analysis.",Other Information,english,km
odea_2020,odea_2020,odea_2020_item13,Review registration,,3.2,Describe deviations from the registered aims and methods,Other Information,english,km
odea_2020,odea_2020,odea_2020_item14,Review registration,,3.3,Justify deviations from the registered aims and methods,Other Information,english,km
odea_2020,odea_2020,odea_2020_item15,Eligibility criteria,,4.1,"Report the specific criteria used for including or excluding studies when screening titles and/or abstracts, and full texts, according to the aims of the systematic review (e.g. study design, taxa, data availability)",Methodology,english,km
odea_2020,odea_2020,odea_2020_item16,Eligibility criteria,,4.2,"Justify criteria, if necessary (i.e. not obvious from aims and scope)",Methodology,english,km
odea_2020,odea_2020,odea_2020_item17,Finding studies,,5.1,"Define the type of search (e.g. comprehensive search, representative sample)",Methodology,english,km
odea_2020,odea_2020,odea_2020_item18,Finding studies,,5.2,"State what sources of information were sought (e.g. published and unpublished studies, personal communications)",Methodology,english,km
odea_2020,odea_2020,odea_2020_item19,Finding studies,,5.3,"Include, for each database searched, the exact search strings used, with keyword combinations and Boolean operators",Methodology,english,km
odea_2020,odea_2020,odea_2020_item2,Title and abstract,,1.2,Summarise the aims and scope of the review,Abstract,english,km
odea_2020,odea_2020,odea_2020_item20,Finding studies,,5.4,"Provide enough information to repeat the equivalent search (if possible), including the timespan covered (start and end dates)",Methodology,english,km
odea_2020,odea_2020,odea_2020_item21,Study selection,,6.1,"Describe how studies were selected for inclusion at each stage of the screening process (e.g. use of decision trees, screening software)",Methodology,english,km
odea_2020,odea_2020,odea_2020_item22,Study selection,,6.2,Report the number of people involved and how they contributed (e.g. independent parallel screening),Methodology,english,km
odea_2020,odea_2020,odea_2020_item23,Data collection process,,7.1,Describe where in the reports data were collected from (e.g. text or figures),Methodology,english,km
odea_2020,odea_2020,odea_2020_item24,Data collection process,,7.2,"Describe how data were collected (e.g. software used to digitize figures, external data sources)",Methodology,english,km
odea_2020,odea_2020,odea_2020_item25,Data collection process,,7.3,Describe moderator variables that were constructed from collected data (e.g. number of generations calculated from years and average generation time),Methodology,english,km
odea_2020,odea_2020,odea_2020_item26,Data collection process,,7.4,"Report how missing or ambiguous information was dealt with during data collection (e.g. authors of original studies were contacted for missing descriptive statistics, and/or effect sizes were calculated from test statistics)",Methodology,english,km
odea_2020,odea_2020,odea_2020_item27,Data collection process,,7.5,Report who collected data,Methodology,english,km
odea_2020,odea_2020,odea_2020_item28,Data collection process,,7.6,State the number of extractions that were checked for accuracy by co-authors,Methodology,english,km
odea_2020,odea_2020,odea_2020_item29,Data items,,8.1,Describe the key data sought from each study,Methodology,english,km
odea_2020,odea_2020,odea_2020_item3,Title and abstract,,1.3,Describe the data set,Abstract,english,km
odea_2020,odea_2020,odea_2020_item30,Data items,,8.2,"Describe items that do not appear in the main results, or which could not be extracted due to insufficient information",Methodology,english,km
odea_2020,odea_2020,odea_2020_item31,Data items,,8.3,Describe main assumptions or simplifications that were made (e.g. categorising both length and mass as morphology),Methodology,english,km
odea_2020,odea_2020,odea_2020_item32,Data items,,8.4,"Describe the type of replication unit (e.g. individuals, broods, study sites)",Methodology,english,km
odea_2020,odea_2020,odea_2020_item33,Assessment of individual study quality,,9.1,"Describe whether the quality of studies included in the systematic review or meta-analysis was assessed (e.g. blinded data collection, reporting quality, experimental versus observational)",Methodology,english,km
odea_2020,odea_2020,odea_2020_item34,Assessment of individual study quality,,9.2,Describe how information about study quality was incorporated into analyses (e.g. meta-regression and/or sensitivity analysis),Methodology,english,km
odea_2020,odea_2020,odea_2020_item35,Effect size measures,,10.1,Describe effect size(s) used,Methodology,english,km
odea_2020,odea_2020,odea_2020_item36,Effect size measures,,10.2,"Provide a reference to the equation of each calculated effect size (e.g. standardised mean difference, log response ratio) and (if applicable) its sampling variance",Methodology,english,km
odea_2020,odea_2020,odea_2020_item37,Effect size measures,,10.3,"If no reference exists, derive the equations for each effect size and state the assumed sampling distribution(s)",Methodology,english,km
odea_2020,odea_2020,odea_2020_item38,Missing data,,11.1,"Describe any steps taken to deal with missing data during analysis (e.g. imputation, complete case, subset analysis)",Methodology,english,km
odea_2020,odea_2020,odea_2020_item39,Missing data,,11.2,Justify the decisions made to deal with missing data,Methodology,english,km
odea_2020,odea_2020,odea_2020_item4,Title and abstract,,1.4,State the results of the primary outcome,Abstract,english,km
odea_2020,odea_2020,odea_2020_item40,Meta-analytic model description,,12.1,Describe the models used for synthesis of effect sizes,Methodology,english,km
odea_2020,odea_2020,odea_2020_item41,Meta-analytic model description,,12.2,"The most common approach in ecology and evolution will be a random-effects model, often with a hierarchical/multilevel structure. If other types of models are chosen (e.g. common/fixed effects model, unweighted model), provide justification for this choice",Methodology,english,km
odea_2020,odea_2020,odea_2020_item42,Software,,13.1,Describe the statistical platform used for inference (e.g. R),Methodology,english,km
odea_2020,odea_2020,odea_2020_item43,Software,,13.2,Describe the packages used to run models,Methodology,english,km
odea_2020,odea_2020,odea_2020_item44,Software,,13.3,Describe the functions used to run models,Methodology,english,km
odea_2020,odea_2020,odea_2020_item45,Software,,13.4,Describe any arguments that differed from the default settings,Methodology,english,km
odea_2020,odea_2020,odea_2020_item46,Software,,13.5,Describe the version numbers of all software used,Methodology,english,km
odea_2020,odea_2020,odea_2020_item47,Non-independence,,14.1,"Describe the types of non-independence encountered (e.g. phylogenetic, spatial, multiple measurements over time)",Methodology,english,km
odea_2020,odea_2020,odea_2020_item48,Non-independence,,14.2,Describe how non-independence has been handled,Methodology,english,km
odea_2020,odea_2020,odea_2020_item49,Non-independence,,14.3,Justify decisions made,Methodology,english,km
odea_2020,odea_2020,odea_2020_item5,Title and abstract,,1.5,State conclusions,Abstract,english,km
odea_2020,odea_2020,odea_2020_item50,Meta-regression and model selection,,15.1,Provide a rationale for the inclusion of moderators (covariates) that were evaluated in meta-regression models,Methodology,english,km
odea_2020,odea_2020,odea_2020_item51,Meta-regression and model selection,,15.2,"Justify the number of parameters estimated in models, in relation to the number of effect sizes and studies (e.g. interaction terms were not included due to insufficient sample sizes)",Methodology,english,km
odea_2020,odea_2020,odea_2020_item52,Meta-regression and model selection,,15.3,Describe any process of model selection,Methodology,english,km
odea_2020,odea_2020,odea_2020_item53,Publication bias and sensitivity analyses,,16.1,"Describe assessments of the risk of bias due to missing results (e.g. publication, time-lag, and taxonomic biases)",Methodology,english,km
odea_2020,odea_2020,odea_2020_item54,Publication bias and sensitivity analyses,,16.2,Describe any steps taken to investigate the effects of such biases (if present),Methodology,english,km
odea_2020,odea_2020,odea_2020_item55,Publication bias and sensitivity analyses,,16.3,"Describe any other analyses of robustness of the results, e.g. due to effect size choice, weighting or analytical model assumptions, inclusion or exclusion of subsets of the data, or the inclusion of alternative moderator variables in meta-regressions",Methodology,english,km
odea_2020,odea_2020,odea_2020_item56,Clarification of post hoc analyses,,17.1,"When hypotheses were formulated after data analysis, this should be acknowledged.",Methodology,english,km
odea_2020,odea_2020,odea_2020_item57,"Metadata, data, and code",,18.1,Share metadata (i.e. data descriptions),Other Information,english,km
odea_2020,odea_2020,odea_2020_item58,"Metadata, data, and code",,18.2,Share data required to reproduce the results presented in the manuscript,Other Information,english,km
odea_2020,odea_2020,odea_2020_item59,"Metadata, data, and code",,18.3,"Share additional data, including information that was not presented in the manuscript (e.g. raw data used to calculate effect sizes, descriptions of where data were located in papers)",Other Information,english,km
odea_2020,odea_2020,odea_2020_item6,Title and abstract,,1.6,State limitations,Abstract,english,km
odea_2020,odea_2020,odea_2020_item60,"Metadata, data, and code",,18.4,"Share analysis scripts (or, if a software package with graphical user interface (GUI) was used, then describe full model specification and fully specify choices)",Other Information,english,km
odea_2020,odea_2020,odea_2020_item61,Results of study selection process,,19.1,Report the number of studies screened,Results,english,km
odea_2020,odea_2020,odea_2020_item62,Results of study selection process,,19.2,Report the number of studies excluded at each stage of screening,Results,english,km
odea_2020,odea_2020,odea_2020_item63,Results of study selection process,,19.3,Report brief reasons for exclusion from the full text stage,Results,english,km
odea_2020,odea_2020,odea_2020_item64,Results of study selection process,,19.4,Present a Preferred Reporting Items for Systematic Reviews and Meta-Analyses (PRISMA)-like flowchart (www.prisma-statement.org).,Results,english,km
odea_2020,odea_2020,odea_2020_item65,Sample sizes and study characteristics,,20.1,Report the number of studies and effect sizes for data included in meta-analyses,Results,english,km
odea_2020,odea_2020,odea_2020_item66,Sample sizes and study characteristics,,20.2,Report the number of studies and effect sizes for subsets of data included in meta-regressions,Results,english,km
odea_2020,odea_2020,odea_2020_item67,Sample sizes and study characteristics,,20.3,Provide a summary of key characteristics for reported outcomes (either in text or figures; e.g. one quarter of effect sizes reported for vertebrates and the rest invertebrates),Results,english,km
odea_2020,odea_2020,odea_2020_item68,Sample sizes and study characteristics,,20.4,Provide a summary of limitations of included moderators (e.g. collinearity and overlap between moderators),Results,english,km
odea_2020,odea_2020,odea_2020_item69,Sample sizes and study characteristics,,20.5,Provide a summary of characteristics related to individual study quality (risk of bias),Results,english,km
odea_2020,odea_2020,odea_2020_item7,Aims and questions,,2.1,Provide a rationale for the review,Introduction,english,km
odea_2020,odea_2020,odea_2020_item70,Meta-analysis,,21.1,"Provide a quantitative synthesis of results across studies, including estimates for the mean effect size, with confidence/credible intervals",Results,english,km
odea_2020,odea_2020,odea_2020_item71,Heterogeneity,,22.1,"Report indicators of heterogeneity in the estimated effect (e.g. I2, tau2 and other variance components)",Results,english,km
odea_2020,odea_2020,odea_2020_item72,Meta-regression,,23.1,Provide estimates of meta-regression slopes (i.e. regression coefficients) and confidence/credible intervals,Results,english,km
odea_2020,odea_2020,odea_2020_item73,Meta-regression,,23.2,Include estimates and confidence/credible intervals for all moderator variables that were assessed (i.e. complete reporting),Results,english,km
odea_2020,odea_2020,odea_2020_item74,Meta-regression,,23.3,"Report interactions, if they were included",Results,english,km
odea_2020,odea_2020,odea_2020_item75,Meta-regression,,23.4,"Describe outcomes from model selection, if done (e.g. R2 and AIC)",Results,english,km
odea_2020,odea_2020,odea_2020_item76,Outcomes of publication bias and sensitivity analyses,,24.1,"Provide results for the assessments of the risks of bias (e.g. Egger's regression, funnel plots)",Results,english,km
odea_2020,odea_2020,odea_2020_item77,Outcomes of publication bias and sensitivity analyses,,24.2,"Provide results for the robustness of the review's results (e.g. subgroup analyses, meta-regression of study quality, results from alternative methods of analysis, and temporal trends)",Results,english,km
odea_2020,odea_2020,odea_2020_item78,Discussion,,25.1,Summarise the main findings in terms of the magnitude of effect,Discussion,english,km
odea_2020,odea_2020,odea_2020_item79,Discussion,,25.2,"Summarise the main findings in terms of the precision of effects (e.g. size of confidence intervals, statistical significance)",Discussion,english,km
odea_2020,odea_2020,odea_2020_item8,Aims and questions,,2.2,Reference any previous reviews or meta-analyses on the topic,Introduction,english,km
odea_2020,odea_2020,odea_2020_item80,Discussion,,25.3,Summarise the main findings in terms of their heterogeneity,Discussion,english,km
odea_2020,odea_2020,odea_2020_item81,Discussion,,25.4,Summarise the main findings in terms of their biological/practical relevance,Discussion,english,km
odea_2020,odea_2020,odea_2020_item82,Discussion,,25.5,"Compare results with previous reviews on the topic, if available",Discussion,english,km
odea_2020,odea_2020,odea_2020_item83,Discussion,,25.6,"Consider limitations and their influence on the generality of conclusions, such as gaps in the available evidence (e.g. taxonomic and geographical research biases)",Discussion,english,km
odea_2020,odea_2020,odea_2020_item84,Contributions and funding,,26.1,"Provide names, affiliations, and funding sources of all co-authors",Other Information,english,km
odea_2020,odea_2020,odea_2020_item85,Contributions and funding,,26.2,List the contributions of each co-author,Other Information,english,km
odea_2020,odea_2020,odea_2020_item86,Contributions and funding,,26.3,Provide contact details for the corresponding author,Other Information,english,km
odea_2020,odea_2020,odea_2020_item87,Contributions and funding,,26.4,Disclose any conflicts of interest,Other Information,english,km
odea_2020,odea_2020,odea_2020_item88,References,,27.1,Provide a reference list of all studies included in the systematic review or meta-analysis,Other Information,english,km
odea_2020,odea_2020,odea_2020_item89,References,,27.2,List included studies as referenced sources (e.g. rather than listing them in a table or supplement),Other Information,english,km
odea_2020,odea_2020,odea_2020_item9,Aims and questions,,2.3,State the aims and scope of the review (including its generality),Introduction,english,km
ohlssen_2013,ohlssen_2013,ohlssen_2013_item1,Introduction,Intervention and population of interest,1,The intervention to be investigated with respect to the relevant population,Introduction,english,km
ohlssen_2013,ohlssen_2013,ohlssen_2013_item10,Results,Describe posterior distribution of parameters and other quantities of interest.,10,Summaries (numerical and/or graphical) of the posterior distribution of study specific and overall model parameters and other quantities of interest,Results,english,km
ohlssen_2013,ohlssen_2013,ohlssen_2013_item11,Results,Results for model checking and convergence diagnostics,11,Findings of these analyses and implications for study results,Results,english,km
ohlssen_2013,ohlssen_2013,ohlssen_2013_item12,Interpretation,Bayesian interpretation,12,"Bayesian interpretation of the results with respect to central tendency, standard deviation, or credible interval of the parameters of interest based on the posterior distribution or posterior predictive probabilities of certain hypothesis statements",Discussion,english,km
ohlssen_2013,ohlssen_2013,ohlssen_2013_item13,Interpretation,Impact of prior to posterior sensitivity,13,The results of any alternative priors and/or addressing the impact of choice of priors on the conclusions,Discussion,english,km
ohlssen_2013,ohlssen_2013,ohlssen_2013_item14,Interpretation,Possible limitations of the analysis,14,Include an honest appraisal of the strengths and possible weaknesses of the analysis,Discussion,english,km
ohlssen_2013,ohlssen_2013,ohlssen_2013_item2,Introduction,Aim of study,2,Research questions and objectives of the meta-analysis,Introduction,english,km
ohlssen_2013,ohlssen_2013,ohlssen_2013_item3,Methods,Study design,3,Special attention should be given to the similarity of studies in order to justify any assumptions of exchangeability.,Methodology,english,km
ohlssen_2013,ohlssen_2013,ohlssen_2013_item4,Methods,Prospective Bayesian analysis?,4,Whether the prior was constructed before the data collection and analysis,Methodology,english,km
ohlssen_2013,ohlssen_2013,ohlssen_2013_item5,Methods,Outcome measure,5,The true underlying parameters of interest for analysis and reporting,Introduction,english,km
ohlssen_2013,ohlssen_2013,ohlssen_2013_item6,Methods,Statistical model,6,Likelihood function; whether posterior was derived by simulation or analytical methods; rate of missingness and imputation of any missing covariates; structure of levels of model; choice of fixed effect versus random effects models and rationale for choice,Methodology,english,km
ohlssen_2013,ohlssen_2013,ohlssen_2013_item7,Methods,Prior distribution,7,Choice of prior distributions (and hyperprior distributions if hierarchical modeling is used) and rationale for choices; alternative priors for the purpose of sensitivity analysis should be explicitly specified.,Methodology,english,km
ohlssen_2013,ohlssen_2013,ohlssen_2013_item8,Methods,Computation/software,8,"Computational methods for generating posterior inferences; software used and how it is validated if not commercially available; if MCMC is used, how convergence is checked.",Methodology,english,km
ohlssen_2013,ohlssen_2013,ohlssen_2013_item9,Methods,"Planned analyses for model checking, prior to posterior sensitivity, and convergence diagnostics",9,The approaches used to check model fit and to carry out any sensitivity analyses,Methodology,english,km
page_2021,page_2021_abstract,page_2021_abstract_item1,Title,Title,1,Identify the report as a systematic review.,Abstract,english,km
page_2021,page_2021_abstract,page_2021_abstract_item10,Discussion,Interpretation,10,Provide a general interpretation of the results and important implications.,Abstract,english,km
page_2021,page_2021_abstract,page_2021_abstract_item11,Other,Funding,11,Specify the primary source of funding for the review.,Abstract,english,km
page_2021,page_2021_abstract,page_2021_abstract_item12,Other,Registration,12,Provide the register name and registration number.,Abstract,english,km
page_2021,page_2021_abstract,page_2021_abstract_item2,Background,Objectives,2,Provide an explicit statement of the main objective(s) or question(s) the review addresses.,Abstract,english,km
page_2021,page_2021_abstract,page_2021_abstract_item3,Methods,Eligibility criteria,3,Specify the inclusion and exclusion criteria for the review.,Abstract,english,km
page_2021,page_2021_abstract,page_2021_abstract_item4,Methods,Information sources,4,"Specify the information sources (e.g. databases, registers) used to identify studies and the date when each was last searched.",Abstract,english,km
page_2021,page_2021_abstract,page_2021_abstract_item5,Methods,Risk of bias,5,Specify the methods used to assess risk of bias in the included studies.,Abstract,english,km
page_2021,page_2021_abstract,page_2021_abstract_item6,Methods,Synthesis of results,6,Specify the methods used to present and synthesise results.,Abstract,english,km
page_2021,page_2021_abstract,page_2021_abstract_item7,Results,Included studies,7,Give the total number of included studies and participants and summarise relevant characteristics of studies.,Abstract,english,km
page_2021,page_2021_abstract,page_2021_abstract_item8,Results,Synthesis of results,8,"Present results for main outcomes, preferably indicating the number of included studies and participants for each. If meta-analysis was done, report the summary estimate and confidence/credible interval. If comparing groups, indicate the direction of the effect (i.e. which group is favoured).",Abstract,english,km
page_2021,page_2021_abstract,page_2021_abstract_item9,Discussion,Limitations of evidence,9,"Provide a brief summary of the limitations of the evidence included in the review (e.g. study risk of bias, inconsistency and imprecision).",Abstract,english,km
page_2021,page_2021_extended,page_2021_extended_item1,Title,Title,1,Identify the report as a systematic review.,Title,english,km
page_2021,page_2021_extended,page_2021_extended_item10,Introduction,Rationale,3.element3,"If other systematic reviews on the same or similar question exist, explain why the current review is necessary; if an update or replication, state this and cite the previous review.",Introduction,english,km
page_2021,page_2021_extended,page_2021_extended_item100,Methods,Synthesis methods,13e.element2,"For each, specify factors explored, their levels, expected direction of effect modification with rationale; whether study-level, within-study contrasts, or both; and how subgroup effects were compared.",Methodology,english,km
page_2021,page_2021_extended,page_2021_extended_item101,Methods,Synthesis methods,13e.element3,"If non-meta-analytic methods were used to explore heterogeneity, describe the methods and factors/levels.",Methodology,english,km
page_2021,page_2021_extended,page_2021_extended_item102,Methods,Synthesis methods,13e.element4,Identify any analyses not pre-specified.,Methodology,english,km
page_2021,page_2021_extended,page_2021_extended_item103,Methods,Synthesis methods,13f,Describe any sensitivity analyses conducted to assess robustness of the synthesized results.,Methodology,english,km
page_2021,page_2021_extended,page_2021_extended_item104,Methods,Synthesis methods,13f.element1,"Provide details for each sensitivity analysis (e.g., removal of high risk of bias studies, alternative models).",Methodology,english,km
page_2021,page_2021_extended,page_2021_extended_item105,Methods,Synthesis methods,13f.element2,Identify any sensitivity analyses that were not pre-specified.,Methodology,english,km
page_2021,page_2021_extended,page_2021_extended_item106,Methods,Reporting bias assessment,14,Describe any methods used to assess risk of bias due to missing results in a synthesis (arising from reporting biases).,Methodology,english,km
page_2021,page_2021_extended,page_2021_extended_item107,Methods,Reporting bias assessment,14.element1,Specify tools/graphical/statistical/other methods used to assess risk of bias due to missing results.,Methodology,english,km
page_2021,page_2021_extended,page_2021_extended_item108,Methods,Reporting bias assessment,14.element2,"If using an existing tool, specify methodological components/domains/items and the process to reach an overall judgement; specify adaptations or describe new tool and provide access.",Methodology,english,km
page_2021,page_2021_extended,page_2021_extended_item109,Methods,Reporting bias assessment,14.element3,"Report how many reviewers assessed each synthesis, whether independently, and how disagreements were resolved.",Methodology,english,km
page_2021,page_2021_extended,page_2021_extended_item11,Introduction,Rationale,3.element4,"If the review examines intervention effects, briefly describe how the intervention(s) might work.",Introduction,english,km
page_2021,page_2021_extended,page_2021_extended_item110,Methods,Reporting bias assessment,14.element4,Report any processes used to obtain or confirm relevant information from investigators.,Methodology,english,km
page_2021,page_2021_extended,page_2021_extended_item111,Methods,Reporting bias assessment,14.element5,"If an automation tool was used, report how used, how trained, and details on performance and validation.",Methodology,english,km
page_2021,page_2021_extended,page_2021_extended_item112,Methods,Certainty assessment,15,Describe any methods used to assess certainty (or confidence) in the body of evidence for an outcome.,Methodology,english,km
page_2021,page_2021_extended,page_2021_extended_item113,Methods,Certainty assessment,15.element1,Specify the tool/system (and version) used to assess certainty (or confidence).,Methodology,english,km
page_2021,page_2021_extended,page_2021_extended_item114,Methods,Certainty assessment,15.element2,Report factors considered and criteria used to assess each factor when judging certainty.,Methodology,english,km
page_2021,page_2021_extended,page_2021_extended_item115,Methods,Certainty assessment,15.element3,Describe decision rules to arrive at overall certainty levels and intended interpretations/definitions.,Methodology,english,km
page_2021,page_2021_extended,page_2021_extended_item116,Methods,Certainty assessment,15.element4,"Report review specific considerations (e.g., thresholds for imprecision; ranges for trivial/moderate/large effects) and rationale.",Methodology,english,km
page_2021,page_2021_extended,page_2021_extended_item117,Methods,Certainty assessment,15.element5,Specify any adaptations to tools/systems.,Methodology,english,km
page_2021,page_2021_extended,page_2021_extended_item118,Methods,Certainty assessment,15.element6,"Report how many reviewers assessed certainty per outcome, independence, and disagreement resolution.",Methodology,english,km
page_2021,page_2021_extended,page_2021_extended_item119,Methods,Certainty assessment,15.element7,Report processes to obtain/confirm relevant information from investigators.,Methodology,english,km
page_2021,page_2021_extended,page_2021_extended_item12,Introduction,Rationale,3.element5,"If there is complexity in the intervention or its delivery (e.g., multiple component interventions, equity considerations), consider presenting a logic model to display hypothesised relationships between components and outcomes.",Introduction,english,km
page_2021,page_2021_extended,page_2021_extended_item120,Methods,Certainty assessment,15.element8,"If automation was used to support certainty assessment, report how used, how trained, and performance/validation details.",Methodology,english,km
page_2021,page_2021_extended,page_2021_extended_item121,Methods,Certainty assessment,15.element9,"Describe methods for reporting certainty results (e.g., Summary of Findings tables) and intended interpretation of standard phrases.",Results,english,km
page_2021,page_2021_extended,page_2021_extended_item122,Results,Study selection,16a,"Describe the results of the search and selection process from records identified to studies included, ideally using a flow diagram.",Results,english,km
page_2021,page_2021_extended,page_2021_extended_item123,Results,Study selection,16a.element1,"Report numbers (ideally via flow diagram): records identified; excluded before screening; screened; excluded after screening; reports retrieved; not retrievable; excluded at full text with reasons; studies and reports included; and, if applicable, ongoing studies and associated reports.",Results,english,km
page_2021,page_2021_extended,page_2021_extended_item124,Results,Study selection,16a.element2,"If an update, report results for the current review and specify the number of studies included in the previous review.",Results,english,km
page_2021,page_2021_extended,page_2021_extended_item125,Results,Study selection,16a.element3,"If applicable, indicate how many records were excluded by humans vs automation tools in the flow diagram.",Results,english,km
page_2021,page_2021_extended,page_2021_extended_item126,Results,Study selection,16b,"Cite studies that might appear to meet the inclusion criteria but were excluded, and explain why.",Results,english,km
page_2021,page_2021_extended,page_2021_extended_item127,Results,Study selection,16b.element1,"Cite studies that appeared to meet inclusion but were excluded, and explain why.",Results,english,km
page_2021,page_2021_extended,page_2021_extended_item128,Results,Study characteristics,17,Cite each included study and present its characteristics.,Results,english,km
page_2021,page_2021_extended,page_2021_extended_item129,Results,Study characteristics,17.element1,Cite each included study.,Results,english,km
page_2021,page_2021_extended,page_2021_extended_item13,Introduction,Objectives,4,Provide an explicit statement of the objective(s) or question(s) the review addresses.,Introduction,english,km
page_2021,page_2021_extended,page_2021_extended_item130,Results,Study characteristics,17.element2,Present key characteristics in a table/figure to facilitate comparison across studies.,Results,english,km
page_2021,page_2021_extended,page_2021_extended_item131,Results,Study characteristics,17.element3,"For intervention reviews, consider an additional table summarising intervention details for each study.",Results,english,km
page_2021,page_2021_extended,page_2021_extended_item132,Results,Risk of bias in studies,18,Present assessments of risk of bias for each included study.,Results,english,km
page_2021,page_2021_extended,page_2021_extended_item133,Results,Risk of bias in studies,18.element1,Present tables/figures with risk of bias for each domain/component/item and overall study‚Äëlevel risk of bias.,Results,english,km
page_2021,page_2021_extended,page_2021_extended_item134,Results,Risk of bias in studies,18.element2,"Present justification for each judgement (e.g., quotations from study reports).",Results,english,km
page_2021,page_2021_extended,page_2021_extended_item135,Results,Risk of bias in studies,18.element3,"If outcome/result specific risk of bias was assessed, consider displaying these judgements on the forest plot next to study results.",Results,english,km
page_2021,page_2021_extended,page_2021_extended_item136,Results,Results of individual studies,19,"For all outcomes, present for each study (a) summary statistics for each group (where appropriate) and (b) an effect estimate and its precision.",Results,english,km
page_2021,page_2021_extended,page_2021_extended_item137,Results,Results of individual studies,19.element1,"For dichotomous outcomes: report counts with/without events per group (or events/total, e.g., 12/45). For continuous outcomes: report mean, SD, and sample size per group.",Results,english,km
page_2021,page_2021_extended,page_2021_extended_item138,Results,Results of individual studies,19.element2,"Present an effect estimate and precision (e.g., SE or 95% CI) for each study; for time‚Äëto‚Äëevent, provide hazard ratio and its CI.",Results,english,km
page_2021,page_2021_extended,page_2021_extended_item139,Results,Results of individual studies,19.element3,Provide a tabular display even if results are shown visually or in text.,Results,english,km
page_2021,page_2021_extended,page_2021_extended_item14,Introduction,Objectives,4.element1,Provide an explicit statement of all objectives/questions using a relevant question formulation framework.,Introduction,english,km
page_2021,page_2021_extended,page_2021_extended_item140,Results,Results of individual studies,19.element4,Report the data source(s) for results when multiple sources exist.,Results,english,km
page_2021,page_2021_extended,page_2021_extended_item141,Results,Results of individual studies,19.element5,"Indicate which results were computed or estimated from other information, if applicable.",Results,english,km
page_2021,page_2021_extended,page_2021_extended_item142,Results,Results of syntheses,20a,"For each synthesis, briefly summarise the characteristics and risk of bias among contributing studies.",Results,english,km
page_2021,page_2021_extended,page_2021_extended_item143,Results,Results of syntheses,20a.element1,"Provide a brief summary of characteristics and risk of bias among studies contributing to each synthesis, focusing on aspects relevant to interpreting results.",Results,english,km
page_2021,page_2021_extended,page_2021_extended_item144,Results,Results of syntheses,20a.element2,"Indicate which studies were included in each synthesis (e.g., by listing in a forest plot/table or citing in text).",Results,english,km
page_2021,page_2021_extended,page_2021_extended_item145,Results,Results of syntheses,20b,"Present results of all statistical syntheses conducted; for meta‚Äëanalyses, present the summary estimate, its precision, and measures of heterogeneity; describe direction of effect.",Results,english,km
page_2021,page_2021_extended,page_2021_extended_item146,Results,Results of syntheses,20b.element1,Report results of all pre‚Äëspecified syntheses and any additional syntheses conducted.,Results,english,km
page_2021,page_2021_extended,page_2021_extended_item147,Results,Results of syntheses,20b.element2,"For meta‚Äëanalyses: report the summary estimate with precision and heterogeneity measures (e.g., tau^2, I^2, prediction interval).",Results,english,km
page_2021,page_2021_extended,page_2021_extended_item148,Results,Results of syntheses,20b.element3,"For other statistical synthesis methods: report the synthesised result with a measure of precision (or equivalent information, e.g., number of studies and total sample size).",Results,english,km
page_2021,page_2021_extended,page_2021_extended_item149,Results,Results of syntheses,20b.element4,"If the synthesis method yields no effect estimate, report relevant statistics (e.g., P value) and an interpretation consistent with the synthesis question.",Results,english,km
page_2021,page_2021_extended,page_2021_extended_item15,Introduction,Objectives,4.element2,"If evaluating intervention effects, use the PICO framework (or variant) to state comparisons.",Introduction,english,km
page_2021,page_2021_extended,page_2021_extended_item150,Results,Results of syntheses,20b.element5,Describe direction of effect when comparing groups.,Results,english,km
page_2021,page_2021_extended,page_2021_extended_item151,Results,Results of syntheses,20b.element6,"When synthesising mean differences, specify units, scale limits, direction of benefit, and minimally important difference if known; for SMDs re‚Äëexpressed to instruments, provide instrument details.",Results,english,km
page_2021,page_2021_extended,page_2021_extended_item152,Results,Results of syntheses,20c,Present results of all investigations of possible causes of heterogeneity among study results.,Results,english,km
page_2021,page_2021_extended,page_2021_extended_item153,Results,Results of syntheses,20c.element1,"Present results regardless of significance, magnitude, or direction; identify contributing studies.",Results,english,km
page_2021,page_2021_extended,page_2021_extended_item154,Results,Results of syntheses,20c.element2,For subgroup analyses: report test for interaction P value; within subgroup estimates with precision and heterogeneity; consider estimate of subgroup differences.,Results,english,km
page_2021,page_2021_extended,page_2021_extended_item155,Results,Results of syntheses,20c.element3,For meta-regression: report P value and precision; consider scatterplot of effects versus effect modifier.,Results,english,km
page_2021,page_2021_extended,page_2021_extended_item156,Results,Results of syntheses,20c.element4,Describe results of informal investigations of heterogeneity where applicable.,Results,english,km
page_2021,page_2021_extended,page_2021_extended_item157,Results,Results of syntheses,20d,Present results of all sensitivity analyses conducted to assess robustness of the synthesised results.,Results,english,km
page_2021,page_2021_extended,page_2021_extended_item158,Results,Results of syntheses,20d.element1,Report results for each sensitivity analysis and comment on robustness of the main analysis.,Results,english,km
page_2021,page_2021_extended,page_2021_extended_item159,Results,Results of syntheses,20d.element2,"Consider tables comparing original vs sensitivity analyses with key statistics and contributing studies, and visualisations (e.g., forest plots).",Results,english,km
page_2021,page_2021_extended,page_2021_extended_item16,Methods,Eligibility criteria,5,Specify the inclusion and exclusion criteria for the review and how studies were grouped for the syntheses.,Methodology,english,km
page_2021,page_2021_extended,page_2021_extended_item160,Results,Reporting biases,21,Present assessments of risk of bias due to missing results (arising from reporting biases) for each synthesis assessed.,Results,english,km
page_2021,page_2021_extended,page_2021_extended_item161,Results,Reporting biases,21.element1,"Present assessments per synthesis, including tool responses, judgements about risk of bias, and supporting information.",Results,english,km
page_2021,page_2021_extended,page_2021_extended_item162,Results,Reporting biases,21.element2,"If funnel plots were generated, present the plot and specify the effect estimate and precision; for contour-enhanced plots, specify significance milestones.",Results,english,km
page_2021,page_2021_extended,page_2021_extended_item163,Results,Reporting biases,21.element3,"If tests for funnel plot asymmetry were used, report exact P values and relevant statistics.",Results,english,km
page_2021,page_2021_extended,page_2021_extended_item164,Results,Reporting biases,21.element4,"Present sensitivity analyses exploring impact of missing results, compare with primary results, and discuss limitations of methods.",Results,english,km
page_2021,page_2021_extended,page_2021_extended_item165,Results,Reporting biases,21.element5,"If selective non‚Äëreporting was assessed via registers/protocols/statistical analysis plans, consider a matrix showing result availability across studies and syntheses.",Results,english,km
page_2021,page_2021_extended,page_2021_extended_item166,Results,Reporting biases,21.element6,"If some studies are missing from a synthesis, consider displaying them beneath a forest plot or in a dedicated table.",Results,english,km
page_2021,page_2021_extended,page_2021_extended_item167,Results,Certainty of evidence,22,Present assessments of certainty (or confidence) in the body of evidence for each outcome assessed.,Results,english,km
page_2021,page_2021_extended,page_2021_extended_item168,Results,Certainty of evidence,22.element1,Report the overall level of certainty for each important outcome.,Results,english,km
page_2021,page_2021_extended,page_2021_extended_item169,Results,Certainty of evidence,22.element2,"Explain reasons for rating down or up the certainty of evidence (e.g., in Summary of Findings footnotes).",Methodology,english,km
page_2021,page_2021_extended,page_2021_extended_item17,Methods,Eligibility criteria,5.element1,"Specify study characteristics used for eligibility (PICO or variant), such as design(s), setting(s), and minimum follow-up.",Methodology,english,km
page_2021,page_2021_extended,page_2021_extended_item170,Results,Certainty of evidence,22.element3,"Communicate certainty consistently across abstract, evidence tables, results, and conclusions.",Results,english,km
page_2021,page_2021_extended,page_2021_extended_item171,Results,Certainty of evidence,22.element4,"Consider including evidence summary tables (e.g., GRADE Summary of Findings).",Results,english,km
page_2021,page_2021_extended,page_2021_extended_item172,Discussion,Discussion,23a,Provide a general interpretation of the results in the context of other evidence.,Discussion,english,km
page_2021,page_2021_extended,page_2021_extended_item173,Discussion,Discussion,23a.element1,Provide a general interpretation of the results in the context of other evidence.,Discussion,english,km
page_2021,page_2021_extended,page_2021_extended_item174,Discussion,Discussion,23b,Discuss any limitations of the evidence included in the review.,Discussion,english,km
page_2021,page_2021_extended,page_2021_extended_item175,Discussion,Discussion,23b.element1,Discuss any limitations of the evidence included in the review.,Discussion,english,km
page_2021,page_2021_extended,page_2021_extended_item176,Discussion,Discussion,23c,Discuss any limitations of the review processes used.,Discussion,english,km
page_2021,page_2021_extended,page_2021_extended_item177,Discussion,Discussion,23c.element1,Discuss limitations of the review processes used and comment on potential impact of each limitation.,Discussion,english,km
page_2021,page_2021_extended,page_2021_extended_item178,Discussion,Discussion,23d,"Discuss implications of the results for practice, policy, and future research.",Discussion,english,km
page_2021,page_2021_extended,page_2021_extended_item179,Discussion,Discussion,23d.element1,Discuss implications for practice and policy.,Discussion,english,km
page_2021,page_2021_extended,page_2021_extended_item18,Methods,Eligibility criteria,5.element2,"Specify eligibility criteria for report characteristics (e.g., year of dissemination, language, report status, including unpublished/abstracts).",Methodology,english,km
page_2021,page_2021_extended,page_2021_extended_item180,Discussion,Discussion,23d.element2,Make explicit recommendations for future research.,Discussion,english,km
page_2021,page_2021_extended,page_2021_extended_item181,Other information,Registration and protocol,24a,"Provide registration information for the review, including register name and registration number, or state that the review was not registered.",Other Information,english,km
page_2021,page_2021_extended,page_2021_extended_item182,Other information,Registration and protocol,24a.element1,Provide registration information (register name and number) or state that the review was not registered.,Other Information,english,km
page_2021,page_2021_extended,page_2021_extended_item183,Other information,Registration and protocol,24b,"Indicate where the review protocol can be accessed, or state that a protocol was not prepared.",Other Information,english,km
page_2021,page_2021_extended,page_2021_extended_item184,Other information,Registration and protocol,24b.element1,Indicate where the review protocol can be accessed (citation/DOI/link) or state that a protocol was not prepared.,Other Information,english,km
page_2021,page_2021_extended,page_2021_extended_item185,Other information,Registration and protocol,24c,Describe and explain any amendments to information provided at registration or in the protocol.,Other Information,english,km
page_2021,page_2021_extended,page_2021_extended_item186,Other information,Registration and protocol,24c.element1,"Report amendment details, the reason for the amendment, and the stage of the review process when implemented.",Other Information,english,km
page_2021,page_2021_extended,page_2021_extended_item187,Other information,Support,25,"Describe sources of financial or non-financial support for the review, and the role of the funders or sponsors in the review.",Other Information,english,km
page_2021,page_2021_extended,page_2021_extended_item188,Other information,Support,25.element1,"Describe sources of financial or non-financial support, specifying grant IDs where relevant; if none, state this.",Other Information,english,km
page_2021,page_2021_extended,page_2021_extended_item189,Other information,Support,25.element2,"Describe the role of funders or sponsors; if none, declare that they had no role.",Other Information,english,km
page_2021,page_2021_extended,page_2021_extended_item19,Methods,Eligibility criteria,5.element3,Indicate if studies were ineligible because outcomes of interest were not measured or because results for the outcome were not reported.,Methodology,english,km
page_2021,page_2021_extended,page_2021_extended_item190,Other information,Competing interests,26,Declare any competing interests of review authors.,Other Information,english,km
page_2021,page_2021_extended,page_2021_extended_item191,Other information,Competing interests,26.element1,Disclose any author relationships or activities that could be considered pertinent or influential.,Other Information,english,km
page_2021,page_2021_extended,page_2021_extended_item192,Other information,Competing interests,26.element2,"If any authors had competing interests, report how these were managed for specific review processes.",Other Information,english,km
page_2021,page_2021_extended,page_2021_extended_item193,Other information,"Availability of data, code and other materials",27,Report which of the following are publicly available and where they can be found: template data collection forms; data extracted from included studies; data used for all analyses; analytic code; any other materials used in the review.,Other Information,english,km
page_2021,page_2021_extended,page_2021_extended_item194,Other information,"Availability of data, code and other materials",27.element1,Report which materials are publicly available (template data collection forms; extracted data; data used for analyses; analytic code; other materials).,Other Information,english,km
page_2021,page_2021_extended,page_2021_extended_item195,Other information,"Availability of data, code and other materials",27.element2,"Report where publicly available materials can be found (e.g., links to public repositories).",Other Information,english,km
page_2021,page_2021_extended,page_2021_extended_item196,Other information,"Availability of data, code and other materials",27.element3,"If materials are available upon request, provide a contact and describe the conditions for sharing.",Other Information,english,km
page_2021,page_2021_extended,page_2021_extended_item2,Title,Title,1.element1,Identify the report as a systematic review in the title.,Title,english,km
page_2021,page_2021_extended,page_2021_extended_item20,Methods,Eligibility criteria,5.element4,"Specify any groups used in the synthesis (e.g., intervention, outcome, population) and link these to the comparisons in the objectives (item #4).",Methodology,english,km
page_2021,page_2021_extended,page_2021_extended_item21,Methods,Eligibility criteria,5.element5,Provide rationales for notable restrictions to eligibility.,Methodology,english,km
page_2021,page_2021_extended,page_2021_extended_item22,Methods,Information sources,6,"Specify all databases, registers, websites, organisations, reference lists and other sources searched or consulted to identify studies. Specify the date when each source was last searched or consulted.",Methodology,english,km
page_2021,page_2021_extended,page_2021_extended_item23,Methods,Information sources,6.element1,Specify the date when each source was last searched or consulted.,Methodology,english,km
page_2021,page_2021_extended,page_2021_extended_item24,Methods,Information sources,6.element2,"For bibliographic databases: give the database name, interface/platform, and dates of coverage.",Methodology,english,km
page_2021,page_2021_extended,page_2021_extended_item25,Methods,Information sources,6.element3,"For study registers, regulatory databases or repositories: give the name and any date restrictions applied.",Methodology,english,km
page_2021,page_2021_extended,page_2021_extended_item26,Methods,Information sources,6.element4,For websites/search engines/other online sources: provide the name and URL.,Methodology,english,km
page_2021,page_2021_extended,page_2021_extended_item27,Methods,Information sources,6.element5,"If organisations or manufacturers were contacted, name each source.",Methodology,english,km
page_2021,page_2021_extended,page_2021_extended_item28,Methods,Information sources,6.element6,"If individuals were contacted, specify the types of individuals (e.g., study authors, domain experts).",Methodology,english,km
page_2021,page_2021_extended,page_2021_extended_item29,Methods,Information sources,6.element7,"If reference lists were examined, specify the types of references examined.",Methodology,english,km
page_2021,page_2021_extended,page_2021_extended_item3,Title,Title,1.element2,"Report an informative title that provides key information about the main objective or question the review addresses (e.g., the population(s) and intervention(s)).",Title,english,km
page_2021,page_2021_extended,page_2021_extended_item30,Methods,Information sources,6.element8,"If citation searching was conducted, provide the target report(s), citation index/platform, and the date performed.",Methodology,english,km
page_2021,page_2021_extended,page_2021_extended_item31,Methods,Information sources,6.element9,"If journals or conference proceedings were consulted, list each source, coverage dates, and how searched (e.g., handsearching, online browsing).",Methodology,english,km
page_2021,page_2021_extended,page_2021_extended_item32,Methods,Search strategy,7,"Present the full search strategies for all databases, registers and websites, including any filters and limits used.",Methodology,english,km
page_2021,page_2021_extended,page_2021_extended_item33,Methods,Search strategy,7.element1,Provide full line by line strategies (or term sequences) as run in each source.,Methodology,english,km
page_2021,page_2021_extended,page_2021_extended_item34,Methods,Search strategy,7.element2,"Describe any limits (e.g., date, language) and justify them by linking to eligibility criteria.",Methodology,english,km
page_2021,page_2021_extended,page_2021_extended_item35,Methods,Search strategy,7.element3,Cite published filters/strategies used; note any adaptations made.,Methodology,english,km
page_2021,page_2021_extended,page_2021_extended_item36,Methods,Search strategy,7.element4,Specify any NLP/text frequency tools used to identify or refine terms.,Methodology,english,km
page_2021,page_2021_extended,page_2021_extended_item37,Methods,Search strategy,7.element5,Specify any tool used to translate search strings across sources.,Methodology,english,km
page_2021,page_2021_extended,page_2021_extended_item38,Methods,Search strategy,7.element6,"If validated, report the validation process and which studies were in the validation set.",Methodology,english,km
page_2021,page_2021_extended,page_2021_extended_item39,Methods,Search strategy,7.element7,"If peer reviewed, report the peer-review process and any tool used (e.g., PRESS).",Methodology,english,km
page_2021,page_2021_extended,page_2021_extended_item4,Title,Title,1.element3,"Consider adding the method of analysis used, the designs of included studies, or indicating whether it is an update of an existing review or a living systematic review.",Title,english,km
page_2021,page_2021_extended,page_2021_extended_item40,Methods,Search strategy,7.element8,"If not PICO-based, describe the final conceptual structure and explorations undertaken to achieve it.",Methodology,english,km
page_2021,page_2021_extended,page_2021_extended_item41,Methods,Selection process,8,"Specify the methods used to decide whether a study met the inclusion criteria of the review, including how many reviewers screened each record and report, whether they worked independently, and any automation tools used.",Methodology,english,km
page_2021,page_2021_extended,page_2021_extended_item42,Methods,Selection process,8.element1,"Report how many reviewers screened each record and each report, whether they worked independently, and how disagreements were resolved.",Methodology,english,km
page_2021,page_2021_extended,page_2021_extended_item43,Methods,Selection process,8.element2,Report any processes used to obtain or confirm information from study investigators.,Methodology,english,km
page_2021,page_2021_extended,page_2021_extended_item44,Methods,Selection process,8.element3,"If translations were required for eligibility assessment, report how these were performed.",Methodology,english,km
page_2021,page_2021_extended,page_2021_extended_item45,Methods,Selection process,8.element4,Describe how automation tools were integrated in selection.,Methodology,english,km
page_2021,page_2021_extended,page_2021_extended_item46,Methods,Selection process,8.element5,"If using an external ML classifier, cite/version it and report numbers eliminated. Records marked as ineligible by automation tools.",Methodology,english,km
page_2021,page_2021_extended,page_2021_extended_item47,Methods,Selection process,8.element6,"If using an internal classifier, identify the software/version, how it was used/trained, and validation performed.",Methodology,english,km
page_2021,page_2021_extended,page_2021_extended_item48,Methods,Selection process,8.element7,"If ML prioritised screening was used, state the software and screening rules.",Methodology,english,km
page_2021,page_2021_extended,page_2021_extended_item49,Methods,Selection process,8.element8,"If crowdsourcing was used, give platform and integration details.",Methodology,english,km
page_2021,page_2021_extended,page_2021_extended_item5,Abstract,Abstract,2,See the PRISMA 2020 for Abstracts checklist.,Abstract,english,km
page_2021,page_2021_extended,page_2021_extended_item50,Methods,Selection process,8.element9,"If previously screened datasets were used to eliminate records, describe their derivation.",Methodology,english,km
page_2021,page_2021_extended,page_2021_extended_item51,Methods,Data collection process,9,"Specify the methods used to collect data from reports, including how many reviewers collected data, independence, processes for obtaining/confirming data from investigators, and any automation tools used.",Methodology,english,km
page_2021,page_2021_extended,page_2021_extended_item52,Methods,Data collection process,9.element1,"Report how many reviewers collected data from each report, whether they worked independently, and how disagreements were resolved.",Methodology,english,km
page_2021,page_2021_extended,page_2021_extended_item53,Methods,Data collection process,9.element2,Report processes used to obtain or confirm data from study investigators.,Methodology,english,km
page_2021,page_2021_extended,page_2021_extended_item54,Methods,Data collection process,9.element3,"If automation tools were used: report how used, how trained, and internal/external validation.",Methodology,english,km
page_2021,page_2021_extended,page_2021_extended_item55,Methods,Data collection process,9.element4,"If translation was required for data collection, report how performed.",Methodology,english,km
page_2021,page_2021_extended,page_2021_extended_item56,Methods,Data collection process,9.element5,"If software extracted data from figures, specify the software used.",Methodology,english,km
page_2021,page_2021_extended,page_2021_extended_item57,Methods,Data collection process,9.element6,Report decision rules for selecting data from multiple reports and steps to resolve inconsistencies.,Methodology,english,km
page_2021,page_2021_extended,page_2021_extended_item58,Methods,Data items,10a,"List and define all outcomes for which data were sought; specify whether all compatible results were sought and, if not, how results were selected.",Methodology,english,km
page_2021,page_2021_extended,page_2021_extended_item59,Methods,Data items,10a.element1,List and define outcome domains and time frames of measurement sought.,Methodology,english,km
page_2021,page_2021_extended,page_2021_extended_item6,Abstract,Abstract,2.element1,Report an abstract addressing each item in the PRISMA 2020 for Abstracts checklist.,Abstract,english,km
page_2021,page_2021_extended,page_2021_extended_item60,Methods,Data items,10a.element2,"Specify whether all compatible results within each domain were sought; if not, describe the selection process.",Methodology,english,km
page_2021,page_2021_extended,page_2021_extended_item61,Methods,Data items,10a.element3,Report any changes to inclusion/definition/importance of outcomes with rationale.,Methodology,english,km
page_2021,page_2021_extended,page_2021_extended_item62,Methods,Data items,10a.element4,Report any changes to results selection processes with rationale.,Methodology,english,km
page_2021,page_2021_extended,page_2021_extended_item63,Methods,Data items,10a.element5,Consider specifying the most important outcomes for interpreting conclusions and the rationale for labelling.,Methodology,english,km
page_2021,page_2021_extended,page_2021_extended_item64,Methods,Data items,10b,List and define all other variables for which data were sought and describe assumptions about missing/unclear information.,Methodology,english,km
page_2021,page_2021_extended,page_2021_extended_item65,Methods,Data items,10b.element1,"List and define all other variables sought (e.g., participant/intervention characteristics, funding sources).",Methodology,english,km
page_2021,page_2021_extended,page_2021_extended_item66,Methods,Data items,10b.element2,Describe any assumptions about missing or unclear information from studies.,Methodology,english,km
page_2021,page_2021_extended,page_2021_extended_item67,Methods,Data items,10b.element3,"If a tool informed which data items to collect, cite the tool.",Methodology,english,km
page_2021,page_2021_extended,page_2021_extended_item68,Methods,Study risk of bias assessment,11,"Specify the methods used to assess risk of bias in included studies, including tools used, reviewers, independence, and any automation tools.",Methodology,english,km
page_2021,page_2021_extended,page_2021_extended_item69,Methods,Study risk of bias assessment,11.element1,Specify the tool(s) and version(s) used to assess risk of bias.,Methodology,english,km
page_2021,page_2021_extended,page_2021_extended_item7,Introduction,Rationale,3,Describe the rationale for the review in the context of existing knowledge.,Introduction,english,km
page_2021,page_2021_extended,page_2021_extended_item70,Methods,Study risk of bias assessment,11.element2,Specify methodological domains/components/items of the tool(s).,Methodology,english,km
page_2021,page_2021_extended,page_2021_extended_item71,Methods,Study risk of bias assessment,11.element3,Report whether an overall risk of bias judgement was made and rules used.,Methodology,english,km
page_2021,page_2021_extended,page_2021_extended_item72,Methods,Study risk of bias assessment,11.element4,"Specify any adaptations to existing tools, or describe any new tool and provide access.",Methodology,english,km
page_2021,page_2021_extended,page_2021_extended_item73,Methods,Study risk of bias assessment,11.element5,"Report how many reviewers assessed each study, whether independently, and how disagreements were resolved.",Methodology,english,km
page_2021,page_2021_extended,page_2021_extended_item74,Methods,Study risk of bias assessment,11.element6,Report processes used to obtain or confirm information from investigators.,Methodology,english,km
page_2021,page_2021_extended,page_2021_extended_item75,Methods,Study risk of bias assessment,11.element7,"If an automation tool was used, report how used, training, performance, and validation.",Methodology,english,km
page_2021,page_2021_extended,page_2021_extended_item76,Methods,Effect measures,12,Specify for each outcome the effect measure(s) used in the synthesis or presentation of results.,Methodology,english,km
page_2021,page_2021_extended,page_2021_extended_item77,Methods,Effect measures,12.element1,"Specify the effect measure(s) per outcome/type (e.g., risk ratio, mean difference).",Methodology,english,km
page_2021,page_2021_extended,page_2021_extended_item78,Methods,Effect measures,12.element2,State thresholds/ranges used to interpret effect size and provide rationale.,Methodology,english,km
page_2021,page_2021_extended,page_2021_extended_item79,Methods,Effect measures,12.element3,"If re-expressing synthesized results, report the method used.",Methodology,english,km
page_2021,page_2021_extended,page_2021_extended_item8,Introduction,Rationale,3.element1,Describe the current state of knowledge and its uncertainties.,Introduction,english,km
page_2021,page_2021_extended,page_2021_extended_item80,Methods,Effect measures,12.element4,Provide justification for the choice of effect measure where relevant.,Methodology,english,km
page_2021,page_2021_extended,page_2021_extended_item81,Methods,Synthesis methods,13a,Describe the processes used to decide which studies were eligible for each synthesis.,Methodology,english,km
page_2021,page_2021_extended,page_2021_extended_item82,Methods,Synthesis methods,13a.element1,"Describe the processes used to determine synthesis eligibility (e.g., tabulating intervention characteristics and comparing with planned groups).",Methodology,english,km
page_2021,page_2021_extended,page_2021_extended_item83,Methods,Synthesis methods,13b,"Describe any methods required to prepare the data for presentation or synthesis, such as handling of missing summary statistics or data conversions.",Methodology,english,km
page_2021,page_2021_extended,page_2021_extended_item84,Methods,Synthesis methods,13b.element1,"Report methods required to prepare data for presentation/synthesis (e.g., handling missing summary statistics, data conversions).",Methodology,english,km
page_2021,page_2021_extended,page_2021_extended_item85,Methods,Synthesis methods,13c,Describe any methods used to tabulate or visually display results of individual studies and syntheses.,Methodology,english,km
page_2021,page_2021_extended,page_2021_extended_item86,Methods,Synthesis methods,13c.element1,Report chosen tabular structures and details of data presented.,Methodology,english,km
page_2021,page_2021_extended,page_2021_extended_item87,Methods,Synthesis methods,13c.element2,Report chosen graphical methods used to display results.,Methodology,english,km
page_2021,page_2021_extended,page_2021_extended_item88,Methods,Synthesis methods,13c.element3,"If studies are ordered/grouped by characteristics, report the basis for ordering/grouping.",Methodology,english,km
page_2021,page_2021_extended,page_2021_extended_item89,Methods,Synthesis methods,13c.element4,"If non-standard graphs were used, report the rationale for selection.",Methodology,english,km
page_2021,page_2021_extended,page_2021_extended_item9,Introduction,Rationale,3.element2,Articulate why it is important to do the review.,Introduction,english,km
page_2021,page_2021_extended,page_2021_extended_item90,Methods,Synthesis methods,13d,"Describe any methods used to synthesize results and provide a rationale; if meta‚Äëanalysis was performed, describe models, heterogeneity methods, and software.",Methodology,english,km
page_2021,page_2021_extended,page_2021_extended_item91,Methods,Synthesis methods,13d.element1,"If statistical synthesis methods were used, reference the software, packages and versions.",Methodology,english,km
page_2021,page_2021_extended,page_2021_extended_item92,Methods,Synthesis methods,13d.element2,"If meta-analysis was not possible, describe and justify the summary method used.",Methodology,english,km
page_2021,page_2021_extended,page_2021_extended_item93,Methods,Synthesis methods,13d.element3,"If meta-analysis was done, specify the model (fixed-effect/fixed-effects/random-effects) and provide rationale; the method (e.g., Mantel-Haenszel, inverse-variance); and methods to identify/quantify heterogeneity (e.g., tests, tau^2, I^2, prediction intervals).",Methodology,english,km
page_2021,page_2021_extended,page_2021_extended_item94,Methods,Synthesis methods,13d.element4,"If random-effects model used: specify the heterogeneity variance estimator and CI method; consider other methodological details (e.g., CI for tau^2).",Methodology,english,km
page_2021,page_2021_extended,page_2021_extended_item95,Methods,Synthesis methods,13d.element5,"If a Bayesian approach was used, describe prior distributions for effects and heterogeneity.",Methodology,english,km
page_2021,page_2021_extended,page_2021_extended_item96,Methods,Synthesis methods,13d.element6,"If multiple effect estimates per study were included, describe methods to account for dependency (e.g., multivariate, multilevel, robust variance estimation).",Methodology,english,km
page_2021,page_2021_extended,page_2021_extended_item97,Methods,Synthesis methods,13d.element7,"If a planned synthesis was not possible/appropriate, report this and why.",Methodology,english,km
page_2021,page_2021_extended,page_2021_extended_item98,Methods,Synthesis methods,13e,"Describe any methods used to explore possible causes of heterogeneity among study results (e.g., subgroup analysis, meta‚Äëregression).",Methodology,english,km
page_2021,page_2021_extended,page_2021_extended_item99,Methods,Synthesis methods,13e.element1,"If methods were used to explore heterogeneity, specify the method (e.g., subgroup analysis, meta-regression).",Methodology,english,km
page_2021,page_2021,page_2021_item1,Title,Title,1,Identify the report as a systematic review.,Title,english,km
page_2021,page_2021,page_2021_item10,Methods,Data items,10a,"List and define all outcomes for which data were sought. Specify whether all results that were compatible with each outcome domain in each study were sought (e.g. for all measures, time points, analyses), and if not, the methods used to decide which results to collect.",Methodology,english,km
page_2021,page_2021,page_2021_item11,Methods,Data items,10b,"List and define all other variables for which data were sought (e.g. participant and intervention characteristics, funding sources). Describe any assumptions made about any missing or unclear information.",Methodology,english,km
page_2021,page_2021,page_2021_item12,Methods,Study risk of bias assessment,11,"Specify the methods used to assess risk of bias in the included studies, including details of the tool(s) used, how many reviewers assessed each study and whether they worked independently, and if applicable, details of automation tools used in the process.",Methodology,english,km
page_2021,page_2021,page_2021_item13,Methods,Effect measures,12,"Specify for each outcome the effect measure(s) (e.g. risk ratio, mean difference) used in the synthesis or presentation of results.",Methodology,english,km
page_2021,page_2021,page_2021_item14,Methods,Synthesis methods,13a,Describe the processes used to decide which studies were eligible for each synthesis (e.g. tabulating the study intervention characteristics and comparing against the planned groups for each synthesis (item #5)).,Methodology,english,km
page_2021,page_2021,page_2021_item15,Methods,Synthesis methods,13b,"Describe any methods required to prepare the data for presentation or synthesis, such as handling of missing summary statistics, or data conversions.",Methodology,english,km
page_2021,page_2021,page_2021_item16,Methods,Synthesis methods,13c,Describe any methods used to tabulate or visually display results of individual studies and syntheses.,Methodology,english,km
page_2021,page_2021,page_2021_item17,Methods,Synthesis methods,13d,"Describe any methods used to synthesize results and provide a rationale for the choice(s). If meta-analysis was performed, describe the model(s), method(s) to identify the presence and extent of statistical heterogeneity, and software package(s) used.",Methodology,english,km
page_2021,page_2021,page_2021_item18,Methods,Synthesis methods,13e,"Describe any methods used to explore possible causes of heterogeneity among study results (e.g. subgroup analysis, meta-regression).",Methodology,english,km
page_2021,page_2021,page_2021_item19,Methods,Synthesis methods,13f,Describe any sensitivity analyses conducted to assess robustness of the synthesized results.,Methodology,english,km
page_2021,page_2021,page_2021_item2,Abstract,Abstract,2,See the PRISMA 2020 for Abstracts checklist.,Abstract,english,km
page_2021,page_2021,page_2021_item20,Methods,Reporting bias assessment,14,Describe any methods used to assess risk of bias due to missing results in a synthesis (arising from reporting biases).,Methodology,english,km
page_2021,page_2021,page_2021_item21,Methods,Certainty assessment,15,Describe any methods used to assess certainty (or confidence) in the body of evidence for an outcome.,Methodology,english,km
page_2021,page_2021,page_2021_item22,Results,Study selection,16a,"Describe the results of the search and selection process, from the number of records identified in the search to the number of studies included in the review, ideally using a flow diagram.",Results,english,km
page_2021,page_2021,page_2021_item23,Results,Study selection,16b,"Cite studies that might appear to meet the inclusion criteria, but which were excluded, and explain why they were excluded.",Results,english,km
page_2021,page_2021,page_2021_item24,Results,Study characteristics,17,Cite each included study and present its characteristics.,Results,english,km
page_2021,page_2021,page_2021_item25,Results,Risk of bias in studies,18,Present assessments of risk of bias for each included study.,Results,english,km
page_2021,page_2021,page_2021_item26,Results,Results of individual studies,19,"For all outcomes, present, for each study: (a) summary statistics for each group (where appropriate) and (b) an effect estimate and its precision (e.g. confidence/credible interval), ideally using structured tables or plots.",Results,english,km
page_2021,page_2021,page_2021_item27,Results,Results of syntheses,20a,"For each synthesis, briefly summarise the characteristics and risk of bias among contributing studies.",Results,english,km
page_2021,page_2021,page_2021_item28,Results,Results of syntheses,20b,"Present results of all statistical syntheses conducted. If meta-analysis was done, present for each the summary estimate and its precision (e.g. confidence/credible interval) and measures of statistical heterogeneity. If comparing groups, describe the direction of the effect.",Results,english,km
page_2021,page_2021,page_2021_item29,Results,Results of syntheses,20c,Present results of all investigations of possible causes of heterogeneity among study results.,Results,english,km
page_2021,page_2021,page_2021_item3,Introduction,Rationale,3,Describe the rationale for the review in the context of existing knowledge.,Introduction,english,km
page_2021,page_2021,page_2021_item30,Results,Results of syntheses,20d,Present results of all sensitivity analyses conducted to assess the robustness of the synthesized results.,Results,english,km
page_2021,page_2021,page_2021_item31,Results,Reporting biases,21,Present assessments of risk of bias due to missing results (arising from reporting biases) for each synthesis assessed.,Results,english,km
page_2021,page_2021,page_2021_item32,Results,Certainty of evidence,22,Present assessments of certainty (or confidence) in the body of evidence for each outcome assessed.,Results,english,km
page_2021,page_2021,page_2021_item33,Discussion,Discussion,23a,Provide a general interpretation of the results in the context of other evidence.,Discussion,english,km
page_2021,page_2021,page_2021_item34,Discussion,Discussion,23b,Discuss any limitations of the evidence included in the review.,Discussion,english,km
page_2021,page_2021,page_2021_item35,Discussion,Discussion,23c,Discuss any limitations of the review processes used.,Discussion,english,km
page_2021,page_2021,page_2021_item36,Discussion,Discussion,23d,"Discuss implications of the results for practice, policy, and future research.",Discussion,english,km
page_2021,page_2021,page_2021_item37,Other information,Registration and protocol,24a,"Provide registration information for the review, including register name and registration number, or state that the review was not registered.",Other Information,english,km
page_2021,page_2021,page_2021_item38,Other information,Registration and protocol,24b,"Indicate where the review protocol can be accessed, or state that a protocol was not prepared.",Other Information,english,km
page_2021,page_2021,page_2021_item39,Other information,Registration and protocol,24c,Describe and explain any amendments to information provided at registration or in the protocol.,Other Information,english,km
page_2021,page_2021,page_2021_item4,Introduction,Objectives,4,Provide an explicit statement of the objective(s) or question(s) the review addresses.,Introduction,english,km
page_2021,page_2021,page_2021_item40,Other information,Support,25,"Describe sources of financial or non-financial support for the review, and the role of the funders or sponsors in the review.",Other Information,english,km
page_2021,page_2021,page_2021_item41,Other information,Competing interests,26,Declare any competing interests of review authors.,Other Information,english,km
page_2021,page_2021,page_2021_item42,Other information,"Availability of data, code and other materials",27,Report which of the following are publicly available and where they can be found: template data collection forms; data extracted from included studies; data used for all analyses; analytic code; any other materials used in the review.,Other Information,english,km
page_2021,page_2021,page_2021_item5,Methods,Eligibility criteria,5,Specify the inclusion and exclusion criteria for the review and how studies were grouped for the syntheses.,Methodology,english,km
page_2021,page_2021,page_2021_item6,Methods,Information sources,6,"Specify all databases, registers, websites, organisations, reference lists and other sources searched or consulted to identify studies. Specify the date when each source was last searched or consulted.",Methodology,english,km
page_2021,page_2021,page_2021_item7,Methods,Search strategy,7,"Present the full search strategies for all databases, registers and websites, including any filters and limits used.",Methodology,english,km
page_2021,page_2021,page_2021_item8,Methods,Selection process,8,"Specify the methods used to decide whether a study met the inclusion criteria of the review, including how many reviewers screened each record and each report retrieved, whether they worked independently, and if applicable, details of automation tools used in the process.",Methodology,english,km
page_2021,page_2021,page_2021_item9,Methods,Data collection process,9,"Specify the methods used to collect data from reports, including how many reviewers collected data from each report, whether they worked independently, any processes for obtaining or confirming data from study investigators, and if applicable, details of automation tools used in the process.",Methodology,english,km
peters_2006,peters_2006,peters_2006_item1,Title,,,Identify the report as a meta-analysis [or systematic review] of animal toxicology experiments,Title,english,km
peters_2006,peters_2006,peters_2006_item10,Methods,Selection,,"Describe the inclusion and exclusion criteria (defining intervention/exposure, principal outcomes, and experimental design)",Methodology,english,km
peters_2006,peters_2006,peters_2006_item11,Methods,,,List excluded experiments and reasons for exclusion,Methodology,english,km
peters_2006,peters_2006,peters_2006_item12,Methods,Validity and quality assessment,,"Describe the criteria and process used (e.g. blind assessments, quality assessment, and their findings)",Methodology,english,km
peters_2006,peters_2006,peters_2006_item13,Methods,Data abstraction,,"Describe the process or processes used (e.g. completed independently, in duplicate), including details on reproducibility, inter-rate agreement.",Methodology,english,km
peters_2006,peters_2006,peters_2006_item14,Methods,,,Whether aggregate data or individual animal data are abstracted,Methodology,english,km
peters_2006,peters_2006,peters_2006_item15,Methods,Study characteristics,,"Describe the type of study designs, animal characteristics (e.g. species, strain, age, sex), details of intervention/exposure (including route of administration, dose and duration), outcome definitions",Methodology,english,km
peters_2006,peters_2006,peters_2006_item16,Methods,Quantitative data synthesis,,"Describe the principal measures of effect, method of combining results (e.g. fixed- and random-effects; meta-regression), handling of missing data; how statistical heterogeneity was assessed; how data from different species and strains were dealt with; adjustment for possible confounding variables; rationale for any a-priori sensitivity and subgroup analyses; and any assessment of publication bias all in enough detail to allow replication",Methodology,english,km
peters_2006,peters_2006,peters_2006_item17,Results,Flow chart,,Provide a meta-analysis profile summarizing experiment flow giving total number of experiments in the meta-analysis,Results,english,km
peters_2006,peters_2006,peters_2006_item18,Results,Study characteristics,,"Present descriptive data for each experiment (e.g. species, strain, age, sex, sample size, intervention/exposure, dose, duration)",Results,english,km
peters_2006,peters_2006,peters_2006_item19,Results,Quantitative data synthesis,,"Report agreement on the selection and validity of assessment and relevance to the scientific question/hypothesis; present simple summary results (e.g. forest plot); present data needed to calculate effect sizes and confidence intervals; identify sources of heterogeneity, impact of study quality and publication bias",Results,english,km
peters_2006,peters_2006,peters_2006_item2,Abstract,Objectives,,Use a structured formatDescribe explicitly the scientific question/ hypothesis,Abstract,english,km
peters_2006,peters_2006,peters_2006_item20,Discussion,Discussion,,"Summarize key findings; discuss scientific/clinical inferences and generalizability based on internal and external validity; interpret the results in light of the totality of available evidence, including data from human studies; discuss rationale for use of animal data to help inform human health outcomes; critically appraise potential biases in the review process (e.g. publication bias); suggest a future research agenda",Discussion,english,km
peters_2022,peters_2022,peters_2006_item21,Title,Title,1a,Identify the report as a protocol of a systematic review.,Title,english,km
peters_2022,peters_2022,peters_2006_item22,Title,Title,1b,"If the protocol is an update of a previous systematic review, identify it as such.",Title,english,km
peters_2022,peters_2022,peters_2006_item23,Registration,Registration,2,"If registered, provide the name of the registry (such as PROSPERO) and the registration number.",Other Information,english,km
peters_2022,peters_2022,peters_2006_item24,Authors,Authors,3a,"Provide name, institutional affiliation, email address of all protocol authors; provide physical mailing address of corresponding author.",Other Information,english,km
peters_2022,peters_2022,peters_2006_item25,Authors,Authors,3b,Describe the contributions of the protocol authors and identify the guarantor of the review.,Other Information,english,km
peters_2022,peters_2022,peters_2006_item26,Amendments,Amendments,4,"If the protocol represents an amendment of a previously completed or published protocol, identify it as such and list changes; otherwise, state plan for documenting important protocol amendments.",Other Information,english,km
peters_2022,peters_2022,peters_2006_item27,Support,Support,5a,Indicate sources of financial or other support for the review.,Other Information,english,km
peters_2022,peters_2022,peters_2006_item28,Support,Support,5b,Provide the name of the review funder and/or sponsor.,Other Information,english,km
peters_2022,peters_2022,peters_2006_item29,Support,Support,5c,"Describe the roles of funder(s), sponsor(s), and/or institution(s), if any, in developing the protocol.",Other Information,english,km
peters_2006,peters_2006,peters_2006_item3,Abstract,Data sources,,Describe the databases and other important information sources used,Abstract,english,km
peters_2022,peters_2022,peters_2006_item30,Introduction,Introduction,6,Describe the rationale for the review in the context of what is already known.,Introduction,english,km
peters_2022,peters_2022,peters_2006_item31,Introduction,Introduction,7,"Provide an explicit statement of the question(s) the review will address with reference to participants, interventions, comparators, and outcomes (PICO).",Introduction,english,km
peters_2022,peters_2022,peters_2006_item32,Methods,Methods,8,"Specify the study characteristics (such as PICO, study design, setting, timeframe) and report characteristics (such as years considered, language, publication status) to be used as criteria for eligibility for the review.",Methodology,english,km
peters_2022,peters_2022,peters_2006_item33,Methods,Methods,9,"Describe all intended information sources (such as electronic databases, contact with study authors, trial registers, or other gray literature sources) with planned dates of coverage.",Methodology,english,km
peters_2022,peters_2022,peters_2006_item34,Methods,Methods,10,"Present a draft of the search strategy to be used for at least one electronic database, including planned limits, such that it could be repeated.",Methodology,english,km
peters_2022,peters_2022,peters_2006_item35,Study records,Study records,11a,Describe the mechanism(s) that will be used to manage records and data throughout the review.,Methodology,english,km
peters_2022,peters_2022,peters_2006_item36,Study records,Study records,11b,"State the process that will be used for selecting studies (such as two independent reviewers) through each phase of the review (that is, screening, eligibility, and inclusion in meta-analysis).",Methodology,english,km
peters_2022,peters_2022,peters_2006_item37,Study records,Study records,11c,"Describe the planned method of extracting data from reports (such as piloting forms, done independently, in duplicate), any processes for obtaining and confirming data from investigators.",Methodology,english,km
peters_2022,peters_2022,peters_2006_item38,Study records,Study records,12,"List and define all variables for which data will be sought (such as PICO items, funding sources) and any preplanned data assumptions and simplifications.",Methodology,english,km
peters_2022,peters_2022,peters_2006_item39,Study records,Study records,13,"List and define all outcomes for which data will be sought, including prioritization of main and additional outcomes, with rationale.",Methodology,english,km
peters_2006,peters_2006,peters_2006_item4,Abstract,Review methods,,"Describe the selection criteria (e.g. species, strain, intervention/exposure, outcome and study design): methods for validity assessment and data abstraction, the experiment characteristics, and quantitative data synthesis methods",Abstract,english,km
peters_2022,peters_2022,peters_2006_item40,Risk of bias in individual studies,Risk of bias in individual studies,14,"Describe anticipated methods for assessing risk of bias of individual studies, including whether this will be done at the outcome or study level, or both; state how this information will be used in data synthesis.",Methodology,english,km
peters_2022,peters_2022,peters_2006_item41,Data synthesis,Data synthesis,15a,Describe the criteria under which study data will be quantitatively synthesised.,Methodology,english,km
peters_2022,peters_2022,peters_2006_item42,Data synthesis,Data synthesis,15b,"If data are appropriate for quantitative synthesis, describe planned summary measures, methods of handling data, and methods of combining data from studies, including any planned exploration of consistency (such as I¬≤, Kendall‚Äôs œÑ).",Methodology,english,km
peters_2022,peters_2022,peters_2006_item43,Data synthesis,Data synthesis,15c,"Describe any proposed additional analyses (such as sensitivity or subgroup analyses, meta-regression).",Methodology,english,km
peters_2022,peters_2022,peters_2006_item44,Data synthesis,Data synthesis,15d,"If quantitative synthesis is not appropriate, describe the type of summary planned.",Methodology,english,km
peters_2022,peters_2022,peters_2006_item45,Meta-bias(es),Meta-bias(es),16,"Specify any planned assessment of meta-bias(es) (such as publication bias across studies, selective reporting within studies).",Methodology,english,km
peters_2022,peters_2022,peters_2006_item46,Confidence in cumulative evidence,Confidence in cumulative evidence,17,Describe how the strength of the body of evidence will be assessed (such as GRADE).,Methodology,english,km
peters_2006,peters_2006,peters_2006_item5,Abstract,Results,,"Describe characteristics of the experiments included and excluded; qualitative and quantitative findings (e.g. point estimates and confidence intervals/ standard errors), stating clearly what is estimated: dose-response curves, LD50 etc; and subgroup analyses",Abstract,english,km
peters_2006,peters_2006,peters_2006_item6,Abstract,Conclusion,,State the main results and their implications,Abstract,english,km
peters_2006,peters_2006,peters_2006_item7,Introduction,,,"Describe the scientific problem explicitly, biological rationale for the intervention/exposure, and rationale for the review",Introduction,english,km
peters_2006,peters_2006,peters_2006_item8,Methods,Searching,,"Describe the information sources in detail (e.g. databases, registers, personal files, expert informants, agencies, hand-searching), including keywords, search strategy and any restrictions (years considered, publication status, language of publication)",Methodology,english,km
peters_2006,peters_2006,peters_2006_item9,Methods,,,"Describe special efforts to include all available data (e.g. contact with authors, searching the grey literature)",Methodology,english,km
rethlefsen_2021,rethlefsen_2021,rethlefsen_2021_item1,Information Sources and Methods,Database name,1,"Name each individual database searched, stating the platform for each.",Methodology,english,km
rethlefsen_2021,rethlefsen_2021,rethlefsen_2021_item10,Search Strategies,Search filters,10,"Indicate whether published search filters were used (original or modified), and cite the filter(s) used.",Methodology,english,km
rethlefsen_2021,rethlefsen_2021,rethlefsen_2021_item11,Search Strategies,Prior work,11,"Indicate when search strategies from other reviews were adapted or reused, citing the previous review(s).",Methodology,english,km
rethlefsen_2021,rethlefsen_2021,rethlefsen_2021_item12,Search Strategies,Updates,12,"Report the methods used to update the searches (e.g., rerunning searches, email alerts).",Methodology,english,km
rethlefsen_2021,rethlefsen_2021,rethlefsen_2021_item13,Search Strategies,Dates of searches,13,"For each search strategy, provide the date when the last search occurred.",Methodology,english,km
rethlefsen_2021,rethlefsen_2021,rethlefsen_2021_item14,Peer Review,Peer review,14,Describe any search peer review process.,Methodology,english,km
rethlefsen_2021,rethlefsen_2021,rethlefsen_2021_item15,Managing Records,Total Records,15,Document the total number of records identified from each database and other information sources.,Results,english,km
rethlefsen_2021,rethlefsen_2021,rethlefsen_2021_item16,Managing Records,Deduplication,16,Describe the processes and any software used to deduplicate records from multiple database searches and other sources.,Methodology,english,km
rethlefsen_2021,rethlefsen_2021,rethlefsen_2021_item2,Information Sources and Methods,Multi-database searching,2,"If databases were searched simultaneously on a single platform, state the name of the platform, listing all of the databases searched.",Methodology,english,km
rethlefsen_2021,rethlefsen_2021,rethlefsen_2021_item3,Information Sources and Methods,Study registries,3,List any study registries searched.,Methodology,english,km
rethlefsen_2021,rethlefsen_2021,rethlefsen_2021_item4,Information Sources and Methods,Online resources and browsing,4,"Describe any online or print source purposefully searched or browsed (e.g., tables of contents, print conference proceedings, websites), and how this was done.",Methodology,english,km
rethlefsen_2021,rethlefsen_2021,rethlefsen_2021_item5,Information Sources and Methods,Citation searching,5,"Indicate whether cited or citing references were examined, and describe any methods used to locate them (e.g., reference lists, citation index, email alerts).",Methodology,english,km
rethlefsen_2021,rethlefsen_2021,rethlefsen_2021_item6,Information Sources and Methods,Contacts,6,"Indicate whether additional studies or data were sought by contacting authors, experts, manufacturers, or others.",Methodology,english,km
rethlefsen_2021,rethlefsen_2021,rethlefsen_2021_item7,Information Sources and Methods,Other methods,7,Describe any additional information sources or search methods used.,Methodology,english,km
rethlefsen_2021,rethlefsen_2021,rethlefsen_2021_item8,Search Strategies,Full search strategies,8,"Include the search strategies for each database and information source, copied and pasted exactly as run.",Methodology,english,km
rethlefsen_2021,rethlefsen_2021,rethlefsen_2021_item9,Search Strategies,Limits and restrictions,9,"Specify that no limits were used, or describe any limits or restrictions applied (e.g., date, language, study design) and justify their use.",Methodology,english,km
riley_2010,riley_2010,riley_2010_item1,,,,"Whether there was a protocol for the individual participant data project, and where it can be found",Other Information,english,km
riley_2010,riley_2010,riley_2010_item10,,,,"The number of patients within each of the original studies and, if appropriate, the number of events",Methodology,english,km
riley_2010,riley_2010,riley_2010_item11,,,,"Details of any missing individual level data within the available individual participant data for each study, and how this was handled within the meta-analyses performed",Methodology,english,km
riley_2010,riley_2010,riley_2010_item12,,,,Details and reasons for including (or excluding) patients who were originally excluded (or included) by the source study investigators,Methodology,english,km
riley_2010,riley_2010,riley_2010_item13,,,,"Whether a one step or a two step individual participant data meta-analysis was performed, and the statistical details thereof, including how clustering of patients within studies was accounted for",Methodology,english,km
riley_2010,riley_2010,riley_2010_item14,,,,How many patients from each study were used in each meta-analysis performed,Methodology,english,km
riley_2010,riley_2010,riley_2010_item15,,,,"Whether the assumptions of the statistical models were validated (for example, proportional hazards) within each study",Methodology,english,km
riley_2010,riley_2010,riley_2010_item16,,,,"Whether the individual participant data results for each study were comparable with the published results, and, if not, why not (for example, individual participant data contained updated or modified information)",Methodology,english,km
riley_2010,riley_2010,riley_2010_item17,,,,How individual participant data and non-individual participant data studies were analysed together (if appropriate).,Methodology,english,km
riley_2010,riley_2010,riley_2010_item18,,,,The robustness of the meta-analysis results following the inclusion or exclusion of non-individual participant data studies (if appropriate),Methodology,english,km
riley_2010,riley_2010,riley_2010_item2,,,,Whether ethics approval was necessary and (if appropriate) granted,Methodology,english,km
riley_2010,riley_2010,riley_2010_item3,,,,Why the individual participant data approach was initiated,Methodology,english,km
riley_2010,riley_2010,riley_2010_item4,,,,The process used to identify relevant studies for the meta-analysis,Methodology,english,km
riley_2010,riley_2010,riley_2010_item5,,,,How authors of relevant studies were approached for individual participant data,Methodology,english,km
riley_2010,riley_2010,riley_2010_item6,,,,"How many authors (or collaborating groups) were approached for individual participant data, and the proportion that provided such data",Methodology,english,km
riley_2010,riley_2010,riley_2010_item7,,,,"The number of authors who did not provide individual participant data, the reasons why, and the number of patients (and events) in the respective study",Methodology,english,km
riley_2010,riley_2010,riley_2010_item8,,,,"Whether those authors who provided individual participant data gave all their data or only a proportion; if the latter, then describe what information was omitted and why",Methodology,english,km
riley_2010,riley_2010,riley_2010_item9,,,,Whether there were any qualitative or quantitative differences between those studies providing individual participant data and those studies not providing individual participant data (if appropriate),Methodology,english,km
sanchezmeca_2021,sanchezmeca_2021,sanchezmeca_2021_item1,TITLE,Title,1,"In the title include: (a) the term reliability generalization or meta-analysis, together with some explicit indication to reliability (internal consistency, test-retest, inter- or intra-rater) and (b) the name of the scale or, if more than one scale, the attribute/outcome measure that the scales are assessing.",Title,english,km
sanchezmeca_2021,sanchezmeca_2021,sanchezmeca_2021_item10,METHOD,Data extraction of inducing studies,10,"Declare whether characteristics of inducing studies were also extracted or if, on the contrary, only characteristics of studies that reported reliability were extracted.",Methodology,english,km
sanchezmeca_2021,sanchezmeca_2021,sanchezmeca_2021_item11,METHOD,Reliability of data extraction,11,"Describe how the reliability of data extraction process was appraised: how many coders which agreement coefficients were applied (e.g., kappa coefficient, intraclass correlation), which values were obtained, and how disagreements were dealt with.",Methodology,english,km
sanchezmeca_2021,sanchezmeca_2021,sanchezmeca_2021_item12,METHOD,Transformation method,12,"State whether or not the reliability coefficients were transformed for the meta-analytic integration. If relevant, specify the transformation methods: Fisher¬¥s Z for correlation coefficients (e.g., test-retest coefficients), Bonett‚Äôs and Hakstian and Whallen‚Äôs transformation for internal consistency coefficients (e.g., Cronbach‚Äôs alpha), reliability index, measurement error (e.g., standard error of measurement), or other (specify).",Methodology,english,km
sanchezmeca_2021,sanchezmeca_2021,sanchezmeca_2021_item13,METHOD,Statistical model,13,"Describe the statistical model(s) assumed in the meta-analytic integration for estimating the average reliability coefficient and for analysing the influence of moderator variables (e.g. fixed-effect(s), random-effects, mixed-effects, varying-coefficient models, generalized linear models), as well as the analysis framework (frequentist or Bayesian). In case of applying a multivariate/MASEM approach, describe how the item correlation/covariance matrices or factor loadings were synthesized.",Methodology,english,km
sanchezmeca_2021,sanchezmeca_2021,sanchezmeca_2021_item14,METHOD,Weighting method,14,"Specify the weighting method applied in the meta-analytic integration: unweighted, weighting by sample size, weighting by inverse variance, or other weighting methods.",Methodology,english,km
sanchezmeca_2021,sanchezmeca_2021,sanchezmeca_2021_item15,METHOD,Heterogeneity assessment,15,"Describe how heterogeneity among reliability coefficients was assessed (e.g., standard deviation, Q statistic, I2 index, between-studies variance, 75% rule of Hunter-Schmidt). If relevant, specify the between-studies variance estimator (DerSimonian and Laird, Maximum Likelihood, Restricted Maximum Likelihood, Empirical Bayes, Paule and Mandel), as well as how confidence intervals, credibility intervals, or prediction intervals were calculated.",Methodology,english,km
sanchezmeca_2021,sanchezmeca_2021,sanchezmeca_2021_item16,METHOD,Moderator analyses,16,"If relevant, describe how the influence of moderator variables was assessed (e.g., subgroup analyses, meta-regression analyses, correlational analyses).",Methodology,english,km
sanchezmeca_2021,sanchezmeca_2021,sanchezmeca_2021_item17,METHOD,Additional analyses,17,"Describe other additional analyses accomplished, such as sensitivity analyses (e.g., statistical analyses with transformed and untransformed reliability coefficients, one-to-one deleting of reliability coefficients, assessment of publication bias, reporting biases, and other sources of bias).",Methodology,english,km
sanchezmeca_2021,sanchezmeca_2021,sanchezmeca_2021_item18,METHOD,Software,18,"Mention the software and version used to carry out the statistical analyses (e.g., metafor in R, Proc MIXED in SAS, Comprehensive Meta-analysis).",Methodology,english,km
sanchezmeca_2021,sanchezmeca_2021,sanchezmeca_2021_item19,RESULTS,Results of the study selection process,19,"Describe, ideally with a flow chart, the selection process of the studies, specifying the number of studies identified from each search source, excluded studies and reasons why, and the number of studies that reported and induced reliability of test scores. Regarding reliability induction, report induction rates, distinguishing between induction, omission and report (see e.g., REGEMA flowchart). Furthermore, it is advisable to compare the reliability induction rates as a function of variables such as publication year, country/continent and study purpose (psychometric vs. applied).",Results,english,km
sanchezmeca_2021,sanchezmeca_2021,sanchezmeca_2021_item2,ABSTRACT,Abstract,2,"In the abstract explicitly state: (a) that the objective was to carry out a reliability generalization (RG) meta-analysis of one or several scales; (b) eligibility criteria of the studies; (c) data sources with the temporal range covered; (d) types of reliability coefficients analyzed; (e) statistical model applied; (f) main results (e.g., pooled reliability coefficient and 95% CI, moderator variables related to reliability); and (g) main conclusions. In case of space limitation, (b) and (c) criteria can be omitted.",Abstract,english,km
sanchezmeca_2021,sanchezmeca_2021,sanchezmeca_2021_item20,RESULTS,Mean reliability and heterogeneity,20,"Present pooled reliability coefficients and confidence/credibility intervals for the scale (and subscales, if applicable) and for each type of reliability (e.g., internal consistency, temporal stability, inter- and intra-rater agreement). In case of applying any transformation of the reliability coefficients, results should be back-transformed to the original metric to facilitate interpretation. Illustrate the distribution of reliability coefficients with graphical techniques (e.g., forest plots, box plots, stem and leaf displays, histograms) and describe the degree of heterogeneity by one or more heterogeneity measures (see Item 15).",Results,english,km
sanchezmeca_2021,sanchezmeca_2021,sanchezmeca_2021_item21,RESULTS,Moderator analyses,21,"For categorical moderators, provide the pooled reliability coefficient, confidence interval and other heterogeneity measures for each category of the moderator. For continuous moderators, include the regression coefficients, standard errors and confidence limits. For both types of moderators, report results of the statistical significance tests, misspecification tests, and proportion of variance accounted for. As a further step, it is advisable to fit a predictive/explanatory model including the most relevant moderator variables.",Results,english,km
sanchezmeca_2021,sanchezmeca_2021,sanchezmeca_2021_item22,RESULTS,Sensitivity analyses,22,Report or describe the results of any sensitivity analyses conducted (see Item 17).,Results,english,km
sanchezmeca_2021,sanchezmeca_2021,sanchezmeca_2021_item23,RESULTS,Comparison of inducing and reporting studies,23,"If performed, present the results of comparing the characteristics of inducing and reporting studies (e.g., sociodemographic and clinical characteristics of the samples).",Results,english,km
sanchezmeca_2021,sanchezmeca_2021,sanchezmeca_2021_item24,RESULTS,Data set,24,"Tabulate the characteristics of the individual studies that reported reliability (see Item 7). Tables can be presented as appendices or supplementary files. In addition, list of all studies included in the RG meta-analysis, either in the reference section or as a supplementary file.",Results,english,km
sanchezmeca_2021,sanchezmeca_2021,sanchezmeca_2021_item25,DISCUSSION,Summary of results,25,"Present the main results, such as mean reliability exhibited by the scale/test and moderators of the reliability coefficients. If available, discuss the results in the light of previous evidence.",Discussion,english,km
sanchezmeca_2021,sanchezmeca_2021,sanchezmeca_2021_item26,DISCUSSION,Limitations,26,Discuss the limitations of the meta-analysis. Include an explicit statement of the reliability induction rates and the extent to which inducing and reporting studies are comparable in terms of samples characteristics.,Discussion,english,km
sanchezmeca_2021,sanchezmeca_2021,sanchezmeca_2021_item27,DISCUSSION,Implications for practice,27,Provide guidelines for professional practice regarding the usefulness of the scale/test in different settings and target populations.,Discussion,english,km
sanchezmeca_2021,sanchezmeca_2021,sanchezmeca_2021_item28,DISCUSSION,Implications for future research,28,Include recommendations for researchers regarding the conditions under which the scale/test should be applied.,Discussion,english,km
sanchezmeca_2021,sanchezmeca_2021,sanchezmeca_2021_item29,FUNDING,Funding,29,"State the financial sources of the meta-analysis, as well as potential conflict of interests of the authors.",Other Information,english,km
sanchezmeca_2021,sanchezmeca_2021,sanchezmeca_2021_item3,INTRODUCTION,Background,3,"In the background include: (a) a conceptual definition of the attribute/outcome measure assessed by the scale/s; (b) description of the target population/s to which the scale/s is/are applied and its/their purposes (e.g., screening, clinical diagnosis); (c) a complete description of the scale/s (length, number of categories), including the versions and adaptations to other languages/cultures; and (d) a brief presentation of reliability estimates obtained in previous psychometric studies of the scale/s. Optionally, a brief review of validation studies of the scale/s (e.g., exploratory/confirmatory factor analyses, concurrent/convergent/discriminant validity, responsiveness) could be included.",Introduction,english,km
sanchezmeca_2021,sanchezmeca_2021,sanchezmeca_2021_item30,PROTOCOL,Protocol,30,"State whether a protocol of the meta-analysis was previously published or made accessible in some web-site (e.g., in Prospero).",Other Information,english,km
sanchezmeca_2021,sanchezmeca_2021,sanchezmeca_2021_item4,INTRODUCTION,Objectives,4,"State whether the purpose of the meta-analysis was to obtain a more precise overall reliability coefficient estimate and/or investigate how reliability coefficients vary among different applications of the scales. Optionally, specify whether one objective of the meta-analysis is to estimate the reliability induction rates of the scale/s.",Introduction,english,km
sanchezmeca_2021,sanchezmeca_2021,sanchezmeca_2021_item5,METHOD,Selection criteria,5,"Specify inclusion criteria: (a) name/s of the scale/s analysed in the RG meta-analysis, as well as the versions and/or adaptations included; (b) geographical and/or cultural restrictions; (c) years considered; (d) language of the paper; (e) publication status; (f) to report any reliability estimate based on the study-specific sample/s; (g) type/s of reliability considered (e.g., internal consistency, temporal stability, inter-/intra rater reliability‚Ä¶); (h) target population/s (e.g., community, clinical, subclinical/analog, university‚Ä¶); and (i) minimum sample size required.",Methodology,english,km
sanchezmeca_2021,sanchezmeca_2021,sanchezmeca_2021_item6,METHOD,Search strategies,6,"Specify how the studies were located: (a) electronic databases consulted; (b) other formal search procedures (e.g., manual search in specific journals, backward search from references listed in selected studies); and (c) informal search procedures (e.g., internet searches, contacting study authors to identify additional studies). For electronic searches, describe the search strategy, including the keywords used and how they were combined, and the search limits (e.g., fields where the keywords were searched - title, abstract, full-text -, temporal range, language).",Methodology,english,km
sanchezmeca_2021,sanchezmeca_2021,sanchezmeca_2021_item7,METHOD,Data extraction,7,"Describe the characteristics extracted from the studies, including: (a) sample size/s, mean/s and standard deviation/s of total test scores and subscales (if applicable); (b) sample characteristics (e.g., target population, country, mean age, standard deviation of the age, gender distribution, ethnic distribution, disorder history ‚àímean and SD in years); (c) test version (e.g., adaptation/version, number of items, reporting format ‚àíself-report, clinician); (d) methods (e.g., study design, purpose of the study ‚àípsychometric versus applied‚àí, quality checklist); (e) extrinsic characteristics (e.g., publication status, researchers‚Äô affiliations, funding source).",Methodology,english,km
sanchezmeca_2021,sanchezmeca_2021,sanchezmeca_2021_item8,METHOD,Reported reliability,8,"Identify the types of reliability coefficients included in the RG meta-analysis: internal consistency (e.g., Cronbach's alpha, KR-21, parallel forms, omega), temporal stability (test-retest), inter- and intra-rater reliability (e.g., intraclass correlation, kappa coefficient). Clearly state that separate meta-analyses were conducted for each type of reliability coefficient. In case of applying a multivariate/MASEM approach, specify the type of statistical information extracted from the studies (i.e., item-item correlation/covariance matrices, factor loadings, etc.).",Methodology,english,km
sanchezmeca_2021,sanchezmeca_2021,sanchezmeca_2021_item9,METHOD,Estimating the reliability induction and other sources of bias,9,"In case that the meta-analysis intends to estimate the reliability induction, identify the types of reliability induction: induction by omission (no mention of test reliability whatsoever) or reporting induction (vague or precise reporting). Describe how other sources of bias were assessed (e.g. assumptions of the reliability coefficient, adequacy of the measurement model, etc.).",Methodology,english,km
snell_2023,snell_2023_abstract,snell_2023_abstract_item1,Title,Title,1,Identify the report as a systematic review or meta-analysis (or both) of diagnostic or prognostic model studies. Specify the target population and outcome(s) predicted as relevant to the review question.,Title,english,km
snell_2023,snell_2023_abstract,snell_2023_abstract_item10,Discussion,Interpretation,10,Provide a general interpretation of the results and important implications for research and practice.,Abstract,english,km
snell_2023,snell_2023_abstract,snell_2023_abstract_item11,Other,Funding,11,Specify the primary source of funding for the review.,Abstract,english,km
snell_2023,snell_2023_abstract,snell_2023_abstract_item12,Other,Registration,12,Provide the register name and registration number.,Abstract,english,km
snell_2023,snell_2023_abstract,snell_2023_abstract_item2,Background,Objectives,2,"Provide an explicit statement of the main objective(s) being addressed with reference to: target population, index and comparator models (as relevant), outcome(s), time (prediction horizon and intended moment of using the model), and setting.",Abstract,english,km
snell_2023,snell_2023_abstract,snell_2023_abstract_item3,Methods,Study eligibility criteria,3,"Specify study characteristics used as eligibility criteria, including any prediction models of specific interest, and whether development or validation studies (or both) were eligible.",Abstract,english,km
snell_2023,snell_2023_abstract,snell_2023_abstract_item4,Methods,Information sources,4,"Specify the information sources (eg, databases, registers) used to identify studies and the date when each was last searched.",Abstract,english,km
snell_2023,snell_2023_abstract,snell_2023_abstract_item5,Methods,Risk of bias and applicability,5,Specify the methods used to assess risk of bias and applicability in the included studies.,Abstract,english,km
snell_2023,snell_2023_abstract,snell_2023_abstract_item6,Methods,Synthesis methods,6,Specify the methods used to synthesise performance measures for each model of interest.,Abstract,english,km
snell_2023,snell_2023_abstract,snell_2023_abstract_item7,Results,Included studies,7,"Give the total number of included studies and models, and summarise relevant study characteristics and model details.",Abstract,english,km
snell_2023,snell_2023_abstract,snell_2023_abstract_item8,Results,Results of syntheses,8,"Present results for each of the main models of interest. If meta-analysis was used to synthesise study estimates of model performance, report the summary result and confidence/credible interval for each performance measure, together with the number of study estimates contributing.",Abstract,english,km
snell_2023,snell_2023_abstract,snell_2023_abstract_item9,Discussion,Limitations of evidence,9,Provide a brief summary of the limitations of the evidence included in the review.,Abstract,english,km
snell_2023,snell_2023,snell_2023_item1,Title,Title,1,Identify the report as a systematic review or meta-analysis (or both) of diagnostic or prognostic model studies. Specify the target population and outcome(s) predicted as relevant to the review question.,Title,english,km
snell_2023,snell_2023,snell_2023_item10,Methods,Data Items,10a,List and define all items for which data were sought from each study.,Methodology,english,km
snell_2023,snell_2023,snell_2023_item11,Methods,Data Items,10b,"State the model performance measures that were sought (eg, measures of calibration, discrimination, overall model fit, clinical utility).",Methodology,english,km
snell_2023,snell_2023,snell_2023_item12,Methods,Data Items,10c,"Describe how any desired but unreported data items (items 10a, 10b) were handled (eg, contacted authors, calculated from other reported information).",Methodology,english,km
snell_2023,snell_2023,snell_2023_item13,Methods,Risk of bias and applicability assessment,11,"Specify the methods used to assess risk of bias in the included studies and their applicability to the review question. This should be done separately for each model development and validation. Include details of any tool(s) used, how many reviewers assessed each study and whether they worked independently.",Methodology,english,km
snell_2023,snell_2023,snell_2023_item14,Methods,Synthesis methods,12a,"Describe any methods for synthesising estimates of performance measures for each model. If meta-analysis was carried out, describe the methods used, including any transformations of data before pooling, how any heterogeneity in model performance was quantified and handled, and software package(s) used.",Methodology,english,km
snell_2023,snell_2023,snell_2023_item15,Methods,Synthesis methods,12b,"Describe any methods used to explore possible causes of heterogeneity in model performance (eg, subgroup analysis, meta-regression), including whether or not they were planned.",Methodology,english,km
snell_2023,snell_2023,snell_2023_item16,Methods,Synthesis methods,12c,Describe any sensitivity analyses conducted to assess robustness of the synthesised results.,Methodology,english,km
snell_2023,snell_2023,snell_2023_item17,Methods,Certainty assessment,13,Describe any methods used to assess certainty (or confidence) in the body of evidence for a prediction model.,Methodology,english,km
snell_2023,snell_2023,snell_2023_item18,Results,Study selection,14,"Describe the results of the search and selection process, from the number of records identified in the search to the number of studies and models included in the review, ideally using a flow diagram.",Results,english,km
snell_2023,snell_2023,snell_2023_item19,Results,Study and model characteristics,15,"Present study characteristics and model details extracted (as per item 10a), and cite the study reports.",Results,english,km
snell_2023,snell_2023,snell_2023_item2,Abstract,Abstract,2,See the TRIPOD-SRMA checklist for abstracts*,Abstract,english,km
snell_2023,snell_2023,snell_2023_item20,Results,Risk of bias and applicability,16,Present results of risk of bias and applicability assessment. This should be done separately for each model development and validation in each included study.,Results,english,km
snell_2023,snell_2023,snell_2023_item21,Results,Results of model performance in individual studies,17,"Present performance estimates and confidence intervals for each model and all evaluations, including whether they relate to the internal or external validation performance. If internal, give details of the method.",Results,english,km
snell_2023,snell_2023,snell_2023_item22,Results,Results of syntheses,18a,"Present the results of any synthesis of model performance, together with details of which study estimates contributed. If meta-analysis was carried out, then for each model and performance measure, present summary results, confidence/credible intervals, and measures of heterogeneity. Forest plots may be useful.",Results,english,km
snell_2023,snell_2023,snell_2023_item23,Results,Results of syntheses,18b,"For each model, present results of all investigations of possible causes of heterogeneity in model performance.",Results,english,km
snell_2023,snell_2023,snell_2023_item24,Results,Results of syntheses,18c,Present results of all sensitivity analyses conducted to assess the robustness of the synthesised results.,Results,english,km
snell_2023,snell_2023,snell_2023_item25,Results,Certainty of evidence,19,Present any assessments of certainty (or confidence) in the body of evidence for each prediction model of interest.,Results,english,km
snell_2023,snell_2023,snell_2023_item26,Discussion,Summary of evidence,20,Summarise the main findings including the strengths and limitations of the evidence.,Discussion,english,km
snell_2023,snell_2023,snell_2023_item27,Discussion,Limitations,21,Discuss the strengths and limitations of the review process.,Discussion,english,km
snell_2023,snell_2023,snell_2023_item28,Discussion,Implications,22,"Discuss implications of the results in the context of other evidence and for practice, policy, and future research.",Discussion,english,km
snell_2023,snell_2023,snell_2023_item29,Other information,Registration and protocol,23a,"Provide registration information for the review, including register name and registration number, or state that the review was not registered.",Other Information,english,km
snell_2023,snell_2023,snell_2023_item3,Introduction,Rationale,3,Describe the rationale for the review in the context of existing knowledge.,Introduction,english,km
snell_2023,snell_2023,snell_2023_item30,Other information,Registration and protocol,23b,"Indicate where the review protocol can be accessed, or state that a protocol was not prepared.",Other Information,english,km
snell_2023,snell_2023,snell_2023_item31,Other information,Registration and protocol,23c,Describe and explain any amendments to information provided at registration or in the protocol.,Other Information,english,km
snell_2023,snell_2023,snell_2023_item32,Other information,Support,24,"Describe sources of financial or non-financial support for the review, and the role of the funders or sponsors in the review.",Other Information,english,km
snell_2023,snell_2023,snell_2023_item33,Other information,Competing interests,25,Declare any competing interests of review authors.,Other Information,english,km
snell_2023,snell_2023,snell_2023_item34,Other information,"Availability of data, code, and other materials",26,Report which of the following are publicly available and where they can be found: template data collection forms; data extracted from included studies; data used for all analyses; analytic code; any other materials used in the review.,Other Information,english,km
snell_2023,snell_2023,snell_2023_item4,Introduction,Objectives,4,"Provide an explicit statement of the objective(s) being addressed with reference to: target population, index and comparator models (as relevant), outcome(s), time (prediction horizon and intended moment of using the model), and setting.",Introduction,english,km
snell_2023,snell_2023,snell_2023_item5,Methods,Study eligibility criteria,5,"Specify study characteristics used as eligibility criteria, including any prediction models of specific interest, and whether development or validation studies (or both) were eligible.",Methodology,english,km
snell_2023,snell_2023,snell_2023_item6,Methods,Information sources,6,"Specify all databases, registers, websites, organisations, reference lists, and other sources searched or consulted to identify studies. Specify the date when each source was last searched or consulted.",Methodology,english,km
snell_2023,snell_2023,snell_2023_item7,Methods,Search strategy,7,"Present the full search strategies for all databases, registers, and websites, including any filters and limits used.",Methodology,english,km
snell_2023,snell_2023,snell_2023_item8,Methods,Study selection process,8,"Specify the methods used to decide whether a study met the inclusion criteria of the review, including how many reviewers screened each record and each report retrieved, whether they worked independently, and if applicable, details of automation tools used in the process.",Methodology,english,km
snell_2023,snell_2023,snell_2023_item9,Methods,Data collection process,9,"Specify the methods used to collect data from study reports, including how many reviewers collected data from each report, whether they worked independently, any processes for obtaining or confirming data from study investigators, and if applicable, details of automation tools used in the process.",Methodology,english,km
stanley_2013,stanley_2013,stanley_2013_item1,Research Questions and Effect Size,Research Questions and Effect Size,2.1,"A clear statement of the specific economic theories, hypotheses or effects studied.",Introduction,english,km
stanley_2013,stanley_2013,stanley_2013_item10,"Research Literature Searching, Compilation and Coding","Research Literature Searching, Compilation and Coding",2.2,A complete list of the information coded for each study or estimate.,Methodology,english,km
stanley_2013,stanley_2013,stanley_2013_item11,"Research Literature Searching, Compilation and Coding","Research Literature Searching, Compilation and Coding",2.2,the estimated effect size;,Methodology,english,km
stanley_2013,stanley_2013,stanley_2013_item12,"Research Literature Searching, Compilation and Coding","Research Literature Searching, Compilation and Coding",2.2,"its standard error, when feasible, and the degrees of freedom (or sample size);",Results,english,km
stanley_2013,stanley_2013,stanley_2013_item13,"Research Literature Searching, Compilation and Coding","Research Literature Searching, Compilation and Coding",2.2,"variables that distinguish which type of econometric model, methods and techniques were employed;",Methodology,english,km
stanley_2013,stanley_2013,stanley_2013_item14,"Research Literature Searching, Compilation and Coding","Research Literature Searching, Compilation and Coding",2.2,dummy (i.e. 0/1) variables for the omission of theoretically relevant variables in the research study investigated;,Methodology,english,km
stanley_2013,stanley_2013,stanley_2013_item15,"Research Literature Searching, Compilation and Coding","Research Literature Searching, Compilation and Coding",2.2,"empirical setting (e.g. region, market, industry);",Methodology,english,km
stanley_2013,stanley_2013,stanley_2013_item16,"Research Literature Searching, Compilation and Coding","Research Literature Searching, Compilation and Coding",2.2,"data types (panel, cross-sectional, time series, etc.);",Methodology,english,km
stanley_2013,stanley_2013,stanley_2013_item17,"Research Literature Searching, Compilation and Coding","Research Literature Searching, Compilation and Coding",2.2,year of the data used and/or publication year;,Methodology,english,km
stanley_2013,stanley_2013,stanley_2013_item18,"Research Literature Searching, Compilation and Coding","Research Literature Searching, Compilation and Coding",2.2,"type of publication (journal, working paper, book chapter, etc.) and",Methodology,english,km
stanley_2013,stanley_2013,stanley_2013_item19,"Research Literature Searching, Compilation and Coding","Research Literature Searching, Compilation and Coding",2.2,"the primary study, publication and/or dataset from which an observation is drawn.",Methodology,english,km
stanley_2013,stanley_2013,stanley_2013_item2,Research Questions and Effect Size,Research Questions and Effect Size,2.1,"A precise definition of how effects are measured (the effect size), accompanied by any relevant formulas.",Methodology,english,km
stanley_2013,stanley_2013,stanley_2013_item20,MRA Modeling Issues,MRA Modeling Issues,2.3,"A table of descriptive statistics of the variables that are coded (means and standard deviations) and graph(s) displaying the effect sizes (e.g. funnel graphs, forest plots, bar charts).",Methodology,english,km
stanley_2013,stanley_2013,stanley_2013_item21,MRA Modeling Issues,MRA Modeling Issues,2.3,"A fully reported multiple MRA, along with the exact strategy used to simplify it (e.g. general-to-specific, Bayesian).",Methodology,english,km
stanley_2013,stanley_2013,stanley_2013_item22,MRA Modeling Issues,MRA Modeling Issues,2.3,"An investigation of publication, selection, and misspecification biases. When suspected, these should be controlled for in subsequent MRA models.",Methodology,english,km
stanley_2013,stanley_2013,stanley_2013_item23,MRA Modeling Issues,MRA Modeling Issues,2.3,Methods to accommodate heteroscedasticity and within-study dependence.,Methodology,english,km
stanley_2013,stanley_2013,stanley_2013_item24,MRA Modeling Issues,MRA Modeling Issues,2.3,"Results from MRA model specification tests, robustness checks or sensitivity analyses.",Methodology,english,km
stanley_2013,stanley_2013,stanley_2013_item3,Research Questions and Effect Size,Research Questions and Effect Size,2.1,"An explicit description about how measured effects are comparable, including any methods used to standardize or convert them to a common metric.",Methodology,english,km
stanley_2013,stanley_2013,stanley_2013_item4,"Research Literature Searching, Compilation and Coding","Research Literature Searching, Compilation and Coding",2.2,A full report of how the research literature was searched.,Methodology,english,km
stanley_2013,stanley_2013,stanley_2013_item5,"Research Literature Searching, Compilation and Coding","Research Literature Searching, Compilation and Coding",2.2,the exact databases or other sources used;,Methodology,english,km
stanley_2013,stanley_2013,stanley_2013_item6,"Research Literature Searching, Compilation and Coding","Research Literature Searching, Compilation and Coding",2.2,the precise combination of keywords employed,Methodology,english,km
stanley_2013,stanley_2013,stanley_2013_item7,"Research Literature Searching, Compilation and Coding","Research Literature Searching, Compilation and Coding",2.2,the date that the search was completed.,Methodology,english,km
stanley_2013,stanley_2013,stanley_2013_item8,"Research Literature Searching, Compilation and Coding","Research Literature Searching, Compilation and Coding",2.2,A full disclosure of the rules for study (or effect size) inclusion/exclusion. It is also useful to provide a list of all studies included and a description of why others were excluded.,Methodology,english,km
stanley_2013,stanley_2013,stanley_2013_item9,"Research Literature Searching, Compilation and Coding","Research Literature Searching, Compilation and Coding",2.2,"A statement addressing who searched, read and coded the research literature. Two or more reviewers should code the relevant research.",Methodology,english,km
stevens_2025,stevens_2025,stevens_2025_item1,Methods,A priori-defined iterative methods,,"Report whether an iterative process (ideally specified in the protocol) was used, such as decision-making on methodology or inclusion during the conduct of the review to meet the timeline.",Methodology,english,km
stevens_2025,stevens_2025,stevens_2025_item2,Methods,Distinguishing the RR from an SR,,Indicate what aspects of the conduct or process that would differ from an SR.,Introduction,english,km
stevens_2025,stevens_2025,stevens_2025_item3,Methods,Knowledge user involvement,,"Describe what knowledge users (eg, policymakers, patients, guideline developers, clinicians) were involved in the development of the RR, specifying the stage(s) and the nature of involvement.",Introduction,english,km
stevens_2025,stevens_2025,stevens_2025_item4,Other information,Authorship and corresponding author,,List those who contributed sufficiently to meet authorship requirements. Provide contact information for the corresponding author or organisational representative.,Other Information,english,km
stevens_2025,stevens_2025,stevens_2025_item5,Other information,Acknowledgements,,List those who contributed to the development and conduct the work but do not meet authorship requirements.,Other Information,english,km
stevens_2025,stevens_2025,stevens_2025_item6,Other information,Peer review,,"Indicate whether peer review was undertaken during the preparation of the report and by whom (eg, methodologist or content expert and whether internal or external to producing organisation).",Other Information,english,km
stewart_2015,stewart_2015,stewart_2015_item1,Title,Title,1,Identify the report as a systematic review and meta-analysis of individual participant data.,Abstract,english,km
stewart_2015,stewart_2015,stewart_2015_item10,Methods,Protocol and registration,5,"Indicate if a protocol exists and where it can be accessed. If available, provide registration information including registration number and registry name. Provide publication details, if applicable.",Methodology,english,km
stewart_2015,stewart_2015,stewart_2015_item11,Methods,Eligibility criteria,6,"Specify inclusion and exclusion criteria including those relating to participants, interventions, comparisons, outcomes, study design and characteristics (e.g. years when conducted, required minimum follow-up). Note whether these were applied at the study or individual level i.e. whether eligible participants were included (and ineligible participants excluded) from a study that included a wider population than specified by the review inclusion criteria. The rationale for criteria should be stated.",Methodology,english,km
stewart_2015,stewart_2015,stewart_2015_item12,Methods,Identifying studies - information sources,7,"Describe all methods of identifying published and unpublished studies including, as applicable: which bibliographic databases were searched with dates of coverage; details of any hand searching including of conference proceedings; use of study registers and agency or company databases; contact with the original research team and experts in the field; open adverts and surveys. Give the date of last search or elicitation.",Methodology,english,km
stewart_2015,stewart_2015,stewart_2015_item13,Methods,Identifying studies - search,8,"Present the full electronic search strategy for at least one database, including any limits used, such that it could be repeated.",Methodology,english,km
stewart_2015,stewart_2015,stewart_2015_item14,Methods,Study selection processes,9,State the process for determining which studies were eligible for inclusion.,Methodology,english,km
stewart_2015,stewart_2015,stewart_2015_item15,Methods,Data collection processes,10a,"Describe how IPD were requested, collected and managed, including any processes for querying and confirming data with investigators. If IPD were not sought from any eligible study, the reason for this should be stated (for each such study).",Methodology,english,km
stewart_2015,stewart_2015,stewart_2015_item16,Methods,Data collection processes,10b,"If applicable, describe how any studies for which IPD were not available were dealt with. This should include whether, how and what aggregate data were sought or extracted from study reports and publications (such as extracting data independently in duplicate) and any processes for obtaining and confirming these data with investigators.",Methodology,english,km
stewart_2015,stewart_2015,stewart_2015_item17,Methods,Data items,11,"Describe how the information and variables to be collected were chosen. List and define all study level and participant level data that were sought, including baseline and follow-up information. If applicable, describe methods of standardising or translating variables within the IPD datasets to ensure common scales or measurements across studies.",Methodology,english,km
stewart_2015,stewart_2015,stewart_2015_item18,Methods,IPD integrity,A1,"Describe what aspects of IPD were subject to data checking (such as sequence generation, data consistency and completeness, baseline imbalance) and how this was done.",Methodology,english,km
stewart_2015,stewart_2015,stewart_2015_item19,Methods,Risk of bias assessment in individual studies,12,"Describe methods used to assess risk of bias in the individual studies and whether this was applied separately for each outcome. If applicable, describe how findings of IPD checking were used to inform the assessment. Report if and how risk of bias assessment was used in any data synthesis.",Methodology,english,km
stewart_2015,stewart_2015,stewart_2015_item2,Abstract,Structured summary,2,Provide a structured summary including as applicable:,Abstract,english,km
stewart_2015,stewart_2015,stewart_2015_item20,Methods,Specification of outcomes and effect measures,13,"State all treatment comparisons of interests. State all outcomes addressed and define them in detail. State whether they were pre-specified for the review and, if applicable, whether they were primary/main or secondary/additional outcomes. Give the principal measures of effect (such as risk ratio, hazard ratio, difference in means) used for each outcome.",Methodology,english,km
stewart_2015,stewart_2015,stewart_2015_item21,Methods,Synthesis methods,14,Describe the meta-analysis methods used to synthesise IPD. Specify any statistical methods and models used. Issues should include (but are not restricted to):,Methodology,english,km
stewart_2015,stewart_2015,stewart_2015_item22,Methods,,14a,Use of a one-stage or two-stage approach.,Methodology,english,km
stewart_2015,stewart_2015,stewart_2015_item23,Methods,Synthesis methods,14b,How effect estimates were generated separately within each study and combined across studies (where applicable).,Methodology,english,km
stewart_2015,stewart_2015,stewart_2015_item24,Methods,Synthesis methods,14c,Specification of one-stage models (where applicable) including how clustering of patients within studies was accounted for.,Methodology,english,km
stewart_2015,stewart_2015,stewart_2015_item25,Methods,Synthesis methods,14d,"Use of fixed or random effects models and any other model assumptions, such as proportional hazards.",Methodology,english,km
stewart_2015,stewart_2015,stewart_2015_item26,Methods,Synthesis methods,14e,How (summary) survival curves were generated (where applicable).,Methodology,english,km
stewart_2015,stewart_2015,stewart_2015_item27,Methods,Synthesis methods,14f,Methods for quantifying statistical heterogeneity (such as I2 and œÑ2).,Methodology,english,km
stewart_2015,stewart_2015,stewart_2015_item28,Methods,Synthesis methods,14g,How studies providing IPD and not providing IPD were analysed together (where applicable).,Methodology,english,km
stewart_2015,stewart_2015,stewart_2015_item29,Methods,Synthesis methods,14h,How missing data within the IPD were dealt with (where applicable).,Methodology,english,km
stewart_2015,stewart_2015,stewart_2015_item3,Abstract,Structured summary,2a,"Background: state research question and main objectives, with information on participants, interventions, comparators and outcomes.",Abstract,english,km
stewart_2015,stewart_2015,stewart_2015_item30,Methods,Exploration of variation in effects,A2,"If applicable, describe any methods used to explore variation in effects by study or participant level characteristics (such as estimation of interactions between effect and covariates). State all participant-level characteristics that were analysed as potential effect modifiers, and whether these were pre-specified.",Methodology,english,km
stewart_2015,stewart_2015,stewart_2015_item31,Methods,Risk of bias across studies,15,"Specify any assessment of risk of bias relating to the accumulated body of evidence, including any pertaining to not obtaining IPD for particular studies, outcomes or other variables.",Methodology,english,km
stewart_2015,stewart_2015,stewart_2015_item32,Methods,Additional analyses,16,"Describe methods of any additional analyses, including sensitivity analyses. State which of these were pre-specified.",Methodology,english,km
stewart_2015,stewart_2015,stewart_2015_item33,Results,Study selection and IPD obtained,17,"Give numbers of studies screened, assessed for eligibility, and included in the systematic review with reasons for exclusions at each stage. Indicate the number of studies and participants for which IPD were sought and for which IPD were obtained. For those studies where IPD were not available, give the numbers of studies and participants for which aggregate data were available. Report reasons for non-availability of IPD. Include a flow diagram.",Results,english,km
stewart_2015,stewart_2015,stewart_2015_item34,Results,Study characteristics,18,"For each study, present information on key study and participant characteristics (such as description of interventions, numbers of participants, demographic data, unavailability of outcomes, funding source, and if applicable duration of follow-up). Provide (main) citations for each study. Where applicable, also report similar study characteristics for any studies not providing IPD.",Results,english,km
stewart_2015,stewart_2015,stewart_2015_item35,Results,IPD integrity,A3,Report any important issues identified in checking IPD or state that there were none.,Results,english,km
stewart_2015,stewart_2015,stewart_2015_item36,Results,Risk of bias within studies,19,"Present data on risk of bias assessments. If applicable, describe whether data checking led to the up-weighting or down-weighting of these assessments. Consider how any potential bias impacts on the robustness of meta-analysis conclusions.",Results,english,km
stewart_2015,stewart_2015,stewart_2015_item37,Results,Results of individual studies,20,"For each comparison and for each main outcome (benefit or harm), for each individual study report the number of eligible participants for which data were obtained and show simple summary data for each intervention group (including, where applicable, the number of events), effect estimates and confidence intervals. These may be tabulated or included on a forest plot.",Results,english,km
stewart_2015,stewart_2015,stewart_2015_item38,Results,Results of syntheses,21,"Present summary effects for each meta-analysis undertaken, including confidence intervals and measures of statistical heterogeneity. State whether the analysis was pre-specified, and report the numbers of studies and participants and, where applicable, the number of events on which it is based.",Results,english,km
stewart_2015,stewart_2015,stewart_2015_item39,Results,Results of syntheses,21a,"When exploring variation in effects due to patient or study characteristics, present summary interaction estimates for each characteristic examined, including confidence intervals and measures of statistical heterogeneity. State whether the analysis was pre-specified. State whether any interaction is consistent across trials.",Results,english,km
stewart_2015,stewart_2015,stewart_2015_item4,Abstract,Structured summary,2b,"Methods: report eligibility criteria; data sources including dates of last bibliographic search or elicitation, noting that IPD were sought; methods of assessing risk of bias.",Abstract,english,km
stewart_2015,stewart_2015,stewart_2015_item40,Results,Results of syntheses,21b,Provide a description of the direction and size of effect in terms meaningful to those who would put findings into practice.,Results,english,km
stewart_2015,stewart_2015,stewart_2015_item41,Results,Risk of bias across studies,22,"Present results of any assessment of risk of bias relating to the accumulated body of evidence, including any pertaining to the availability and representativeness of available studies, outcomes or other variables.",Results,english,km
stewart_2015,stewart_2015,stewart_2015_item42,Results,Additional analyses,23,"Give results of any additional analyses (e.g. sensitivity analyses). If applicable, this should also include any analyses that incorporate aggregate data for studies that do not have IPD. If applicable, summarise the main meta-analysis results following the inclusion or exclusion of studies for which IPD were not available.",Results,english,km
stewart_2015,stewart_2015,stewart_2015_item43,Discussion,Summary of evidence,24,"Summarise the main findings, including the strength of evidence for each main outcome.",Discussion,english,km
stewart_2015,stewart_2015,stewart_2015_item44,Discussion,Strengths and limitations,25,Discuss any important strengths and limitations of the evidence including the benefits of access to IPD and any limitations arising from IPD that were not available.,Discussion,english,km
stewart_2015,stewart_2015,stewart_2015_item45,Discussion,Conclusions,26,Provide a general interpretation of the findings in the context of other evidence.,Discussion,english,km
stewart_2015,stewart_2015,stewart_2015_item46,Discussion,Implications,A4,"Consider relevance to key groups (such as policy makers, service providers and service users). Consider implications for future research.",Discussion,english,km
stewart_2015,stewart_2015,stewart_2015_item47,Funding,Funding,27,"Describe sources of funding and other support (such as supply of IPD), and the role in the systematic review of those providing such support.",Other Information,english,km
stewart_2015,stewart_2015,stewart_2015_item5,Abstract,Structured summary,2c,Results: provide number and type of studies and participants identified and number (%) obtained; summary effect estimates for main outcomes (benefits and harms) with confidence intervals and measures of statistical heterogeneity. Describe the direction and size of summary effects in terms meaningful to those who would put findings into practice.,Abstract,english,km
stewart_2015,stewart_2015,stewart_2015_item6,Abstract,Structured summary,2d,"Discussion: state main strengths and limitations of the evidence, general interpretation of the results and any important implications.",Abstract,english,km
stewart_2015,stewart_2015,stewart_2015_item7,Abstract,Structured summary,2e,"Other: report primary funding source, registration number and registry name for the systematic review and IPD meta-analysis.",Abstract,english,km
stewart_2015,stewart_2015,stewart_2015_item8,Introduction,Rationale,3,Describe the rationale for the review in the context of what is already known.,Introduction,english,km
stewart_2015,stewart_2015,stewart_2015_item9,Introduction,Objectives,4,"Provide an explicit statement of the questions being addressed with reference, as applicable, to participants, interventions, comparisons, outcomes and study design (PICOS). Include any hypotheses that relate to particular types of participant-level subgroups.",Introduction,english,km
stroup_2000,stroup_2000,stroup_2000_item1,Reporting of Background,,,Problem definition,Introduction,english,km
stroup_2000,stroup_2000,stroup_2000_item10,Reporting of Search Strategy,,,Databases and registries searched,Methodology,english,km
stroup_2000,stroup_2000,stroup_2000_item11,Reporting of Search Strategy,,,"Search software used, name and version, including special features used (eg, explosion)",Methodology,english,km
stroup_2000,stroup_2000,stroup_2000_item12,Reporting of Search Strategy,,,"Use of hand searching (eg, reference lists of obtained articles)",Methodology,english,km
stroup_2000,stroup_2000,stroup_2000_item13,Reporting of Search Strategy,,,"List of citations located and those excluded, including justification",Methodology,english,km
stroup_2000,stroup_2000,stroup_2000_item14,Reporting of Search Strategy,,,Method for addressing articles published in languages other than English ,Methodology,english,km
stroup_2000,stroup_2000,stroup_2000_item15,Reporting of Search Strategy,,,Method of handling abstracts and unpublished studies,Methodology,english,km
stroup_2000,stroup_2000,stroup_2000_item16,Reporting of Search Strategy,,,Description of any contact with authors,Methodology,english,km
stroup_2000,stroup_2000,stroup_2000_item17,Reporting of Methods,,,Description of relevance or appropriateness of studies assembled for assessing the hypothesis to be tested,Methodology,english,km
stroup_2000,stroup_2000,stroup_2000_item18,Reporting of Methods,,,"Rationale for the selection and coding of data (eg, sound clinical principles or convenience)",Methodology,english,km
stroup_2000,stroup_2000,stroup_2000_item19,Reporting of Methods,,,"Documentation of how data were classified and coded (eg, multiple raters, blinding, and interrater reliability)",Methodology,english,km
stroup_2000,stroup_2000,stroup_2000_item2,Reporting of Background,,,Hypothesis statement,Introduction,english,km
stroup_2000,stroup_2000,stroup_2000_item20,Reporting of Methods,,,"Assessment of confounding (eg, comparability of cases and controls in studies where appropriate",Methodology,english,km
stroup_2000,stroup_2000,stroup_2000_item21,Reporting of Methods,,,"Assessment of study quality, including blinding of quality assessors; stratification or regression on possible predictors of study results legacy",Methodology,english,km
stroup_2000,stroup_2000,stroup_2000_item22,Reporting of Methods,,,Assessment of heterogeneity,Methodology,english,km
stroup_2000,stroup_2000,stroup_2000_item23,Reporting of Methods,,,"Description of statistical methods (eg, complete description of fixed or random effects models, justification of whether the chosen models account for predictors of study results, dose-response models, or cumulative meta-analysis) in sufficient detail to be replicated",Methodology,english,km
stroup_2000,stroup_2000,stroup_2000_item24,Reporting of Methods,,,Provision of appropriate tables and graphics,Methodology,english,km
stroup_2000,stroup_2000,stroup_2000_item25,Reporting of Results,,,Table giving descriptive information for each study included,Results,english,km
stroup_2000,stroup_2000,stroup_2000_item26,Reporting of Results,,,"Results of sensitivity testing (eg, subgroup analysis)",Results,english,km
stroup_2000,stroup_2000,stroup_2000_item27,Reporting of Results,,,Indication of statistical uncertainty of findings,Results,english,km
stroup_2000,stroup_2000,stroup_2000_item28,Reporting of Discussion,,,"Quantitative assessment of bias (eg, publication bias)",Results,english,km
stroup_2000,stroup_2000,stroup_2000_item29,Reporting of Discussion,,,"Justification for exclusion (eg, exclusion of nonñEnglish-language citations)",Methodology,english,km
stroup_2000,stroup_2000,stroup_2000_item3,Reporting of Background,,,Description of Study Outcome(s),Introduction,english,km
stroup_2000,stroup_2000,stroup_2000_item30,Reporting of Discussion,,,Assessment of quality of included studies,Results,english,km
stroup_2000,stroup_2000,stroup_2000_item31,Reporting of Conclusions,,,Consideration of alternative explanations for observed results,Discussion,english,km
stroup_2000,stroup_2000,stroup_2000_item32,Reporting of Conclusions,,,"Generalization of the conclusions (ie, appropriate for the data presented and within the domain of the literature review)",Discussion,english,km
stroup_2000,stroup_2000,stroup_2000_item33,Reporting of Conclusions,,,Guidelines for future research,Discussion,english,km
stroup_2000,stroup_2000,stroup_2000_item34,Reporting of Conclusions,,,Disclosure of funding source,Other Information,english,km
stroup_2000,stroup_2000,stroup_2000_item4,Reporting of Background,,,Type of exposure or intervention used?,Introduction,english,km
stroup_2000,stroup_2000,stroup_2000_item5,Reporting of Background,,,Type of study design used,Introduction,english,km
stroup_2000,stroup_2000,stroup_2000_item6,Reporting of Background,,,Study population,Introduction,english,km
stroup_2000,stroup_2000,stroup_2000_item7,Reporting of Search Strategy,,,"Qualifications of searchers (eg, librarians and investigators) ?",Methodology,english,km
stroup_2000,stroup_2000,stroup_2000_item8,Reporting of Search Strategy,,,"Search strategy, including time period included in the synthesis and keywords",Methodology,english,km
stroup_2000,stroup_2000,stroup_2000_item9,Reporting of Search Strategy,,,"Effort to include all available studies, including contact with authors",Methodology,english,km
tong_2012,tong_2012,tong_2012_item1,Aim,NA,1,State the research question the synthesis addresses.,Introduction,english,km
tong_2012,tong_2012,tong_2012_item10,Rationale for appraisal,NA,10,"Describe the rationale and approach used to appraise the included studies or selected findings (e.g. assessment of conduct (validity and robustness), assessment of reporting (transparency), assessment of content and utility of the findings).",Methodology,english,km
tong_2012,tong_2012,tong_2012_item11,Appraisal items,NA,11,"State the tools, frameworks and criteria used to appraise the studies or selected findings (e.g. Existing tools: CASP, QARI, COREQ, Mays and Pope [25]; reviewer developed tools; describe the domains assessed: research team, study design, data analysis and interpretations, reporting).",Methodology,english,km
tong_2012,tong_2012,tong_2012_item12,Appraisal process,NA,12,Indicate whether the appraisal was conducted independently by more than one reviewer and if consensus was required.,Methodology,english,km
tong_2012,tong_2012,tong_2012_item13,Appraisal results,NA,13,"Present results of the quality assessment and indicate which articles, if any, were weighted/excluded based on the assessment and give the rationale.",Results,english,km
tong_2012,tong_2012,tong_2012_item14,Data extraction,NA,14,Indicate which sections of the primary studies were analysed and how were the data extracted from the primary studies? (e.g. all text under the headings results /conclusions were extracted electronically and entered into a computer software).,Methodology,english,km
tong_2012,tong_2012,tong_2012_item15,Software,NA,15,"State the computer software used, if any.",Methodology,english,km
tong_2012,tong_2012,tong_2012_item16,Number of reviewers,NA,16,Identify who was involved in coding and analysis.,Methodology,english,km
tong_2012,tong_2012,tong_2012_item17,Coding,NA,17,Describe the process for coding of data (e.g. line by line coding to search for concepts).,Methodology,english,km
tong_2012,tong_2012,tong_2012_item18,Study comparison,NA,18,"Describe how were comparisons made within and across studies (e.g. subsequent studies were coded into pre-existing concepts, and new concepts were created when deemed necessary).",Methodology,english,km
tong_2012,tong_2012,tong_2012_item19,Derivation of themes,NA,19,Explain whether the process of deriving the themes or constructs was inductive or deductive.,Methodology,english,km
tong_2012,tong_2012,tong_2012_item2,Synthesis methodology,NA,2,"Identify the synthesis methodology or theoretical framework which underpins the synthesis, and describe the rationale for choice of methodology (e.g. meta-ethnography, thematic synthesis, critical interpretive synthesis, grounded theory synthesis, realist synthesis, meta-aggregation, meta-study, framework synthesis).",Introduction,english,km
tong_2012,tong_2012,tong_2012_item20,Quotations,NA,20,"Provide quotations from the primary studies to illustrate themes/constructs, and identify whether the quotations were participant quotations of the author's interpretation.",Methodology,english,km
tong_2012,tong_2012,tong_2012_item21,Synthesis output,NA,21,"Present rich, compelling and useful results that go beyond a summary of the primary studies (e.g. new interpretation, models of evidence, conceptual models, analytical framework, development of a new theory or construct).",Results,english,km
tong_2012,tong_2012,tong_2012_item3,Approach to searching,NA,3,Indicate whether the search was pre-planned (comprehensive search strategies to seek all available studies) or iterative (to seek all available concepts until they theoretical saturation is achieved).,Methodology,english,km
tong_2012,tong_2012,tong_2012_item4,Inclusion criteria,NA,4,"Specify the inclusion/exclusion criteria (e.g. in terms of population, language, year limits, type of publication, study type).",Methodology,english,km
tong_2012,tong_2012,tong_2012_item5,Data sources,NA,5,"Describe the information sources used (e.g. electronic databases (MEDLINE, EMBASE, CINAHL, psycINFO, Econlit), grey literature databases (digital thesis, policy reports), relevant organisational websites, experts, information specialists, generic web searches (Google Scholar) hand searching, reference lists) and when the searches conducted; provide the rationale for using the data sources.",Methodology,english,km
tong_2012,tong_2012,tong_2012_item6,Electronic Search strategy,NA,6,"Describe the literature search (e.g. provide electronic search strategies with population terms, clinical or health topic terms, experiential or social phenomena related terms, filters for qualitative research, and search limits).",Methodology,english,km
tong_2012,tong_2012,tong_2012_item7,Study screening methods,NA,7,"Describe the process of study screening and sifting (e.g. title, abstract and full text review, number of independent reviewers who screened studies).",Methodology,english,km
tong_2012,tong_2012,tong_2012_item8,Study characteristics,NA,8,"Present the characteristics of the included studies (e.g. year of publication, country, population, number of participants, data collection, methodology, analysis, research questions).",Results,english,km
tong_2012,tong_2012,tong_2012_item9,Study selection results,NA,9,"Identify the number of studies screened and provide reasons for study exclusion (e,g, for comprehensive searching, provide numbers of studies screened and reasons for exclusion indicated in a figure/flowchart; for iterative searching describe reasons for study exclusion and inclusion based on modifications t the research question and/or contribution to theory development).",Results,english,km
tricco_2018,tricco_2018,tricco_2018_item1,Title,Title,1,Identify the report as a scoping review.,Title,english,km
tricco_2018,tricco_2018,tricco_2018_item10,Methods,Data charting process,10,"Describe the methods of charting data from the included sources of evidence (e.g., calibrated forms or forms that have been tested by the team before their use, and whether data charting was done independently or in duplicate) and any processes for obtaining and confirming data from investigators.",Methodology,english,km
tricco_2018,tricco_2018,tricco_2018_item11,Methods,Data items,11,List and define all variables for which data were sought and any assumptions and simplifications made.,Methodology,english,km
tricco_2018,tricco_2018,tricco_2018_item12,Methods,Critical appraisal of individual sources of evidence,12,"If done, provide a rationale for conducting a critical appraisal of included sources of evidence; describe the methods used and how this information was used in any data synthesis (if appropriate).",Methodology,english,km
tricco_2018,tricco_2018,tricco_2018_item13,Methods,Summary measures,13,Not applicable for scoping reviews.,NA,english,km
tricco_2018,tricco_2018,tricco_2018_item14,Methods,Synthesis of results,14,Describe the methods of handling and summarizing the data that were charted.,Methodology,english,km
tricco_2018,tricco_2018,tricco_2018_item15,Methods,Risk of bias across studies,15,Not applicable for scoping reviews.,NA,english,km
tricco_2018,tricco_2018,tricco_2018_item16,Methods,Additional analyses,16,Not applicable for scoping reviews.,NA,english,km
tricco_2018,tricco_2018,tricco_2018_item17,Results,Selection of sources of evidence,17,"Give numbers of sources of evidence screened, assessed for eligibility, and included in the review, with reasons for exclusions at each stage, ideally using a flow diagram.",Results,english,km
tricco_2018,tricco_2018,tricco_2018_item18,Results,Characteristics of sources of evidence,18,"For each source of evidence, present characteristics for which data were charted and provide the citations.",Results,english,km
tricco_2018,tricco_2018,tricco_2018_item19,Results,Critical appraisal within sources of evidence,19,"If done, present data on critical appraisal of included sources of evidence (see item 12).",Results,english,km
tricco_2018,tricco_2018,tricco_2018_item2,Abstract,Structured summary,2,"Provide a structured summary that includes (as applicable) background, objectives, eligibility criteria, sources of evidence, charting methods, results, and conclusions that relate to the review questions and objectives.",Abstract,english,km
tricco_2018,tricco_2018,tricco_2018_item20,Results,Results of individual sources of evidence,20,"For each included source of evidence, present the relevant data that were charted that relate to the review questions and objectives.",Other Information,english,km
tricco_2018,tricco_2018,tricco_2018_item21,Results,Synthesis of results,21,Summarize and/or present the charting results as they relate to the review questions and objectives.,Results,english,km
tricco_2018,tricco_2018,tricco_2018_item22,Results,Risk of bias across studies,22,Not applicable for scoping reviews.,NA,english,km
tricco_2018,tricco_2018,tricco_2018_item23,Results,Additional analyses,23,Not applicable for scoping reviews.,NA,english,km
tricco_2018,tricco_2018,tricco_2018_item24,Discussion,Summary of evidence,24,"Summarize the main results (including an overview of concepts, themes, and types of evidence available), link to the review questions and objectives, and consider the relevance to key groups.",Discussion,english,km
tricco_2018,tricco_2018,tricco_2018_item25,Discussion,Limitations,25,Discuss the limitations of the scoping review process.,Discussion,english,km
tricco_2018,tricco_2018,tricco_2018_item26,Discussion,Conclusions,26,"Provide a general interpretation of the results with respect to the review questions and objectives, as well as potential implications and/or next steps.",Discussion,english,km
tricco_2018,tricco_2018,tricco_2018_item27,Funding,Funding,27,"Describe sources of funding for the included sources of evidence, as well as sources of funding for the scoping review. Describe the role of the funders of the scoping review.",Other Information,english,km
tricco_2018,tricco_2018,tricco_2018_item3,Introduction,Rationale,3,Describe the rationale for the review in the context of what is already known. Explain why the review questions/objectives lend themselves to a scoping review approach.,Introduction,english,km
tricco_2018,tricco_2018,tricco_2018_item4,Introduction,Objectives,4,"Provide an explicit statement of the questions and objectives being addressed with reference to their key elements (e.g., population or participants, concepts, and context) or other relevant key elements used to conceptualize the review questions and/or objectives.",Introduction,english,km
tricco_2018,tricco_2018,tricco_2018_item5,Methods,Protocol and registration,5,"Indicate whether a review protocol exists; state if and where it can be accessed (e.g., a Web address); and if available, provide registration information, including the registration number.",Other Information,english,km
tricco_2018,tricco_2018,tricco_2018_item6,Methods,Eligibility criteria,6,"Specify characteristics of the sources of evidence used as eligibility criteria (e.g., years considered, language, and publication status), and provide a rationale.",Methodology,english,km
tricco_2018,tricco_2018,tricco_2018_item7,Methods,Information sources,7,"Describe all information sources in the search (e.g., databases with dates of coverage and contact with authors to identify additional sources), and indicate the date the most recent search was executed.",Methodology,english,km
tricco_2018,tricco_2018,tricco_2018_item8,Methods,Search,8,"Present the full electronic search strategy for at least 1 database, including any limits used, such that it could be repeated.",Methodology,english,km
tricco_2018,tricco_2018,tricco_2018_item9,Methods,Selection of sources of evidence,9,"State the process for selecting sources of evidence (i.e., screening and eligibility) included in the scoping review.",Methodology,english,km
wang_2019,wang_2019,wang_2019_item1,title,title,1*,"Identify the report as a systematic review, meta-analysis, or both; if applicable, state the specific type of acupuncture treatment, such as manual acupuncture or electroacupuncture.",Title,english,km
wang_2019,wang_2019,wang_2019_item10,methods,eligibility criteria,6c,"If applicable, report measures for therapeutic effects using the terminology of either traditional medicine (e.g. syndrome score for syndrome remission) or Western medicine (e.g. pain intensity).",Methodology,english,km
wang_2019,wang_2019,wang_2019_item11,methods,information sources,7*,"Describe all sources of information (e.g., databases with dates of coverage, contact with study authors to identify additional studies) in the search, and report the date of the last search. If applicable, report the databases or complementary search methods for acupuncture or traditional medicine.",Methodology,english,km
wang_2019,wang_2019,wang_2019_item12,methods,search,8*,"Present full electronic search strategy for at least one commonly used database (e.g. MEDLINE), including any limits used, such that it could be repeated. If applicable, include the full search strategy for at least a Western and a traditional medicine database for each systematic review where both were used.",Methodology,english,km
wang_2019,wang_2019,wang_2019_item13,methods,study selection,9‚Ä†,"State the process for selecting studies (i.e., screening, eligibility, included in systematic review, and, if applicable, included in the meta-analysis).",Methodology,english,km
wang_2019,wang_2019,wang_2019_item14,methods,data collection process,10‚Ä†,"Describe method of data extraction from reports (e.g., piloted forms, independently, in duplicate) and any processes for obtaining and confirming data from investigators.",Methodology,english,km
wang_2019,wang_2019,wang_2019_item15,methods,data items,11*,"List and define all variables for which data were sought (e.g., PICOS, funding sources) and any assumptions and simplifications made; describe data items about details of acupuncture interventions and controls (e.g., sham acupuncture) referring to TIDieR when applicable.",Methodology,english,km
wang_2019,wang_2019,wang_2019_item16,methods,risk of bias in individual studies,12‚Ä†,"Describe methods used for assessing risk of bias of individual studies (including specification of whether this was done at the study or outcome level), and how this information is to be used in any data synthesis.",Methodology,english,km
wang_2019,wang_2019,wang_2019_item17,methods,summary measures,13‚Ä†,"State the principal summary measures (e.g., risk ratio, difference in means).",Methodology,english,km
wang_2019,wang_2019,wang_2019_item18,methods,synthesis of results,14‚Ä†,"Describe the methods of handling data and combining results of studies, if done, including measures of consistency (e.g., I2) for each meta-analysis.",Methodology,english,km
wang_2019,wang_2019,wang_2019_item19,methods,risk of bias across studies,15‚Ä†,"Specify any assessment of risk of bias that may affect the cumulative evidence (e.g., publication bias, selective reporting within studies).",Methodology,english,km
wang_2019,wang_2019,wang_2019_item2,abstract,structured summary,2‚Ä†,"Provide a structured summary including, as applicable: background; objectives; data sources; study eligibility criteria, participants, and interventions; study appraisal and synthesis methods; results limitations; conclusions and implications of key findings; systematic review registration number.",Abstract,english,km
wang_2019,wang_2019,wang_2019_item20,methods,additional analyses,16‚Ä†,"Describe methods of additional analyses (e.g., sensitivity or subgroup analyses, meta-regression), if done, indicating which were pre-specified.",Methodology,english,km
wang_2019,wang_2019,wang_2019_item21,results,study selection,17‚Ä†,"Give numbers of studies screened, assessed for eligibility, and included in the review, with reasons for exclusions at each stage, ideally with a flow diagram.",Results,english,km
wang_2019,wang_2019,wang_2019_item22,results,study characteristics,18*,"For each study, present characteristics that were extracted (e.g., study size, PICOS, follow-up period) and provide the citations of the included studies. Summarize details of the acupuncture intervention for each study in a table referring to TIDieR.",Results,english,km
wang_2019,wang_2019,wang_2019_item23,results,study characteristics,18a‚Ä°,Describe details of 'De-qi' after acupuncture reported in the included studies.,Results,english,km
wang_2019,wang_2019,wang_2019_item24,results,risk of bias within studies,19‚Ä†,"Present data on risk of bias of each study and, if available, any outcome-level assessment (see item 12).",Results,english,km
wang_2019,wang_2019,wang_2019_item25,results,results of individual studies,20‚Ä†,"For all outcomes considered (benefits or harms), present, for each study: (a) simple summary data for each intervention group and (b) effect estimates and confidence intervals, ideally with a forest plot.",Results,english,km
wang_2019,wang_2019,wang_2019_item26,results,synthesis of results,21‚Ä†,"Present results of each meta-analysis done, including confidence intervals and measures of consistency.",Results,english,km
wang_2019,wang_2019,wang_2019_item27,results,risk of bias across studies,22‚Ä†,Present results of any assessment of risk of bias across studies (see item 15).,Results,english,km
wang_2019,wang_2019,wang_2019_item28,results,additional analysis,23‚Ä†,"Give results of additional analyses, if done (e.g., sensitivity or subgroup analyses, meta-regression [see item 16]).",Results,english,km
wang_2019,wang_2019,wang_2019_item29,discussion,summary of evidence,24‚Ä†,"Summarize the main findings including the strength of evidence for each main outcome; consider their relevance to key groups (e.g., health care providers, users, and policy makers).",Discussion ,english,km
wang_2019,wang_2019,wang_2019_item3,introduction,rationale,3*,"Describe the rationale for what is already known about acupuncture for the target condition in the background; if applicable, state what is already known about the specific types of acupuncture to be studied, and describe whether there is any difference of the effects among different types of acupuncture.",Introduction ,english,km
wang_2019,wang_2019,wang_2019_item30,discussion,limitations,25‚Ä†,"Discuss limitations at study and outcome level (e.g., risk of bias), and at review level (e.g., incomplete retrieval of identified research, reporting bias).",Discussion ,english,km
wang_2019,wang_2019,wang_2019_item31,discussion,conclusions,26‚Ä†,"Provide a general interpretation of the results in the context of other evidence, and implications for future research.",Discussion ,english,km
wang_2019,wang_2019,wang_2019_item32,funding,funding,27‚Ä†,"Describe sources of funding for the systematic review and other support (e.g., supply of data); role of funders for the systematic review.",Other Information,english,km
wang_2019,wang_2019,wang_2019_item4,introduction,objectives,4‚Ä†,"Provide an explicit statement of questions being addressed with reference to participants, interventions, comparisons, outcomes, and study design (PICOS).",Introduction ,english,km
wang_2019,wang_2019,wang_2019_item5,methods,protocol and registration,5‚Ä†,"Indicate if a review protocol exists, if and where it can be accessed (e.g., web address), and, if available, provide registration information including registration number.",Methodology,english,km
wang_2019,wang_2019,wang_2019_item6,methods,eligibility criteria,6‚Ä†,"Specify study characteristics (e.g., PICOS, length of follow-up) and report characteristics (e.g., years considered, language, publication status) used as criteria for eligibility, giving rationale.",Methodology,english,km
wang_2019,wang_2019,wang_2019_item7,methods,eligibility criteria,6a.1‚Ä°,Describe the diagnostic criteria of the target condition in Western medicine.,Methodology,english,km
wang_2019,wang_2019,wang_2019_item8,methods,eligibility criteria,6a.,"If applicable, describe the diagnostic criteria in terms of Traditional Medicine, such as Traditional Chinese Medicine.",Methodology,english,km
wang_2019,wang_2019,wang_2019_item9,methods,eligibility criteria,6b‚Ä°,"Describe the types of acupuncture to be included, such as traditional acupuncture, electroacupuncture, or fire acupuncture.",Methodology,english,km
welch_2012,welch_2012,welch_2012_item1,Title,,1,"Identify the report as a systematic review, meta-analysis, or both.",Title,english,km
welch_2012,welch_2012,welch_2012_item10,Introduction,,4,"Provide an explicit statement of questions being addressed with reference to participants, interventions, comparisons, outcomes, and study design (PICOS).",Introduction,english,km
welch_2012,welch_2012,welch_2012_item11,Introduction,,4A,State the research questions being addressed with reference to health equity,Introduction,english,km
welch_2012,welch_2012,welch_2012_item12,Introduction,,4_extension,"Describe how disadvantage was defined if used as criterion in the review (e.g. for selecting studies, conducting analyses or judging applicability).",Introduction,english,km
welch_2012,welch_2012,welch_2012_item13,Methods,,5,"Indicate if a review protocol exists, if and where it can be accessed (e.g., Web address), and, if available, provide registration information including registration number.",Methodology,english,km
welch_2012,welch_2012,welch_2012_item14,Methods,,6,"Specify study characteristics (e.g., PICOS, length of follow-up) and report characteristics (e.g., years considered, language, publication status) used as criteria for eligibility, giving rationale.",Methodology,english,km
welch_2012,welch_2012,welch_2012_item15,Methods,,6A,Describe the rationale for including the outcomes - e.g. how these are relevant to reducing inequity.,Methodology,english,km
welch_2012,welch_2012,welch_2012_item16,Methods,,6_extension,Describe the rationale for including particular study designs related to equity research questions.,Methodology,english,km
welch_2012,welch_2012,welch_2012_item17,Methods,,7,"Describe all information sources (e.g., databases with dates of coverage, contact with study authors to identify additional studies) in the search and date last searched.",Methodology,english,km
welch_2012,welch_2012,welch_2012_item18,Methods,,7_extension,"Describe information sources (e.g. health, non-health, and grey literature sources) that were searched that are of specific relevance to address the equity questions of the review.",Methodology,english,km
welch_2012,welch_2012,welch_2012_item19,Methods,,8,"Present full electronic search strategy for at least one database, including any limits used, such that it could be repeated.",Methodology,english,km
welch_2012,welch_2012,welch_2012_item2,Title,,1_extension,"Identify equity as a focus of the review, if relevant, using the term equity",Title,english,km
welch_2012,welch_2012,welch_2012_item20,Methods,,8_extension,Describe the broad search strategy and terms used to address equity questions of the review.,Methodology,english,km
welch_2012,welch_2012,welch_2012_item21,Methods,,9,"State the process for selecting studies (i.e., screening, eligibility, included in systematic review, and, if applicable, included in the meta-analysis).",Methodology,english,km
welch_2012,welch_2012,welch_2012_item22,Methods,,10,"Describe method of data extraction from reports (e.g., piloted forms, independently, in duplicate) and any processes for obtaining and confirming data from investigators.",Methodology,english,km
welch_2012,welch_2012,welch_2012_item23,Methods,,11,"List and define all variables for which data were sought (e.g., PICOS, funding sources) and any assumptions and simplifications made.",Methodology,english,km
welch_2012,welch_2012,welch_2012_item24,Methods,,11_extension,"List and define data items related to equity,where such data were sought (e.g. using PROGRESS-Plus or other criteria, context).",Methodology,english,km
welch_2012,welch_2012,welch_2012_item25,Methods,,12,"Describe methods used for assessing risk of bias of individual studies (including specification of whether this was done at the study or outcome level), and how this information is to be used in any data synthesis.",Methodology,english,km
welch_2012,welch_2012,welch_2012_item26,Methods,,13,"State the principal summary measures (e.g., risk ratio, difference in means).",Methodology,english,km
welch_2012,welch_2012,welch_2012_item27,Methods,,14,"Describe the methods of handling data and combining results of studies, if done, including measures of consistency (e.g., I2) for each meta-analysis.",Methodology,english,km
welch_2012,welch_2012,welch_2012_item28,Methods,,14_extension,Describe methods of synthesizing findings on health inequities (e.g. presenting both relative and absolute differences between groups).,Methodology,english,km
welch_2012,welch_2012,welch_2012_item29,Methods,,15,"Specify any assessment of risk of bias that may affect the cumulative evidence (e.g., publication bias, selective reporting within studies).",Methodology,english,km
welch_2012,welch_2012,welch_2012_item3,Abstract,,2,"Provide a structured summary including, as applicable: background; objectives; data sources; study eligibility criteria, participants, and interventions; study appraisal and synthesis methods; results; limitations; conclusions and implications of key findings; systematic review registration number.",Abstract,english,km
welch_2012,welch_2012,welch_2012_item30,Methods,,16,"Describe methods of additional analyses (e.g., sensitivity or subgroup analyses, meta-regression), if done, indicating which were pre-specified.",Methodology,english,km
welch_2012,welch_2012,welch_2012_item31,Methods,,16_extension,"Describe methods of additional synthesis approaches related to equity questions, if done, indicating which were pre-specified",Methodology,english,km
welch_2012,welch_2012,welch_2012_item32,Results,,17,"Give numbers of studies screened, assessed for eligibility, and included in the review, with reasons for exclusions at each stage, ideally with a flow diagram.",Results,english,km
welch_2012,welch_2012,welch_2012_item33,Results,,18,"For each study, present characteristics for which data were extracted (e.g., study size, PICOS, follow-up period) and provide the citations.",Results,english,km
welch_2012,welch_2012,welch_2012_item34,Results,,18_extension,Present the population characteristics that relate to the equity questions across the relevant PROGRESS-Plus or other factors of interest.,Results,english,km
welch_2012,welch_2012,welch_2012_item35,Results,,19,"Present data on risk of bias of each study and, if available, any outcome level assessment (see item 12).",Results,english,km
welch_2012,welch_2012,welch_2012_item36,Results,,20,"For all outcomes considered (benefits or harms), present, for each study: (a) simple summary data for each intervention group (b) effect estimates and confidence intervals, ideally with a forest plot.",Results,english,km
welch_2012,welch_2012,welch_2012_item37,Results,,21,"Present results of each meta-analysis done, including confidence intervals and measures of consistency.",Results,english,km
welch_2012,welch_2012,welch_2012_item38,Results,,21_extension,Present the results of synthesizing findings on inequities (see 14).,Results,english,km
welch_2012,welch_2012,welch_2012_item39,Results,,22,Present results of any assessment of risk of bias across studies (see Item 15).,Results,english,km
welch_2012,welch_2012,welch_2012_item4,Abstract,,2A,Present results of health equity analyses (e.g. subgroup analyses or meta-regression).,Abstract,english,km
welch_2012,welch_2012,welch_2012_item40,Results,,23,"Give results of additional analyses, if done (e.g., sensitivity or subgroup analyses, meta-regression [see Item 16]).",Results,english,km
welch_2012,welch_2012,welch_2012_item41,Results,,23_extension,"Give the results of additional synthesis approaches related to equity objectives, if done, (see 16).",Results,english,km
welch_2012,welch_2012,welch_2012_item42,Discussion,,24,"Summarize the main findings including the strength of evidence for each main outcome; consider their relevance to key groups (e.g., health care providers, users, and policy makers).",Discussion,english,km
welch_2012,welch_2012,welch_2012_item43,Discussion,,25,"Discuss limitations at study and outcome level (e.g., risk of bias), and at review-level (e.g., incomplete retrieval of identified research, reporting bias).",Discussion,english,km
welch_2012,welch_2012,welch_2012_item44,Discussion,,26,"Provide a general interpretation of the results in the context of other evidence, and implications for future research.",Discussion,english,km
welch_2012,welch_2012,welch_2012_item45,Discussion,,26A,"Provide implications for research, practice or policy related to equity where relevant (e.g. types of research needed to address unanswered questions).",Discussion,english,km
welch_2012,welch_2012,welch_2012_item46,Discussion,,26_extension,Present extent and limits of applicability to disadvantaged populations of interest and describe the evidence and logic underlying those judgments.,Discussion,english,km
welch_2012,welch_2012,welch_2012_item47,Funding,,27,"Describe sources of funding for the systematic review and other support (e.g., supply of data); role of funders for the systematic review.",Other Information,english,km
welch_2012,welch_2012,welch_2012_item5,Abstract,,2B,Describe extent and limits of applicability to disadvantaged populations of interest.,Abstract,english,km
welch_2012,welch_2012,welch_2012_item6,Abstract,,2_extension,State research question(s) related to health equity.,Abstract,english,km
welch_2012,welch_2012,welch_2012_item7,Introduction,,3,Describe the rationale for the review in the context of what is already known.,Introduction,english,km
welch_2012,welch_2012,welch_2012_item8,Introduction,,3A,"Provide the logic model/analytical framework, if done, to show the pathways through which the intervention is assumed to affect health equity and how it was developed.",Introduction,english,km
welch_2012,welch_2012,welch_2012_item9,Introduction,,3_extension,Describe assumptions about mechanism(s) by which the intervention is assumed to have an impact on health equity.,Introduction,english,km
wong_2013,wong_2013,wong_2013_item1,Title,NA,1,"In the title, identify the document as a realist synthesis or review",Title,english,km
wong_2013,wong_2013,wong_2013_item10,Data extraction,NA,10,Describe and explain which data or information were extracted from the included documents and justify this selection.,Methodology,english,km
wong_2013,wong_2013,wong_2013_item11,Analysis and synthesis processes,NA,11,Describe the analysis and synthesis processes in detail. This section should include information on the constructs analyzed and describe the analytic process.,Methodology,english,km
wong_2013,wong_2013,wong_2013_item12,Document flow diagram,NA,12,Provide details on the number of documents assessed for eligibility and included in the review with reasons for exclusion at each stage as well as an indication of their source of origin.,Results,english,km
wong_2013,wong_2013,wong_2013_item13,Document characteristics,NA,13,Provide information on the characteristics of the documents included in the review.,Results,english,km
wong_2013,wong_2013,wong_2013_item14,Main findings,NA,14,Present the key findings with a specific focus on theory building and testing.,Results,english,km
wong_2013,wong_2013,wong_2013_item15,Summary of findings,NA,15,"Summarize the main findings, taking into account the review's objective(s), research question(s), focus and intended audience(s).",Discussion,english,km
wong_2013,wong_2013,wong_2013_item16,"Strengths, limitations and future research directions",NA,16,Discuss both the strengths of the review and its limitations. These should include (but need not be restricted to) (a) consideration of all the steps in the review process and (b) comment on the overall strength of evidence supporting the explanatory insights which emerged. The limitations identified may point to areas where further work is needed.,Discussion,english,km
wong_2013,wong_2013,wong_2013_item17,Comparison with existing literature,NA,17,"Where applicable, compare and contrast the review's findings with the existing literature (for example, other reviews) on the same topic.",Discussion,english,km
wong_2013,wong_2013,wong_2013_item18,Conclusion and recommendations,NA,18,"List the main implications of the findings and place these in the context of other relevant literature. If appropriate, offer recommendations for policy and practice.",Discussion,english,km
wong_2013,wong_2013,wong_2013_item19,Funding,NA,19,"Provide details of funding source (if any) for the review, the role played by the funder (if any) and any conflicts of interests of the reviewers.",Other Information,english,km
wong_2013,wong_2013,wong_2013_item2,Abstract,NA,2,"While acknowledging publication requirements and house style, abstracts should ideally contain brief details of: the study's background, review question or objectives; search strategy; methods of selection, appraisal, analysis and synthesis of sources; main results; and implications for practice.",Abstract,english,km
wong_2013,wong_2013,wong_2013_item3,Rationale for review,NA,3,Explain why the review is needed and what it is likely to contribute to existing understanding of the topic area.,Introduction,english,km
wong_2013,wong_2013,wong_2013_item4,Objectives and focus of review,NA,4,State the objective(s) of the review and/or the review question(s). Define and provide a rationale for the focus of the review.,Introduction,english,km
wong_2013,wong_2013,wong_2013_item5,Changes in the review process,NA,5,Any changes made to the review process that was initially planned should be briefly described and justified.,Methodology,english,km
wong_2013,wong_2013,wong_2013_item6,Rationale for using realist synthesis,NA,6,Explain why realist synthesis was considered the most appropriate method to use.,Methodology,english,km
wong_2013,wong_2013,wong_2013_item7,Scoping the literature,NA,7,Describe and justify the initial process of exploratory scoping of the literature.,Methodology,english,km
wong_2013,wong_2013,wong_2013_item8,Searching processes,NA,8,"While considering specific requirements of the journal or other publication outlet, state and provide a rationale for how the iterative searching was done. Provide details on all the sources accessed for information in the review. Where searching in electronic databases has taken place, the details should include, for example, name of database, search terms, dates of coverage and date last searched. If individuals familiar with the relevant literature and/or topic area were contacted, indicate how they were identified and selected.",Methodology,english,km
wong_2013,wong_2013,wong_2013_item9,Selection and appraisal of documents,NA,9,"Explain how judgements were made about including and excluding data from documents, and justify these.",Methodology,english,km
wong_2013a,wong_2013a,wong_2013a_item1,,TITLE,1,"In the title, identify the document as a meta-narrative review or synthesis. paste.txt?",Title,english,km
wong_2013a,wong_2013a,wong_2013a_item10,,METHODS,10,"Explain how judgements were made about including and excluding data from documents, and justify these. paste.txt?",Methodology,english,km
wong_2013a,wong_2013a,wong_2013a_item11,,METHODS,11,Describe and explain which data or information were extracted from the included documents and justify this selection.,Methodology,english,km
wong_2013a,wong_2013a,wong_2013a_item12,,METHODS,12,"Describe the analysis and synthesis processes in detail. This section should include information on the process by which the account of each meta-narrative (that is, the story of each unfolding research tradition) was built up and how the separate meta-narratives were compared and contrasted. Document and justify any changes in this process as the study unfolded. #",Methodology,english,km
wong_2013a,wong_2013a,wong_2013a_item13,,RESULTS,13,"Provide details on the number of documents assessed for eligibility and included in the review with reasons for exclusion at each stage as well as an indication of their source of origin (for example, from searching databases, reference lists and so on). You may consider using the example provided (which is likely to need modification to suit the data) in Figure 1. paste.txt?",Results,english,km
wong_2013a,wong_2013a,wong_2013a_item14,,RESULTS,14,Provide information on the characteristics of the documents included in the review.,Results,english,km
wong_2013a,wong_2013a,wong_2013a_item15,,RESULTS,15,"Present the key findings with a specific focus on the key meta-narratives that have a bearing on the topic area, and the commonalities and differences between them. paste.txt?",Results,english,km
wong_2013a,wong_2013a,wong_2013a_item16,,DISCUSSION,16,"Summarize the main findings, taking into account the review's objective(s), research question(s), focus and intended audience(s).",Discussion,english,km
wong_2013a,wong_2013a,wong_2013a_item17,,DISCUSSION,17,Discuss both the strengths of the review and its limitations. These should include (but need not be restricted to) (a) consideration of all the steps in the review process and (b comment on the overall strength of evidence supporting the explanatory insights that emerged. paste.txt?,Discussion,english,km
wong_2013a,wong_2013a,wong_2013a_item18,,DISCUSSION,18,"Where applicable, compare and contrast the review's findings with the existing literature (for example, other reviews) on the same topic.",Discussion,english,km
wong_2013a,wong_2013a,wong_2013a_item19,,DISCUSSION,19,"List the main implications of the findings and place these in the context of other relevant literature. If appropriate, offer recommendations for policy and practice. paste.txt?",Discussion,english,km
wong_2013a,wong_2013a,wong_2013a_item2,,ABSTRACT,2,"While acknowledging that requirements and house style may differ between journals, abstracts should ideally contain brief details of the study's background, review question or objectives; search strategy; methods of selection, appraisal, analysis and synthesis of sources; main results; and implications for practice. paste.txt?",Abstract,english,km
wong_2013a,wong_2013a,wong_2013a_item3,,INTRODUCTION,3,Explain why the review is needed and what it is likely to contribute to existing understanding of the topic area.,Introduction,english,km
wong_2013a,wong_2013a,wong_2013a_item4,,INTRODUCTION,4,State the objective(s) of the review and/or the review question(s). Define and provide a rationale for the focus of the review.,Introduction,english,km
wong_2013a,wong_2013a,wong_2013a_item5,,METHODS,5,Any changes made to the review that were initially planned should be briefly described and justified. paste.txt?,Methodology,english,km
wong_2013a,wong_2013a,wong_2013a_item6,,METHODS,6,Explain why meta-narrative review was considered the most appropriate method to use. ,Methodology,english,km
wong_2013a,wong_2013a,wong_2013a_item7,,METHODS,7,"Where appropriate, show how each of the six guiding principles (pragmatism, pluralism, historicity, contestation, reflexivity and peer review) have been followed. paste.txt?",Methodology,english,km
wong_2013a,wong_2013a,wong_2013a_item8,,METHODS,8,Describe and justify the initial process of exploratory scoping of the literature. paste.txt?,Methodology,english,km
wong_2013a,wong_2013a,wong_2013a_item9,,METHODS,9,"While considering specific requirements of the journal or other publication outlet, state and provide a rationale for how the iterative searching was done. Provide details on all the sources accessed for information in the review. For example, where electronic databases have been searched, details should include, for example, names of databases, search terms, dates of coverage, and dates last searched. If individuals familiar with the relevant literature and/or topic area were contacted, indicate how they were identified and selected. paste.txt?",Methodology,english,km
wong_2016,wong_2016,wong_2016_item1,Abstract,,1,"In the title, identify the document as a realist evaluation",Title,english,km
wong_2016,wong_2016,wong_2016_item10,Methodology,Environment surrounding the evaluation,8,Describe the environment in which the evaluation took place,Methodology,english,km
wong_2016,wong_2016,wong_2016_item11,Methodology,"Describe the programme policy, initiative or product evaluated",9,"Provide relevant details on the programme, policy or initiative evaluated",Methodology,english,km
wong_2016,wong_2016,wong_2016_item12,Methodology,Describe and justify the evaluation design,10,"A description and justification of the evaluation design (i.e. the account of what was planned, done and why) should be included, at least in summary form or as an appendix, in the document which presents the main findings. If this is not done, the omission should be justified and a reference or link to the evaluation design given. It may also be useful to publish or make freely available (e.g. online on a website) any original evaluation design document or protocol, where they exist",Methodology,english,km
wong_2016,wong_2016,wong_2016_item13,Methodology,Data collection methods,11,"Describe and justify the data collection methods ñ which ones were used, why and how they fed into developing, supporting, refuting or refining programme theory",Methodology,english,km
wong_2016,wong_2016,wong_2016_item14,Methodology,,11,Provide details of the steps taken to enhance the trustworthiness of data collection and documentation,Methodology,english,km
wong_2016,wong_2016,wong_2016_item15,Methodology,Recruitment process and sampling strategy,12,"Describe how respondents to the evaluation were recruited or engaged and how the sample contributed to the development, support, refutation or refinement of programme theory",Methodology,english,km
wong_2016,wong_2016,wong_2016_item16,Methodology,Data analysis,13,"Describe in detail how data were analysed. This section should include information on the constructs that were identified, the process of analysis, how the programme theory was further developed, supported, refuted and refined, and (where relevant) how analysis changed as the evaluation unfolded",Methodology,english,km
wong_2016,wong_2016,wong_2016_item17,Results,Details of participants,14,"Report (if applicable) who took part in the evaluation, the details of the data they provided and how the data was used to develop, support, refute or refine programme theory",Results,english,km
wong_2016,wong_2016,wong_2016_item18,Results,Main findings,15,"Present the key findings, linking them to contexts, mechanisms and outcome configurations. Show how they were used to further develop, test or refine the programme theory",Results,english,km
wong_2016,wong_2016,wong_2016_item19,Discussion,Summary of findings,16,"Summarise the main findings with attention to the evaluation questions, purpose of the evaluation, programme theory and intended audience",Discussion,english,km
wong_2016,wong_2016,wong_2016_item2,Abstract,,2,"Journal articles will usually require an abstract, while reports and other forms of publication will usually benefit from a short summary. The abstract or summary should include brief details on: the policy, programme or initiative under evaluation; programme setting; purpose of the evaluation; evaluation question(s) and/or objective(s); evaluation strategy; data collection, documentation and analysis methods; key findings and conclusions",Abstract,english,km
wong_2016,wong_2016,wong_2016_item20,Discussion,"Strengths, limitations and future directions",17,"Discuss both the strengths of the evaluation and its limitations. These should include (but need not be limited to): (1) consideration of all the steps in the evaluation processes; and (2) comment on the adequacy, trustworthiness and value of the explanatory insights which emerged",Discussion,english,km
wong_2016,wong_2016,wong_2016_item21,Discussion,,17,"In many evaluations, there will be an expectation to provide guidance on future directions for the programme, policy or initiative, its implementation and/or design. The particular implications arising from the realist nature of the findings should be reflected in these discussions",Discussion,english,km
wong_2016,wong_2016,wong_2016_item22,Discussion,Comparison with existing literature,18,"Where appropriate, compare and contrast the evaluationís findings with the existing literature on similar programmes, policies or initiatives",Discussion,english,km
wong_2016,wong_2016,wong_2016_item23,Discussion,Conclusion and recommendations,19,"List the main conclusions that are justified by the analyses of the data. If appropriate, offer recommendations consistent with a realist approach",Discussion,english,km
wong_2016,wong_2016,wong_2016_item24,Discussion,Funding and conflict of interest,20,"State the funding source (if any) for the evaluation, the role played by the funder (if any) and any",Other Information,english,km
wong_2016,wong_2016,wong_2016_item3,Abstract,,2,"Where journals require it and the nature of the study is appropriate, brief details of respondents to the evaluation and recruitment and sampling processes may also be included",Abstract,english,km
wong_2016,wong_2016,wong_2016_item4,Abstract,,2,Sufficient detail should be provided to identify that a realist approach was used and that realist programme theory was developed and/or refined,Abstract,english,km
wong_2016,wong_2016,wong_2016_item5,Introduction,Rationale for evaluation,3,Explain the purpose of the evaluation and the implications for its focus and design,Introduction,english,km
wong_2016,wong_2016,wong_2016_item6,Introduction,Programme theory,4,"Describe the initial programme theory (or theories) that underpin the programme, policy or initiative",Introduction,english,km
wong_2016,wong_2016,wong_2016_item7,Introduction,"Evaluation questions, objectives and focus",5,State the evaluation question(s) and specify the objectives for the evaluation. Describe whether and how the programme theory was used to define the scope and focus of the evaluation,Introduction,english,km
wong_2016,wong_2016,wong_2016_item8,Introduction,Ethical approval,6,"State whether the realist evaluation required and has gained ethical approval from the relevant authorities, providing details as appropriate. If ethical approval was deemed unnecessary, explain why",Introduction,english,km
wong_2016,wong_2016,wong_2016_item9,Methodology,Rationale for using realist evaluation,7,Explain why a realist evaluation approach was chosen and (if relevant) adapted,Methodology,english,km
zhang_2020,zhang_2020,zhang_2020_item1,title,Title,1,"Identify the report as a systematic review, meta-analysis, or both.",Title,english,km
zhang_2020,zhang_2020,zhang_2020_item10,introduction,Introduction,4_extension,"State whether the CHM intervention(s) targets a Western medicine-defined disease, a TCM Pattern, or a Western medicine-defined disease with a specific TCM Pattern.",Introduction ,english,km
zhang_2020,zhang_2020,zhang_2020_item11,methods,Methods,5,"Indicate if a review protocol exists, if and where it can be accessed (e.g., Web address), and, if available, provide registration information including registration number.",Methodology,english,km
zhang_2020,zhang_2020,zhang_2020_item12,methods,Methods,6,"Specify study characteristics (e.g., PICOS, length of follow-up) and report characteristics (e.g., years considered, language, publication status) used as criteria for eligibility, giving rationale.",Methodology,english,km
zhang_2020,zhang_2020,zhang_2020_item13,methods,Methods,6a_extension,"As applicable, state whether participants with a specific TCM Pattern will be included, in terms of (1) diagnostic criteria, and (2) inclusion and exclusion criteria. All criteria utilized should be universally recognized, or reference(s) where detailed explanation(s) can be found should be given.",Methodology,english,km
zhang_2020,zhang_2020,zhang_2020_item14,methods,Methods,6b_extension,"Specify the detailed requirements of CHM intervention(s), considering (1) types, such as whether CHM formulas are fixed, individualized, or patent proprietary; (2) composition, such as main herb(s) in a CHM formula; (3) dosage form, such as decoction, granules, powder; and (4) treatment duration.",Methodology,english,km
zhang_2020,zhang_2020,zhang_2020_item15,methods,Methods,6c_extension,"Specify the types of control group(s), if any, such as placebo control, active control, other treatment control or blank control.",Methodology,english,km
zhang_2020,zhang_2020,zhang_2020_item16,methods,Methods,6d_extension,"State whether TCM-related outcome(s) will be included, and if so, describe the change of degree and scope of symptoms and signs related to TCM Pattern differentiation.",Methodology,english,km
zhang_2020,zhang_2020,zhang_2020_item17,methods,Methods,7,"Describe all information sources (e.g., databases with dates of coverage, contact with study authors to identify additional studies) in the search and date last searched.",Methodology,english,km
zhang_2020,zhang_2020,zhang_2020_item18,methods,Methods,8,"State full electronic search strategy for at least one database, including any limits used, such that it could be repeated.",Methodology,english,km
zhang_2020,zhang_2020,zhang_2020_item19,methods,Methods,9,"State the process for selecting studies (i.e., screening, eligibility, included in systematic review, and, if applicable, included in the meta-analysis).",Methodology,english,km
zhang_2020,zhang_2020,zhang_2020_item2,title,Title,1_extension,"Specify the name of the CHM intervention, in terms of (1) Chinese medicinal substance(s), and/or (2) CHM formula(s).",Title,english,km
zhang_2020,zhang_2020,zhang_2020_item20,methods,Methods,10,"Describe method of data extraction from reports (e.g., piloted forms, independently, in duplicate) and any processes for obtaining and confirming data from investigators.",Methodology,english,km
zhang_2020,zhang_2020,zhang_2020_item21,methods,Methods,11,"List and define all variables for which data were sought (e.g., PICOS, funding sources) and any assumptions and simplifications made.",Methodology,english,km
zhang_2020,zhang_2020,zhang_2020_item22,methods,Methods,11a_extension,"State details of the participants with a specific TCM Pattern (if any), considering (1) diagnostic criteria; and (2) baseline characteristics.",Methodology,english,km
zhang_2020,zhang_2020,zhang_2020_item23,methods,Methods,11b_extension,"State details of the CHM intervention(s), including (1) name, source, and dosage form; (2) name, source, processing method, and dosage of each medical substance, if applicable, names of the parts of the substances; (3) quality control information; (4) dosage, administration route and time; (5) information about the production method, authentication method, and safety assessment, if any; (6) for CHM formulas, the principles, rationale, and interpretation of forming and/or modifying the formula; and (7) for patented proprietary CHM formulas, the name of the product and manufacturer.",Methodology,english,km
zhang_2020,zhang_2020,zhang_2020_item24,methods,Methods,11c_extension,"State details of any placebo of CHM used, considering (1) if/how it is physically identical and pharmacologically inert; (2) administration route, regimen, and dosage; (3) success of blinding, if any.",Methodology,english,km
zhang_2020,zhang_2020,zhang_2020_item25,methods,Methods,11d_extension,"State the TCM-related outcome (if any), considering (1) name and measuring methods; (2) measuring time points and length of follow-up, if applicable.",Methodology,english,km
zhang_2020,zhang_2020,zhang_2020_item26,methods,Methods,12,"Describe methods used for assessing risk of bias of individual studies (including specification of whether this was done at the study or outcome level), and how this information is to be used in any data synthesis.",Methodology,english,km
zhang_2020,zhang_2020,zhang_2020_item27,methods,Methods,13,"State the principal summary measures (e.g., risk ratio, difference in means).",Methodology,english,km
zhang_2020,zhang_2020,zhang_2020_item28,methods,Methods,14,"Describe the methods of handling data and combining results of studies, if done, including measures of consistency (e.g., I2) for each meta-analysis.",Methodology,english,km
zhang_2020,zhang_2020,zhang_2020_item29,methods,Methods,14_extension,"When combining trial results from different studies, describe whether CHM intervention(s) matched the TCM Pattern(s) of participants, if applicable.",Methodology,english,km
zhang_2020,zhang_2020,zhang_2020_item3,title,Title,1b_extension,"State whether the review targets (1) Western medicine-defined disease(s), or (2) Western medicine-defined disease(s) with specific TCM Pattern(s), or (3) TCM Pattern(s).",Title,english,km
zhang_2020,zhang_2020,zhang_2020_item30,methods,Methods,15,"Specify any assessment of risk of bias that may affect the cumulative evidence (e.g., publication bias, selective reporting within studies).",Methodology,english,km
zhang_2020,zhang_2020,zhang_2020_item31,methods,Methods,16,"Describe methods of additional analyses (e.g., sensitivity or subgroup analyses, meta-regression), if done, indicating which were pre-specified.",Methodology,english,km
zhang_2020,zhang_2020,zhang_2020_item32,methods,Methods,16_extension,"Describe methods of subgroup analyses in terms of the CHM intervention(s) and participants, considering at least (1) the types, compositions, dosage, dosage form, and treatment duration of the CHM intervention(s); and (2) participants with different TCM Patterns, if any.",Methodology,english,km
zhang_2020,zhang_2020,zhang_2020_item33,results,Results,17,"Give numbers of studies screened, assessed for eligibility, and included in the review, with reasons for exclusions at each stage, ideally with a flow diagram.",Results,english,km
zhang_2020,zhang_2020,zhang_2020_item34,results,Results,18,"For each study, state characteristics for which data were extracted (e.g., study size, PICOS, follow-up period) and provide the citations.",Results,english,km
zhang_2020,zhang_2020,zhang_2020_item35,results,Results,18a_extension,"State characteristics of participants with a specific TCM Pattern (if any), including diagnostic criteria and baseline data.",Results,english,km
zhang_2020,zhang_2020,zhang_2020_item36,results,Results,18b_extension,"State characteristics of the CHM intervention(s), including (1) name, source, and dosage form; (2) name, source, processing method, and dosage of each medical substance; (3) quality control information; (4) dosage, administration route and time; (5) information about the production method, authentication method, and safety assessment, if available; (6) for CHM formulas, how the formula has been modified, if applicable; and (7) for patent proprietary CHM formulas, the name of the product and manufacturer.",Results,english,km
zhang_2020,zhang_2020,zhang_2020_item37,results,Results,18c_extension,"State characteristics of the placebo of CHM (if any), including (1) whether physically identical and pharmacologically inert; (2) administration route, regimen, and dosage; and (3) success of blinding.",Results,english,km
zhang_2020,zhang_2020,zhang_2020_item38,results,Results,18d_extension,"State characteristics of the TCM-related outcome (if any), including (1) name and measuring methods; (2) measuring time points and length of follow-up.",Results,english,km
zhang_2020,zhang_2020,zhang_2020_item39,results,Results,19,"Present data on risk of bias of each study and, if available, any outcome-level assessment (see Item 12).",Results,english,km
zhang_2020,zhang_2020,zhang_2020_item4,abstract,Abstract,2,"Provide a structured summary including, as applicable: background; objectives; data sources; study eligibility criteria, participants, and interventions; study appraisal and synthesis methods; results; limitations; conclusions and implications of key findings; systematic review registration number.",Abstract,english,km
zhang_2020,zhang_2020,zhang_2020_item40,results,Results,20,"For all outcomes considered (benefits or harms), present, for each study: (a) simple summary data for each intervention group and (b) effect estimates and confidence intervals, ideally with a forest plot.",Results,english,km
zhang_2020,zhang_2020,zhang_2020_item41,results,Results,21,"Present results of each meta-analysis done, including confidence intervals and measures of consistency.",Results,english,km
zhang_2020,zhang_2020,zhang_2020_item42,results,Results,21_extension,"Give results of each meta-analysis based on the consistency of PICOS, considering (1) participants with TCM Patterns, if any; (2) CHM intervention(s); (3) comparators (e.g. CHM placebo); and (4) TCM-related outcome(s), if any.",Results,english,km
zhang_2020,zhang_2020,zhang_2020_item43,results,Results,22,Present results of any assessment of risk of bias across studies (see Item 15).,Results,english,km
zhang_2020,zhang_2020,zhang_2020_item44,results,Results,23,"Give results of additional analyses, if done (e.g., sensitivity or subgroup analyses, meta-regression [see Item 16]).",Results,english,km
zhang_2020,zhang_2020,zhang_2020_item45,results,Results,23_extension,"Give results of subgroup analyses based on the different categories of CHM intervention(s) and participants with TCM Patterns (if any), if done.",Results,english,km
zhang_2020,zhang_2020,zhang_2020_item46,discussion,Discussion,24,"Summarize the main findings including the strength of evidence for each main outcome; consider their relevance to key groups (e.g., health care providers, users, and policy makers).",Discussion ,english,km
zhang_2020,zhang_2020,zhang_2020_item47,discussion,Discussion,24_extension,"Summarize how the CHM intervention(s) worked on different TCM Pattern(s) or Western medicine-defined disease(s) with specific TCM Pattern(s). Interpret the main findings in terms of TCM theory, if applicable.",Discussion ,english,km
zhang_2020,zhang_2020,zhang_2020_item48,discussion,Discussion,25,"Discuss limitations at study and outcome level (e.g., risk of bias), and at review level (e.g., incomplete retrieval of identified research, reporting bias).",Discussion ,english,km
zhang_2020,zhang_2020,zhang_2020_item49,discussion,Discussion,26,"Provide a general interpretation of the results in the context of other evidence, and implications for future research.",Discussion ,english,km
zhang_2020,zhang_2020,zhang_2020_item5,abstract,Abstract,2_extension,"Provide the name and form of the CHM intervention(s) used, and the TCM Pattern applied (if any).",Abstract,english,km
zhang_2020,zhang_2020,zhang_2020_item50,discussion,Discussion,26_extension,"When the review targets TCM Pattern(s), or Western medicine-defined disease(s) with specific TCM Pattern(s), a general interpretation of the results about the relationship of the CHM intervention(s) and TCM Pattern(s) should be provided.",Discussion ,english,km
zhang_2020,zhang_2020,zhang_2020_item51,funding,Funding,27,"Describe sources of funding for the systematic review and other support (e.g., supply of data); role of funders for the systematic review.",Other Information,english,km
zhang_2020,zhang_2020,zhang_2020_item6,introduction,Introduction,3,Describe the rationale for the review in the context of what is already known.,Introduction ,english,km
zhang_2020,zhang_2020,zhang_2020_item7,introduction,Introduction,3a_extension,"State the rationale of using particular CHM intervention(s) to target the specific disease(s) and/or TCM Pattern (if any), ideally in terms of TCM theory.",Introduction ,english,km
zhang_2020,zhang_2020,zhang_2020_item8,introduction,Introduction,3b_extension,State the importance of the review.,Introduction ,english,km
zhang_2020,zhang_2020,zhang_2020_item9,introduction,Introduction,4,"Provide an explicit statement of questions being addressed with reference to participants, interventions, comparisons, outcomes, and study design (PICOS).",Introduction ,english,km
zhang_2020a,zhang_2020a,zhang_2020a_item1,title,title,1,"Identify the report as a systematic review, meta-analysis, or both.",Title,english,km
zhang_2020a,zhang_2020a,zhang_2020a_item10,methods,eligibility criteria,6a,"Describe the diagnostic criteria of the target condition in Western medicine, and/or CM Pattern (if any). All criteria utilized should be universally recognized, or reference(s) where detailed explanation can be found should be given.",Methodology,english,km
zhang_2020a,zhang_2020a,zhang_2020a_item11,methods,eligibility criteria,6b,"Specify the types of moxibustion to be included, such as moxa burner moxibustion, natural moxibustion, or heat-sensitive moxibustion.",Methodology,english,km
zhang_2020a,zhang_2020a,zhang_2020a_item12,methods,eligibility criteria,6c,"State whether CM-related outcome(s) were included, such as the change of degree and scope of symptoms and signs related to CM Pattern, or validated Pattern survey, if applicable.",Methodology,english,km
zhang_2020a,zhang_2020a,zhang_2020a_item13,methods,information sources,7,"Describe all information sources (e.g., databases with dates of coverage, contact with study authors to identify additional studies) in the search and date last searched.",Methodology,english,km
zhang_2020a,zhang_2020a,zhang_2020a_item14,methods,search,8,"Present full electronic search strategy for at least one database, including any limits used, such that it could be repeated.",Methodology,english,km
zhang_2020a,zhang_2020a,zhang_2020a_item15,methods,study selection,9,"State the process for selecting studies (i.e., screening, eligibility, included in systematic review, and, if applicable, included in the meta-analysis).",Methodology,english,km
zhang_2020a,zhang_2020a,zhang_2020a_item16,methods,data collection process,10,"Describe method of data extraction from reports (e.g., piloted forms, independently, in duplicate) and any processes for obtaining and confirming data from investigators.",Methodology,english,km
zhang_2020a,zhang_2020a,zhang_2020a_item17,methods,data items,11,"List and define all variables for which data were sought (e.g., PICOS, funding sources) and any assumptions and simplifications made.",Methodology,english,km
zhang_2020a,zhang_2020a,zhang_2020a_item18,methods,data items,11a,"List and define the data of CM Pattern(s) in detail, considering the inclusion and exclusion criteria, if applicable.",Methodology,english,km
zhang_2020a,zhang_2020a,zhang_2020a_item19,methods,data items,11b,"List and define the data of moxibustion interventions and controls (e.g. sham moxibustion), give details referring to STRICTOM and TIDieR.",Methodology,english,km
zhang_2020a,zhang_2020a,zhang_2020a_item2,title,title,1a,"Statement of the specific type of moxibustion treatment, such as direct moxibustion or heat-sensitive moxibustion.",Title,english,km
zhang_2020a,zhang_2020a,zhang_2020a_item20,methods,data items,11c,"List and define the data of CM Pattern outcome(s), considering the methods and timepoints, if applicable.",Methodology,english,km
zhang_2020a,zhang_2020a,zhang_2020a_item21,methods,risk of bias in individual studies,12,"Describe methods used for assessing risk of bias of individual studies (including specification of whether this was done at the study or outcome level), and how this information is to be used in any data synthesis.",Methodology,english,km
zhang_2020a,zhang_2020a,zhang_2020a_item22,methods,summary measures,13,"State the principal summary measures (e.g., risk ratio, difference in means).",Methodology,english,km
zhang_2020a,zhang_2020a,zhang_2020a_item23,methods,synthesis of results,14,"Describe the methods of handling data and combining results of studies, if done, including measures of consistency (e.g., I2) for each meta-analysis.",Methodology,english,km
zhang_2020a,zhang_2020a,zhang_2020a_item24,methods,risk of bias across studies,15,"Specify any assessment of risk of bias that may affect the cumulative evidence (e.g., publication bias, selective reporting within studies).",Methodology,english,km
zhang_2020a,zhang_2020a,zhang_2020a_item25,methods,additional analyses,16,"Describe methods of additional analyses (e.g., sensitivity or subgroup analyses, meta-regression), if done, indicating which were pre-specified.",Methodology,english,km
zhang_2020a,zhang_2020a,zhang_2020a_item26,methods,additional analyses,16a,"Describe methods of subgroup analyses in terms of different types of included moxibustion interventions and/or included CM Pattern participants (if applicable), if done, indicating which were pre-specified.",Methodology,english,km
zhang_2020a,zhang_2020a,zhang_2020a_item27,results,study selection,17,"Give numbers of studies screened, assessed for eligibility, and included in the review, with reasons for exclusions at each stage, ideally with a flow diagram.",Results,english,km
zhang_2020a,zhang_2020a,zhang_2020a_item28,results,study characteristics,18,"For each study, present characteristics for which data were extracted (e.g., study size, PICOS, follow-up period) and provide the citations.",Results,english,km
zhang_2020a,zhang_2020a,zhang_2020a_item29,results,study characteristics,18a,"Present characteristics for the data of participants which include CM Pattern(s), considering 1) diagnostic criteria; 2) baseline data, if applicable.",Results,english,km
zhang_2020a,zhang_2020a,zhang_2020a_item3,title,title,1b,"State whether the review targets (1) Western medicine-defined disease(s), or (2) Western medicine-defined disease(s) with specific TCM Pattern(s), or (3) TCM Pattern(s).",Title,english,km
zhang_2020a,zhang_2020a,zhang_2020a_item30,results,study characteristics,18b,Present characteristics for the data of moxibustion intervention(s) and controls (e.g. sham moxibustion) for each study referring to STRICTOM and TIDieR.,Results,english,km
zhang_2020a,zhang_2020a,zhang_2020a_item31,results,study characteristics,18c,"Present characteristics for the data of outcomes which include CM Pattern(s), considering 1) name and measuring methods; 2) measuring timepoints and length of follow-up, if applicable.",Results,english,km
zhang_2020a,zhang_2020a,zhang_2020a_item32,results,risk of bias within studies,19,"Present data on risk of bias of each study and, if available, any outcome-level assessment (see Item 12).",Results,english,km
zhang_2020a,zhang_2020a,zhang_2020a_item33,results,results of individual studies,20,"For all outcomes considered (benefits or harms), present, for each study: (a) simple summary data for each intervention group and (b) effect estimates and confidence intervals, ideally with a forest plot.",Results,english,km
zhang_2020a,zhang_2020a,zhang_2020a_item34,results,synthesis of results,21,"Present results of each meta-analysis done, including confidence intervals and measures of consistency.",Results,english,km
zhang_2020a,zhang_2020a,zhang_2020a_item35,results,risk of bias across studies,22,Present results of any assessment of risk of bias across studies (see Item 15).,Results,english,km
zhang_2020a,zhang_2020a,zhang_2020a_item36,results,additional analysis,23,"Give results of additional analyses, if done (e.g., sensitivity or subgroup analyses, meta-regression [see Item 16]).",Results,english,km
zhang_2020a,zhang_2020a,zhang_2020a_item37,results,additional analysis,23a,"Give results of subgroup analyses based on the different types of moxibustion interventions and participants with CM Patterns (if any), if done.",Results,english,km
zhang_2020a,zhang_2020a,zhang_2020a_item38,discussion,summary of evidence,24,"Summarize the main findings including the strength of evidence for each main outcome; consider their relevance to key groups (e.g., health care providers, users, and policy makers).",Discussion,english,km
zhang_2020a,zhang_2020a,zhang_2020a_item39,discussion,limitations,25,"Discuss limitations at study and outcome level (e.g., risk of bias), and at review level (e.g., incomplete retrieval of identified research, reporting bias).",Discussion,english,km
zhang_2020a,zhang_2020a,zhang_2020a_item4,abstract,structured summary,2,"Provide a structured summary including, as applicable: background; objectives; data sources; study eligibility criteria, participants, and interventions; study appraisal and synthesis methods; results; limitations; conclusions and implications of key findings; systematic review registration number.",Abstract,english,km
zhang_2020a,zhang_2020a,zhang_2020a_item40,discussion,conclusions,26,"Provide a general interpretation of the results in the context of other evidence, and implications for future research.",Discussion,english,km
zhang_2020a,zhang_2020a,zhang_2020a_item41,funding,funding,27,"Describe sources of funding for the systematic review and other support (e.g., supply of data); role of funders for the systematic review.",Other Information,english,km
zhang_2020a,zhang_2020a,zhang_2020a_item5,introduction,rationale,3,Describe the rationale for the review in the context of what is already known.,Abstract,english,km
zhang_2020a,zhang_2020a,zhang_2020a_item6,introduction,rationale,3a,"Describe the rationale for what is already known about moxibustion utilized for the target disease and/or CM Pattern (if any). If applicable, relevant theory of CM should be included.",Abstract,english,km
zhang_2020a,zhang_2020a,zhang_2020a_item7,introduction,objectives,4,"Provide an explicit statement of questions being addressed with reference to participants, interventions, comparisons, outcomes, and study design (PICOS).",Abstract,english,km
zhang_2020a,zhang_2020a,zhang_2020a_item8,methods,protocol and registration,5,"Indicate if a review protocol exists, if and where it can be accessed (e.g., Web address), and, if available, provide registration information including registration number.",Other Information,english,km
zhang_2020a,zhang_2020a,zhang_2020a_item9,methods,eligibility criteria,6,"Specify study characteristics (e.g., PICOS, length of follow-up) and report characteristics (e.g., years considered, language, publication status) used as criteria for eligibility, giving rationale.",Methodology,english,km
zhao_2022,zhao_2022,zhao_2022_item1,Title,Title,1,"Identify the report as a systematic review, meta-analysis, or both.",Title,english,km
zhao_2022,zhao_2022,zhao_2022_item10,Objectives,Objectives,4,"Provide an explicit statement of questions being addressed with reference to participants, interventions, comparisons, outcomes, and study design (PICOS).",Introduction,english,km
zhao_2022,zhao_2022,zhao_2022_item11,Objectives,Objectives,4_extension_ess,The potential relationship and basis of dose-effect transformation of TCM intervention when applied to human body and different animal models should be clarified.,Introduction,english,km
zhao_2022,zhao_2022,zhao_2022_item12,Objectives,Objectives,4_extension_rec,"If the research purpose involves solving problems related to human disease, the extent to which the research is relevant to human biology should be clearly indicated. The significance of carrying out the systematic review for clinical transformation should be identified.",Introduction,english,km
zhao_2022,zhao_2022,zhao_2022_item13,Protocol and registration,Protocol and registration,5,"Indicate if a review protocol exists, if and where it can be accessed (such as a web address), and, if available, provide registration information including the registration number.",Other Information,english,km
zhao_2022,zhao_2022,zhao_2022_item14,Protocol and registration,Protocol and registration,5_extension_ess,"The platform information for animal experimental systematic review registration, including the platform name, website, registration number and other information should be indicated.",Other Information,english,km
zhao_2022,zhao_2022,zhao_2022_item15,Eligibility criteria,Eligibility criteria,6,"Specify study characteristics (such as PICOS, length of follow-up) and report characteristics (such as years considered, language, publication status) used as criteria for eligibility, giving rationale.",Methodology,english,km
zhao_2022,zhao_2022,zhao_2022_item16,Eligibility criteria,Eligibility criteria,6a_extension_ess,The relevant information on animal models of disease: criteria for animal selection and establishment of disease models should be provided.,Methodology,english,km
zhao_2022,zhao_2022,zhao_2022_item17,Eligibility criteria,Eligibility criteria,6a_extension_rec,"The basic animal information includes origin, international designation, species, strains, genetic background, gender, age/month, and animal life stage (young, adult, or old). If TCM disease model is involved, the different characteristics, basis of syndrome differentiation, modeling methods, and evaluation criteria of TCM syndrome model should be explained.",Methodology,english,km
zhao_2022,zhao_2022,zhao_2022_item18,Eligibility criteria,Eligibility criteria,6b_extension_ess,The details about intervention information of TCM in experimental group should be included.,Methodology,english,km
zhao_2022,zhao_2022,zhao_2022_item19,Eligibility criteria,Eligibility criteria,6b_extension_rec,"Chinese herbal or formula names, and selection criteria should be included (refer to CONSORT for Herbal Interventions44 and CONSORT for CHM Formulas53).",Methodology,english,km
zhao_2022,zhao_2022,zhao_2022_item2,Title,Title,1_extension_ess,"The report should be identified as an animal experimental systematic review, meta-analysis, or both. The different animal species and/or disease model should be identified. The various interventions used in the report should be recognized as TCM.",Title,english,km
zhao_2022,zhao_2022,zhao_2022_item20,Eligibility criteria,Eligibility criteria,6c_extension_ess,The intervention information for the control group should be included.,Methodology,english,km
zhao_2022,zhao_2022,zhao_2022_item21,Eligibility criteria,Eligibility criteria,6c_extension_rec,"The details about the different doses of TCM control, placebo control or other control names (refer to CONSORT for Herbal Interventions44 and CONSORT for CHM Formulas53) should be provided.",Methodology,english,km
zhao_2022,zhao_2022,zhao_2022_item22,Eligibility criteria,Eligibility criteria,6d_extension_ess,"The name, measurement method and evaluation criteria of outcomes should be provided.",Methodology,english,km
zhao_2022,zhao_2022,zhao_2022_item23,Eligibility criteria,Eligibility criteria,6d_extension_rec,"If TCM syndrome differentiation outcomes are included (such as Tongue manifestation), describe the evaluation standard of the outcome should be described, and the outcome as well as the source should be adequately defined. The transformation method and evaluation standard of animal biochemical, pathological and molecular indicators related to human body should be identified.",Methodology,english,km
zhao_2022,zhao_2022,zhao_2022_item24,Information sources,Information sources,7,"Describe all information sources in the search (such as databases with dates of coverage, contact with study authors to identify additional studies) and date last searched.",Methodology,english,km
zhao_2022,zhao_2022,zhao_2022_item25,Search,Search,8,"Present the full electronic search strategy for at least one major database, including any limits used, such that it could be repeated.",Methodology,english,km
zhao_2022,zhao_2022,zhao_2022_item26,Study selection,Study selection,9,"State the process for selecting studies (that is, for screening, for determining eligibility, for inclusion in the systematic review, and, if applicable, for inclusion in the meta-analysis).",Methodology,english,km
zhao_2022,zhao_2022,zhao_2022_item27,Data collection process,Data collection process,10,"Describe the method of data extraction from reports (such as piloted forms, independently by two reviewers) and any processes for obtaining and confirming data from investigators.",Methodology,english,km
zhao_2022,zhao_2022,zhao_2022_item28,Data items,Data items,11,"List and define all variables for which data were sought (such as PICOS, funding sources) and any assumptions and simplifications made.",Methodology,english,km
zhao_2022,zhao_2022,zhao_2022_item29,Data items,Data items,11a_extension_ess,"The details about animal model and disease information, including baseline animal characteristics (species, strain, gender, age/month, etc.), disease name, etc. should be reported.",Methodology,english,km
zhao_2022,zhao_2022,zhao_2022_item3,Title,Title,1_extension_rec,"If possible, state the name/type of the TCM intervention (e.g., Chinese herbal medicine or formula) should be disclosed.",Title,english,km
zhao_2022,zhao_2022,zhao_2022_item30,Data items,Data items,11a_extension_rec,"If TCM disease model is involved, TCM syndrome model name and syndrome type should be explained separately.",Methodology,english,km
zhao_2022,zhao_2022,zhao_2022_item31,Data items,Data items,11b_extension_ess,"The relevant information on TCM interventions, including type, name, dose, route of administration, frequency, and duration should be included.",Methodology,english,km
zhao_2022,zhao_2022,zhao_2022_item32,Data items,Data items,11b_extension_rec,"For the herbal intervention (including natural herbal or commercially available herbal products), CONSORT for Herbal Intervention should be referred. For TCM formula (e.g., fixed CHM formulas, individualized CHM formulas and patent proprietary CHM formulas), CONSORT for CHM Formulas should be referred.",Methodology,english,km
zhao_2022,zhao_2022,zhao_2022_item33,Data items,Data items,11c_extension_ess,"The relevant details about the intervention in the control group, including name, route of administration, dose, frequency, and duration of administration should be reported.",Methodology,english,km
zhao_2022,zhao_2022,zhao_2022_item34,Data items,Data items,11c_extension_rec,"If Chinese medicine controls are involved, it should also be reported similar to 11b.",Methodology,english,km
zhao_2022,zhao_2022,zhao_2022_item35,Data items,Data items,11d_extension_ess,"The primary and secondary outcomes, including names, measures, and follow-up time should be reported.",Methodology,english,km
zhao_2022,zhao_2022,zhao_2022_item36,Data items,Data items,11d_extension_rec,"If TCM-related outcomes are included (e.g., Tongue manifestation), the changes in the symptoms and signs, syndrome outcomes and follow-up time related to TCM syndrome differentiation should be reported.",Methodology,english,km
zhao_2022,zhao_2022,zhao_2022_item37,Risk of bias in individual studies,Risk of bias in individual studies,12,"Describe methods used for assessing risk of bias in individual studies (including specification of whether this was done at the study or outcome level, or both), and how this information is to be used in any data synthesis.",Methodology,english,km
zhao_2022,zhao_2022,zhao_2022_item38,Summary measures,Summary measures,13,"State the principal summary measures (such as risk ratio, difference in means).",Methodology,english,km
zhao_2022,zhao_2022,zhao_2022_item39,Planned methods of analysis,Planned methods of analysis,14,"Describe the methods of handling data and combining results of studies, if done, including measures of consistency (such as I2) for each meta-analysis.",Methodology,english,km
zhao_2022,zhao_2022,zhao_2022_item4,Structured summary,Structured summary,2,"Provide a structured summary including, as applicable, background; objectives; data sources; study eligibility criteria, participants, and interventions; study appraisal and synthesis methods; results; limitations; conclusions and implications of key findings; funding for the systematic review; and systematic review registration number.",Abstract,english,km
zhao_2022,zhao_2022,zhao_2022_item40,Planned methods of analysis,Planned methods of analysis,14_extension_rec,"If the original study included in the systematic review contains multiple groups of the comparative data, the basis and method for selecting some groups of data to present and merge should be explained.",Methodology,english,km
zhao_2022,zhao_2022,zhao_2022_item41,Risk of bias across studies,Risk of bias across studies,15,"Specify any assessment of risk of bias that may affect the cumulative evidence (such as publication bias, selective reporting within studies).",Methodology,english,km
zhao_2022,zhao_2022,zhao_2022_item42,Additional analyses,Additional analyses,16,"Describe methods of additional analyses (such as sensitivity or subgroup analyses, meta-regression), if done, indicating which were prespecified.",Methodology,english,km
zhao_2022,zhao_2022,zhao_2022_item43,Study selection,Study selection,17,"Give numbers of studies screened, assessed for eligibility, and included in the review, with reasons for exclusions at each stage, ideally with a flow diagram.",Methodology,english,km
zhao_2022,zhao_2022,zhao_2022_item44,Study characteristics,Study characteristics,18,"For each study, present characteristics for which data were extracted (such as study size, PICOS, follow-up period) and provide the citation.",Results,english,km
zhao_2022,zhao_2022,zhao_2022_item45,Study characteristics,Study characteristics,18a_extension_ess,"The detailed animal model information and disease information, including the baseline characteristics (species, strain, gender, age/month, etc.) and disease name of each animal included in the study should be reported.",Results,english,km
zhao_2022,zhao_2022,zhao_2022_item46,Study characteristics,Study characteristics,18a_extension_rec,"If the names and syndromes of TCM diseases are involved, CONSORT for CHM Formulas and CONSORT for Herbal Interventions, respectively should be referred.",Results,english,km
zhao_2022,zhao_2022,zhao_2022_item47,Study characteristics,Study characteristics,18b_extension_ess,"The detailed information on TCM interventions and their treatment options, including the type, name, dose, route, frequency, and duration of each intervention included in the study should be included.",Results,english,km
zhao_2022,zhao_2022,zhao_2022_item48,Study characteristics,Study characteristics,18b_extension_rec,"For herbal products (including natural herbal products and commercially available herbal products), CONSORT for Herbal Interventions should be referred.44 For traditional Chinese medicine formulae (e.g., fixed CHM formulas, individualized CHM formulas and patent proprietary CHM formulas), CONSORT for CHM Formulas should be referred.53",Results,english,km
zhao_2022,zhao_2022,zhao_2022_item49,Study characteristics,Study characteristics,18c_extension_ess,"The detailed information on the interventions used in the control group such as, including the name, route, dose, frequency, and duration of each intervention in the control group should be reported.",Results,english,km
zhao_2022,zhao_2022,zhao_2022_item5,Structured summary,Structured summary,2_extension_ess,"A detailed information about the disease animal model information (e.g., species, gender) and name of the human disease should be provided.",Abstract,english,km
zhao_2022,zhao_2022,zhao_2022_item50,Study characteristics,Study characteristics,18c_extension_rec,"If traditional Chinese medicine controls are involved, the same should be reported as 18b.",Results,english,km
zhao_2022,zhao_2022,zhao_2022_item51,Study characteristics,Study characteristics,18d_extension_ess,"The detailed report of all outcomes presented in advance, including the name of outcomes, measurement methods, and follow-up time of each included study should be incorporated.",Results,english,km
zhao_2022,zhao_2022,zhao_2022_item52,Study characteristics,Study characteristics,18d_extension_rec,"If TCM-related results (e.g., Tongue manifestation) are included, the changes in the symptoms and signs, syndrome outcomes and follow-up time related to TCM syndrome differentiation in each included study should be reported.",Results,english,km
zhao_2022,zhao_2022,zhao_2022_item53,Risk of bias within studies,Risk of bias within studies,19,"Present data on risk of bias of each study and, if available, any outcome-level assessment (see Item 12).",Results,english,km
zhao_2022,zhao_2022,zhao_2022_item54,Results of individual studies,Results of individual studies,20,"For all outcomes considered (benefits and harms), present, for each study, simple summary data for each intervention group and effect estimates and confidence intervals, ideally with a forest plot.",Results,english,km
zhao_2022,zhao_2022,zhao_2022_item55,Syntheses of results,Syntheses of results,21,"Present the main results of the review. If meta-analyses are done, include for each confidence intervals and measures of consistency.",Results,english,km
zhao_2022,zhao_2022,zhao_2022_item56,Risk of bias across studies,Risk of bias across studies,22,Present results of any assessment of risk of bias across studies (see Item 15).,Results,english,km
zhao_2022,zhao_2022,zhao_2022_item57,Additional analyses,Additional analyses,23,"Give results of additional analyses, if done (such as sensitivity or subgroup analyses, meta-regression [see Item 16]).",Results,english,km
zhao_2022,zhao_2022,zhao_2022_item58,Summary of evidence,Summary of evidence,24,"Summarize the main findings, including the strength of evidence for each main outcome; consider their relevance to key groups (such as health care providers, users, and policy makers).",Discussion,english,km
zhao_2022,zhao_2022,zhao_2022_item59,Summary of evidence,Summary of evidence,24_extension_ess,"The main findings including explanations of the rationality of animal model selection should be summarized, and the extrapolation of the results based on internal and external validity should be discussed.",Discussion,english,km
zhao_2022,zhao_2022,zhao_2022_item6,Structured summary,Structured summary,2_extension_rec,"If possible, animal species, age/month, etc. should be indicated. If TCM diseases are involved, name of TCM syndrome (e.g., Syndrome of qi deficiency) should be included. The various intervention type or name of the report as TCM (Chinese herbal medicine or Formula) should be identified.",Abstract,english,km
zhao_2022,zhao_2022,zhao_2022_item60,Summary of evidence,Summary of evidence,24_extension_rec,"The results with similar published studies should be compared, if any. Rational inference and interpretation of the possibility of clinical transformation of animal models of disease should be drawn, and the implications of the findings for clinical practice should be reported.",Discussion,english,km
zhao_2022,zhao_2022,zhao_2022_item61,Limitations,Limitations,25,"Discuss limitations at study and outcome level (such as risk of bias), and at review level (such as incomplete retrieval of identified research, reporting bias).",Discussion,english,km
zhao_2022,zhao_2022,zhao_2022_item62,Limitations,Limitations,25_extension_ess,The extent and limitations of the association between animal models of diseases and human beings should be illustrated. The potential effects of the different methods of animal modeling and species selection on the results should be discussed.,Discussion,english,km
zhao_2022,zhao_2022,zhao_2022_item63,Limitations,Limitations,25_extension_rec,The limitation of TCM intervention on animal model and human body should be discussed. The possible effects of the different doses of herbal medicine and compatibility of Chinese herbal formula on the results should be discussed.,Discussion,english,km
zhao_2022,zhao_2022,zhao_2022_item64,Conclusions,Conclusions,26,"Provide a general interpretation of the results in the context of other evidence, and implications for future research.",Discussion,english,km
zhao_2022,zhao_2022,zhao_2022_item65,Funding,Funding,27,"Describe sources of funding or other support (such as supply of data) for the systematic review, and the role of funders for the systematic review.",Other Information,english,km
zhao_2022,zhao_2022,zhao_2022_item66,Funding,Funding,27_extension_ess,The correlations or conflicts of interest between research findings and key stakeholders should be analyzed.,Other Information,english,km
zhao_2022,zhao_2022,zhao_2022_item7,Rationale,Rationale,3,Describe the rationale for the review in the context of what is already known.,Introduction,english,km
zhao_2022,zhao_2022,zhao_2022_item8,Rationale,Rationale,3_extension_ess,The foundation and background of animal model of disease should be briefly described.,Introduction,english,km
zhao_2022,zhao_2022,zhao_2022_item9,Rationale,Rationale,3_extension_rec,"If the assessment of animal models is involved, the basis for the selection of animal disease models should be explained. If possible, a brief introduction of TCM intervention on the principle of disease, combined with the theory of TCM applications.",Introduction,english,km
zorzela_2016,zorzela_2016,zorzela_2016_item1,Title,Title,1,Identify the report as a systematic review and meta-analysis of individual participant data.,Title,english,km
zorzela_2016,zorzela_2016,zorzela_2016_item10,Methods,Protocol and registration,5,"Indicate if a protocol exists and where it can be accessed. If available, provide registration information including registration number and registry name. Provide publication details, if applicable.",Methodology,english,km
zorzela_2016,zorzela_2016,zorzela_2016_item11,Methods,Eligibility criteria,6,"Specify inclusion and exclusion criteria including those relating to participants, interventions, comparisons, outcomes, study design and characteristics (e.g. years when conducted, required minimum follow-up). Note whether these were applied at the study or individual level i.e. whether eligible participants were included (and ineligible participants excluded) from a study that included a wider population than specified by the review inclusion criteria. The rationale for criteria should be stated.",Methodology,english,km
zorzela_2016,zorzela_2016,zorzela_2016_item12,Methods,Identifying studies - information sources,7,"Describe all methods of identifying published and unpublished studies including, as applicable: which bibliographic databases were searched with dates of coverage; details of any hand searching including of conference proceedings; use of study registers and agency or company databases; contact with the original research team and experts in the field; open adverts and surveys. Give the date of last search or elicitation.",Methodology,english,km
zorzela_2016,zorzela_2016,zorzela_2016_item13,Methods,Identifying studies - search,8,"Present the full electronic search strategy for at least one database, including any limits used, such that it could be repeated.",Methodology,english,km
zorzela_2016,zorzela_2016,zorzela_2016_item14,Methods,Study selection processes,9,State the process for determining which studies were eligible for inclusion.,Methodology,english,km
zorzela_2016,zorzela_2016,zorzela_2016_item15,Methods,Data collection processes,10,"Describe how IPD were requested, collected and managed, including any processes for querying and confirming data with investigators. If IPD were not sought from any eligible study, the reason for this should be stated (for each such study).",Methodology,english,km
zorzela_2016,zorzela_2016,zorzela_2016_item16,Methods,Data collection processes,10a,"If applicable, describe how any studies for which IPD were not available were dealt with. This should include whether, how and what aggregate data were sought or extracted from study reports and publications (such as extracting data independently in duplicate) and any processes for obtaining and confirming these data with investigators.",Methodology,english,km
zorzela_2016,zorzela_2016,zorzela_2016_item17,Methods,Data items,11,"Describe how the information and variables to be collected were chosen. List and define all study level and participant level data that were sought, including baseline and follow-up information. If applicable, describe methods of standardising or translating variables within the IPD datasets to ensure common scales or measurements across studies.",Methodology,english,km
zorzela_2016,zorzela_2016,zorzela_2016_item18,Methods,IPD integrity,A1,"Describe what aspects of IPD were subject to data checking (such as sequence generation, data consistency and completeness, baseline imbalance) and how this was done.",Methodology,english,km
zorzela_2016,zorzela_2016,zorzela_2016_item19,Methods,Risk of bias assessment in individual studies.,12,"Describe methods used to assess risk of bias in the individual studies and whether this was applied separately for each outcome. If applicable, describe how findings of IPD checking were used to inform the assessment. Report if and how risk of bias assessment was used in any data synthesis.",Methodology,english,km
zorzela_2016,zorzela_2016,zorzela_2016_item2,Abstract,Structured summary,2,Provide a structured summary including as applicable:,Abstract,english,km
zorzela_2016,zorzela_2016,zorzela_2016_item20,Methods,Specification of outcomes and effect measures,13,"State all treatment comparisons of interests. State all outcomes addressed and define them in detail. State whether they were pre-specified for the review and, if applicable, whether they were primary/main or secondary/additional outcomes. Give the principal measures of effect (such as risk ratio, hazard ratio, difference in means) used for each outcome.",Methodology,english,km
zorzela_2016,zorzela_2016,zorzela_2016_item21,Methods,Synthesis methods,14,"Describe the meta-analysis methods used to synthesise IPD. Specify any statistical methods and models used. Issues should include (but are not restricted to): ‚Ä¢ Use of a one-stage or two-stage approach. ‚Ä¢ How effect estimates were generated separately within each study and combined across studies (where applicable). ‚Ä¢ Specification of one-stage models (where applicable) including how clustering of patients within studies was accounted for. ‚Ä¢ Use of fixed or random effects models and any other model assumptions, such as proportional hazards. ‚Ä¢ How (summary) survival curves were generated (where applicable). ‚Ä¢ Methods for quantifying statistical heterogeneity (such as I2 and œÑ2). ‚Ä¢ How studies providing IPD and not providing IPD were analysed together (where applicable). ‚Ä¢ How missing data within the IPD were dealt with (where applicable).",Methodology,english,km
zorzela_2016,zorzela_2016,zorzela_2016_item22,Methods,Exploration of variation in effects,A2,"If applicable, describe any methods used to explore variation in effects by study or participant level characteristics (such as estimation of interactions between effect and covariates). State all participant-level characteristics that were analysed as potential effect modifiers, and whether these were pre-specified.",Methodology,english,km
zorzela_2016,zorzela_2016,zorzela_2016_item23,Methods,Risk of bias across studies,15,"Specify any assessment of risk of bias relating to the accumulated body of evidence, including any pertaining to not obtaining IPD for particular studies, outcomes or other variables.",Methodology,english,km
zorzela_2016,zorzela_2016,zorzela_2016_item24,Methods,Additional analyses,16,"Describe methods of any additional analyses, including sensitivity analyses. State which of these were pre-specified.",Methodology,english,km
zorzela_2016,zorzela_2016,zorzela_2016_item25,Results,Study selection and IPD obtained,17,"Give numbers of studies screened, assessed for eligibility, and included in the systematic review with reasons for exclusions at each stage. Indicate the number of studies and participants for which IPD were sought and for which IPD were obtained. For those studies where IPD were not available, give the numbers of studies and participants for which aggregate data were available. Report reasons for non-availability of IPD. Include a flow diagram.",Results,english,km
zorzela_2016,zorzela_2016,zorzela_2016_item26,Results,Study characteristics,18,"For each study, present information on key study and participant characteristics (such as description of interventions, numbers of participants, demographic data, unavailability of outcomes, funding source, and if applicable duration of follow-up). Provide (main) citations for each study. Where applicable, also report similar study characteristics for any studies not providing IPD.",Results,english,km
zorzela_2016,zorzela_2016,zorzela_2016_item27,Results,IPD integrity,A3,Report any important issues identified in checking IPD or state that there were none.,Results,english,km
zorzela_2016,zorzela_2016,zorzela_2016_item28,Results,Risk of bias within studies,19,"Present data on risk of bias assessments. If applicable, describe whether data checking led to the up-weighting or down-weighting of these assessments. Consider how any potential bias impacts on the robustness of meta-analysis conclusions.",Results,english,km
zorzela_2016,zorzela_2016,zorzela_2016_item29,Results,Results of individual studies,20,"For each comparison and for each main outcome (benefit or harm), for each individual study report the number of eligible participants for which data were obtained and show simple summary data for each intervention group (including, where applicable, the number of events), effect estimates and confidence intervals. These may be tabulated or included on a forest plot.",Results,english,km
zorzela_2016,zorzela_2016,zorzela_2016_item3,Abstract,Structured summary,2a,"Background: state research question and main objectives, with information on participants, interventions, comparators and outcomes.",Abstract,english,km
zorzela_2016,zorzela_2016,zorzela_2016_item30,Results,Results of syntheses,21,"Present summary effects for each meta-analysis undertaken, including confidence intervals and measures of statistical heterogeneity. State whether the analysis was pre-specified, and report the numbers of studies and participants and, where applicable, the number of events on which it is based.",Results,english,km
zorzela_2016,zorzela_2016,zorzela_2016_item31,Results,Results of syntheses,21a,"When exploring variation in effects due to patient or study characteristics, present summary interaction estimates for each characteristic examined, including confidence intervals and measures of statistical heterogeneity. State whether the analysis was pre-specified. State whether any interaction is consistent across trials.",Results,english,km
zorzela_2016,zorzela_2016,zorzela_2016_item32,Results,Results of syntheses,21b,Provide a description of the direction and size of effect in terms meaningful to those who would put findings into practice.,Results,english,km
zorzela_2016,zorzela_2016,zorzela_2016_item33,Results,Risk of bias across studies,22,"Present results of any assessment of risk of bias relating to the accumulated body of evidence, including any pertaining to the availability and representativeness of available studies, outcomes or other variables.",Results,english,km
zorzela_2016,zorzela_2016,zorzela_2016_item34,Results,Additional analyses,23,"Give results of any additional analyses (e.g. sensitivity analyses). If applicable, this should also include any analyses that incorporate aggregate data for studies that do not have IPD. If applicable, summarise the main meta-analysis results following the inclusion or exclusion of studies for which IPD were not available.",Results,english,km
zorzela_2016,zorzela_2016,zorzela_2016_item35,Discussion,Summary of evidence,24,"Summarise the main findings, including the strength of evidence for each main outcome.",Discussion,english,km
zorzela_2016,zorzela_2016,zorzela_2016_item36,Discussion,Strengths and limitations,25,Discuss any important strengths and limitations of the evidence including the benefits of access to IPD and any limitations arising from IPD that were not available.,Discussion,english,km
zorzela_2016,zorzela_2016,zorzela_2016_item37,Discussion,Conclusions,26,Provide a general interpretation of the findings in the context of other evidence.,Discussion,english,km
zorzela_2016,zorzela_2016,zorzela_2016_item38,Discussion,Implications,A4,"Consider relevance to key groups (such as policy makers, service providers and service users). Consider implications for future research.",Discussion,english,km
zorzela_2016,zorzela_2016,zorzela_2016_item39,Funding,Funding,27,"Describe sources of funding and other support (such as supply of IPD), and the role in the systematic review of those providing such support.",Other Information,english,km
zorzela_2016,zorzela_2016,zorzela_2016_item4,Abstract,Structured summary,2b,"Methods: report eligibility criteria; data sources including dates of last bibliographic search or elicitation, noting that IPD were sought; methods of assessing risk of bias.",Abstract,english,km
zorzela_2016,zorzela_2016,zorzela_2016_item5,Abstract,Structured summary,2c,Results: provide number and type of studies and participants identified and number (%) obtained; summary effect estimates for main outcomes (benefits and harms) with confidence intervals and measures of statistical heterogeneity. Describe the direction and size of summary effects in terms meaningful to those who would put findings into practice.,Abstract,english,km
zorzela_2016,zorzela_2016,zorzela_2016_item6,Abstract,Structured summary,2d,"Discussion: state main strengths and limitations of the evidence, general interpretation of the results and any important implications.",Abstract,english,km
zorzela_2016,zorzela_2016,zorzela_2016_item7,Abstract,Structured summary,2e,"Other: report primary funding source, registration number and registry name for the systematic review and IPD meta-analysis.",Abstract,english,km
zorzela_2016,zorzela_2016,zorzela_2016_item8,Introduction,Rationale,3,Describe the rationale for the review in the context of what is already known.,Introduction,english,km
zorzela_2016,zorzela_2016,zorzela_2016_item9,Introduction,Objectives,4,"Provide an explicit statement of the questions being addressed with reference, as applicable, to participants, interventions, comparisons, outcomes and study design (PICOS). Include any hypotheses that relate to particular types of participant-level subgroups.",Introduction,english,km
zumsteg_2012,zumsteg_2012,zumsteg_2012_item1,"Document title, structured summary, and key words","Document title, structured summary, and key words",1,"Title identifies article as systematic review, meta-analysis or both.",Title,english,km
zumsteg_2012,zumsteg_2012,zumsteg_2012_item10,Description of review protocol,Description of review protocol,4,Description of further analyses.,Methodology,english,km
zumsteg_2012,zumsteg_2012,zumsteg_2012_item11,Findings and features of individual studies in the review,Findings and features of individual studies in the review,5,"Include major findings, methods and limitations.",Results,english,km
zumsteg_2012,zumsteg_2012,zumsteg_2012_item12,Findings and features of individual studies in the review,Findings and features of individual studies in the review,5,Present data graphically if possible.,Results,english,km
zumsteg_2012,zumsteg_2012,zumsteg_2012_item13,Assessment of bias,Assessment of bias,6,Assessment of bias for individual studies included and across studies when summarized.,Methodology,english,km
zumsteg_2012,zumsteg_2012,zumsteg_2012_item14,Assessment of bias,Assessment of bias,6,Statement of funding source for the review.,Other Information,english,km
zumsteg_2012,zumsteg_2012,zumsteg_2012_item15,Synthesis methods,Synthesis methods,7,Description of how data was summarized qualitatively and quantitatively.,Methodology,english,km
zumsteg_2012,zumsteg_2012,zumsteg_2012_item16,Limitations of the Review,Limitations of the Review,8,Limitations of methodology.,Discussion,english,km
zumsteg_2012,zumsteg_2012,zumsteg_2012_item17,Limitations of the Review,Limitations of the Review,8,Guidance about appropriate generalization or application of review findings.,Discussion,english,km
zumsteg_2012,zumsteg_2012,zumsteg_2012_item18,Summary of findings and conclusions,Summary of findings and conclusions,9,Clear conclusions.,Discussion,english,km
zumsteg_2012,zumsteg_2012,zumsteg_2012_item19,Summary of findings and conclusions,Summary of findings and conclusions,9,Discussion of conclusions in the context of other evidence.,Discussion,english,km
zumsteg_2012,zumsteg_2012,zumsteg_2012_item2,"Document title, structured summary, and key words","Document title, structured summary, and key words",1,"Abstract contains background; objectives; data sources; study eligibility criteria; scope, system boundaries and functional unit; study appraisal and synthesis methods; results; limitations; and conclusions with implications for key findings.",Abstract,english,km
zumsteg_2012,zumsteg_2012,zumsteg_2012_item3,"Document title, structured summary, and key words","Document title, structured summary, and key words",1,Key words include meta-analysis and/or systematic review.,Abstract,english,km
zumsteg_2012,zumsteg_2012,zumsteg_2012_item4,Rationale of the review,Rationale of the review,2,Purpose of review study in the context of current knowledge.,Introduction,english,km
zumsteg_2012,zumsteg_2012,zumsteg_2012_item5,Review questions and objectives,Review questions and objectives,3,Question elements consistent with PIFT format (Population or process; Impacts of interest; Flows or economic sectors included; Type).,Introduction,english,km
zumsteg_2012,zumsteg_2012,zumsteg_2012_item6,Description of review protocol,Description of review protocol,4,How possible studies or data for review were located.,Methodology,english,km
zumsteg_2012,zumsteg_2012,zumsteg_2012_item7,Description of review protocol,Description of review protocol,4,Information sources.,Methodology,english,km
zumsteg_2012,zumsteg_2012,zumsteg_2012_item8,Description of review protocol,Description of review protocol,4,Description of electronic search strategies.,Methodology,english,km
zumsteg_2012,zumsteg_2012,zumsteg_2012_item9,Description of review protocol,Description of review protocol,4,Process for selecting studies or data to include in the review summary.,Methodology,english,km
galvao_2022,galvao_2022,galvao_2022_item1,TÌtulo,TÌtulo,1,Identifique a publicaÁ„o como uma revis„o sistem·tica.,Title,portuguese,es
galvao_2022,galvao_2022,galvao_2022_item2,Resumo,Resumo,2,Veja a lista de checagem PRISMA 2020 para Resumos.,Abstract,portuguese,es
galvao_2022,galvao_2022,galvao_2022_item3,IntroduÁ„o,Justificativa,3,Descreva a justificativa da revis„o no contexto do que j· È conhecido.,Introduction,portuguese,es
galvao_2022,galvao_2022,galvao_2022_item4,IntroduÁ„o,Objetivos,4,Apresente uma afirmaÁ„o explÌcita dos objetivos ou questıes abordadas pela revis„o.,Introduction,portuguese,es
galvao_2022,galvao_2022,galvao_2022_item5,MÈtodos,CritÈrios de elegibilidade,5,Especifique critÈrios de inclus„o e exclus„o da revis„o e como os estudos foram agrupados nas sumarizaÁıes.,Methods,portuguese,es
galvao_2022,galvao_2022,galvao_2022_item6,MÈtodos,Fontes de informaÁ„o,6,"Especifique todas as bases de dados, repositÛrios de registros, sites, organizaÁıes, listas de referÍncias e outras fontes pesquisadas ou consultadas para identificar estudos. Especifique a data em que cada fonte foi pesquisada ou consultada pela ˙ltima vez.",Methods,portuguese,es
galvao_2022,galvao_2022,galvao_2022_item7,MÈtodos,EstratÈgia de busca,7,"Apresente as estratÈgias de busca completas para todas as bases de dados, repositÛrios de registros e sites, incluindo filtros ou limites usados.",Methods,portuguese,es
galvao_2022,galvao_2022,galvao_2022_item8,MÈtodos,Processo de seleÁ„o,8,"Especifique os mÈtodos usados para decidir se um estudo atendeu aos critÈrios de inclus„o da revis„o, incluindo quantos revisores selecionaram cada registro e publicaÁ„o recuperados, se trabalharam de forma independente e, se aplic·vel, detalhes de ferramentas de automaÁ„o utilizadas no processo.",Methods,portuguese,es
galvao_2022,galvao_2022,galvao_2022_item9,MÈtodos,Processo de coleta de dados,9,"Especifique os mÈtodos usados para coletar dados das publicaÁıes, incluindo quantos revisores coletaram dados de cada publicaÁ„o, se eles trabalharam de forma independente, quaisquer processos para obter ou confirmar dados com os autores do estudo e, se aplic·vel, detalhes de ferramentas de automaÁ„o utilizadas no processo.",Methods,portuguese,es
galvao_2022,galvao_2022,galvao_2022_item10,MÈtodos,Lista de dados,10a,"Liste e defina todos os desfechos cujos dados foram coletados. Especifique se foram coletados de cada estudo todos os resultados compatÌveis com cada domÌnio de desfecho (ex.: para todas as medidas, ponto de tempo, an·lises), e se n„o, quais os mÈtodos usados para decidir quais resultados coletar.",Methods,portuguese,es
galvao_2022,galvao_2022,galvao_2022_item11,MÈtodos,Lista de dados,10b,"Liste e defina todas as outras vari·veis cujos dados foram coletados (ex.: caracterÌsticas dos participantes e da intervenÁ„o, fontes de financiamento). Descreva pressupostos adotados para casos de informaÁıes faltantes ou pouco claras.",Methods,portuguese,es
galvao_2022,galvao_2022,galvao_2022_item12,MÈtodos,AvaliaÁ„o do risco de viÈs dos estudos,11,"Especifique os mÈtodos usados para avaliar o risco de viÈs nos estudos incluÌdos, incluindo detalhes da(s) ferramenta(s) usada(s), quantos revisores avaliaram cada estudo e se trabalharam de forma independente e, se aplic·vel, detalhes de ferramentas de automaÁ„o usadas no processo.",Methods,portuguese,es
galvao_2022,galvao_2022,galvao_2022_item13,MÈtodos,Medidas de efeito,12,"Especifique para cada desfecho a(s) medida(s) de efeito (ex.: risco relativo, diferenÁa de mÈdias) usadas na sumarizaÁ„o ou apresentaÁ„o dos resultados.",Methods,portuguese,es
galvao_2022,galvao_2022,galvao_2022_item14,MÈtodos,MÈtodos de sÌntese,13a,Descreva os processos usados para decidir quais estudos foram elegÌveis para cada sÌntese [ex.: tabulaÁ„o das caracterÌsticas da intervenÁ„o do estudo e comparaÁ„o com os grupos planejados para cada sumarizaÁ„o (item 5)].,Methods,portuguese,es
galvao_2022,galvao_2022,galvao_2022_item15,MÈtodos,MÈtodos de sÌntese,13b,"Descreva mÈtodos demandados para preparar os dados para apresentaÁ„o ou sÌntese, como manejo de dados faltantes nas estatÌsticas de sumarizaÁ„o ou conversıes de dados.",Methods,portuguese,es
galvao_2022,galvao_2022,galvao_2022_item16,MÈtodos,MÈtodos de sÌntese,13c,Descreva mÈtodos usados para tabular ou ilustrar visualmente os resultados de estudos individuais e sÌnteses.,Methods,portuguese,es
galvao_2022,galvao_2022,galvao_2022_item17,MÈtodos,MÈtodos de sÌntese,13d,"Descreva mÈtodos usados para sumarizar os resultados e apresente justificativa para a(s) escolha(s). Se uma meta-an·lise foi realizada, descreva o(s) modelo(s), mÈtodo(s) para identificar a presenÁa e extens„o da heterogeneidade estatÌstica e o(s) pacote(s) de software utilizado(s).",Methods,portuguese,es
galvao_2022,galvao_2022,galvao_2022_item18,MÈtodos,MÈtodos de sÌntese,13e,"Descreva mÈtodos usados para explorar as possÌveis causas de heterogeneidade entre os resultados dos estudos (ex.: an·lise de subgrupo, metarregress„o).",Methods,portuguese,es
galvao_2022,galvao_2022,galvao_2022_item19,MÈtodos,MÈtodos de sÌntese,13f,Descreva an·lises de sensibilidade conduzidas para avaliar a robustez dos resultados sumarizados.,Methods,portuguese,es
galvao_2022,galvao_2022,galvao_2022_item20,MÈtodos,AvaliaÁ„o de vieses de publicaÁ„o,14,Descreva mÈtodos usados para avaliar o risco de viÈs devido a resultados faltantes em uma sumarizaÁ„o (decorrente de vieses de publicaÁ„o).,Methods,portuguese,es
galvao_2022,galvao_2022,galvao_2022_item21,MÈtodos,AvaliaÁ„o da certeza,15,Descreva mÈtodos usados para avaliar a certeza (ou confianÁa) no corpo de evidÍncias de um desfecho.,Methods,portuguese,es
galvao_2022,galvao_2022,galvao_2022_item22,Resultados,SeleÁ„o dos estudos,16a,"Descreva os resultados do processo de busca e seleÁ„o, desde o n˙mero de registros identificados na busca atÈ o n˙mero de estudos incluÌdos na revis„o, idealmente por meio de um fluxograma.",Results,portuguese,es
galvao_2022,galvao_2022,galvao_2022_item23,Resultados,SeleÁ„o dos estudos,16b,"Cite estudos que parecem cumprir os critÈrios de inclus„o, mas que foram excluÌdos e explique por que foram excluÌdos.",Results,portuguese,es
galvao_2022,galvao_2022,galvao_2022_item24,Resultados,CaracterÌsticas dos estudos,17,Cite cada estudo incluÌdo e apresente suas caracterÌsticas.,Results,portuguese,es
galvao_2022,galvao_2022,galvao_2022_item25,Resultados,Risco de viÈs nos estudos,18,Apresente as avaliaÁıes do risco de viÈs de cada estudo incluÌdo.,Results,portuguese,es
galvao_2022,galvao_2022,galvao_2022_item26,Resultados,Resultados de estudos individuais,19,"Para todos os desfechos, apresente para cada estudo: (a) estatÌstica sum·ria para cada grupo (quando apropriado) e (b) estimativa de efeito e sua precis„o (ex.: intervalo de confianÁa/credibilidade), idealmente utilizando tabelas estruturadas ou gr·ficos.",Results,portuguese,es
galvao_2022,galvao_2022,galvao_2022_item27,Resultados,Resultados das sÌnteses,20a,"Para cada sÌntese, resuma brevemente as caracterÌsticas e o risco de viÈs entre os estudos contribuintes. Apresente os resultados de todas as sumarizaÁıes estatÌsticas realizadas.",Results,portuguese,es
galvao_2022,galvao_2022,galvao_2022_item28,Resultados,Resultados das sÌnteses,20b,"Se meta-an·lises foram feitas, apresente para cada uma a estimativa resumida e sua precis„o (por exemplo, intervalo de confianÁa/credibilidade) e medidas de heterogeneidade estatÌstica. Se estiver comparando grupos, descreva a direÁ„o do efeito.",Results,portuguese,es
galvao_2022,galvao_2022,galvao_2022_item29,Resultados,Resultados das sÌnteses,20c,Apresente os resultados de todas as investigaÁıes das possÌveis causas de heterogeneidade entre os resultados do estudo.,Results,portuguese,es
galvao_2022,galvao_2022,galvao_2022_item30,Resultados,Resultados das sÌnteses,20d,Apresente os resultados de todas as an·lises de sensibilidade conduzidas para avaliar a robustez dos resultados sumarizados.,Results,portuguese,es
galvao_2022,galvao_2022,galvao_2022_item31,Resultados,Vieses de publicaÁ„o,21,Apresente avaliaÁıes de risco de viÈs devido a resultados faltantes (decorrentes de vieses de publicaÁ„o) para cada sumarizaÁ„o avaliada.,Results,portuguese,es
galvao_2022,galvao_2022,galvao_2022_item32,Resultados,Certeza da evidÍncia,22,Apresente avaliaÁıes da certeza (ou confianÁa) no corpo de evidÍncias para cada desfecho avaliado.,Results,portuguese,es
galvao_2022,galvao_2022,galvao_2022_item33,Discuss„o,Discuss„o,23a,ForneÁa uma interpretaÁ„o geral dos resultados no contexto de outras evidÍncias.,Discussion,portuguese,es
galvao_2022,galvao_2022,galvao_2022_item34,Discuss„o,Discuss„o,23b,Discuta limitaÁıes das evidÍncias incluÌdas na revis„o.,Discussion,portuguese,es
galvao_2022,galvao_2022,galvao_2022_item35,Discuss„o,Discuss„o,23c,Discuta limitaÁıes dos processos empregados na revis„o.,Discussion,portuguese,es
galvao_2022,galvao_2022,galvao_2022_item36,Discuss„o,Discuss„o,23d,"Discuta as implicaÁıes dos resultados para a pr·tica, polÌtica e pesquisas futuras.",Discussion,portuguese,es
galvao_2022,galvao_2022,galvao_2022_item37,Outras informaÁıes,Registro e protocolo,24a,"ForneÁa informaÁıes de registro da revis„o, incluindo o nome do repositÛrio e o n˙mero de registro, ou declare que a revis„o n„o foi registrada.",Other Information,portuguese,es
galvao_2022,galvao_2022,galvao_2022_item38,Outras informaÁıes,Registro e protocolo,24b,Indique onde o protocolo de revis„o pode ser acessado ou indique se o protocolo n„o foi preparado.,Other Information,portuguese,es
galvao_2022,galvao_2022,galvao_2022_item39,Outras informaÁıes,Registro e protocolo,24c,Descreva e explique quaisquer alteraÁıes nas informaÁıes fornecidas no registro ou no protocolo.,Other Information,portuguese,es
galvao_2022,galvao_2022,galvao_2022_item40,Outras informaÁıes,Apoio,25,Descreva as fontes de apoio financeiro ou n„o financeiro para a revis„o e o papel dos financiadores ou patrocinadores na revis„o.,Other Information,portuguese,es
galvao_2022,galvao_2022,galvao_2022_item41,Conflito de interesses,Conflito de interesses,26,Declare quaisquer conflitos de interesse dos autores da revis„o.,Other Information,portuguese,es
galvao_2022,galvao_2022,galvao_2022_item42,"Disponibilidade de dados, cÛdigo e outros materiais","Disponibilidade de dados, cÛdigo e outros materiais",27,Relate quais dos itens a seguir est„o disponÌveis publicamente e onde podem ser encontrados: modelos de formul·rios para coleta de dados; dados extraÌdos dos estudos incluÌdos; dados usados para todas as an·lises; comando analÌtico; outros materiais usados na revis„o.,Other Information,portuguese,es
galvao_2022,galvao_2022_abstracts,galvao_2022_abstracts_item1,TÌtulo,TÌtulo,1,Identifique a publicaÁ„o como revis„o sistem·tica.,Abstract,portuguese,es
galvao_2022,galvao_2022_abstracts,galvao_2022_abstracts_item2,IntroduÁ„o,Objetivos,2,ForneÁa uma declaraÁ„o explÌcita dos objetivos ou perguntas principais que a revis„o aborda.,Abstract,portuguese,es
galvao_2022,galvao_2022_abstracts,galvao_2022_abstracts_item3,MÈtodos,CritÈrios de elegibilidade,3,Especifique os critÈrios de inclus„o e exclus„o da revis„o.,Abstract,portuguese,es
galvao_2022,galvao_2022_abstracts,galvao_2022_abstracts_item4,MÈtodos,Fontes de informaÁıes,4,"Especifique as fontes de informaÁ„o (ex.: bases de dados, repositÛrios) usadas para identificar os estudos e a data em que cada um foi pesquisado pela ˙ltima vez.",Abstract,portuguese,es
galvao_2022,galvao_2022_abstracts,galvao_2022_abstracts_item5,MÈtodos,Risco de viÈs,5,Especifique os mÈtodos usados para avaliar o risco de viÈs nos estudos incluÌdos.,Abstract,portuguese,es
galvao_2022,galvao_2022_abstracts,galvao_2022_abstracts_item6,MÈtodos,SÌntese dos resultados,6,Especifique os mÈtodos usados para apresentar e sintetizar os resultados.,Abstract,portuguese,es
galvao_2022,galvao_2022_abstracts,galvao_2022_abstracts_item7,Resultados,Estudos incluÌdos,7,Apresente o n˙mero total de estudos incluÌdos e participantes e resuma as caracterÌsticas relevantes dos estudos.,Abstract,portuguese,es
galvao_2022,galvao_2022_abstracts,galvao_2022_abstracts_item8,Resultados,SÌntese dos resultados,8,"Apresente os resultados para os desfechos prim·rios, de preferÍncia indicando o n˙mero de estudos incluÌdos e participantes de cada. Se meta-an·lise foi feita, relate a estimativa sum·ria e o intervalo de confianÁa/credibilidade. Se estiver comparando grupos, indique a direÁ„o do efeito (ou seja, qual grupo È favorecido).",Abstract,portuguese,es
galvao_2022,galvao_2022_abstracts,galvao_2022_abstracts_item9,Discuss„o,LimitaÁıes das evidÍncias,9,"ForneÁa um breve resumo das limitaÁıes das evidÍncias incluÌdas na revis„o (ex.: risco de viÈs dos estudos, inconsistÍncia e imprecis„o).",Abstract,portuguese,es
galvao_2022,galvao_2022_abstracts,galvao_2022_abstracts_item10,Discuss„o,InterpretaÁ„o,10,ForneÁa uma interpretaÁ„o geral dos resultados e implicaÁıes relevantes.,Abstract,portuguese,es
galvao_2022,galvao_2022_abstracts,galvao_2022_abstracts_item11,Outros,Financiamento,11,Especifique a fonte prim·ria de financiamento da revis„o.,Abstract,portuguese,es
galvao_2022,galvao_2022_abstracts,galvao_2022_abstracts_item12,Outros,Registro,12,Informe o repositÛrio e o n˙mero de registro.,Abstract,portuguese,es
galvao_2015,galvao_2015,galvao_2015_item1,TÌtulo,TÌtulo,1,"Identifique o artigo como uma revis„o sistem·tica, meta-an·lise, ou ambos.",Title,portuguese,es
galvao_2015,galvao_2015,galvao_2015_item2,Resumo,Resumo estruturado,2,"Apresente um resumo estruturado incluindo, se aplic·vel: referencial teÛrico; objetivos; fonte de dados; critÈrios de elegibilidade; participantes e intervenÁıes; avaliaÁ„o do estudo e sÌntese dos mÈtodos; resultados; limitaÁıes; conclusıes e implicaÁıes dos achados principais; n˙mero de registro da revis„o sistem·tica.",Abstract,portuguese,es
galvao_2015,galvao_2015,galvao_2015_item3,IntroduÁ„o,Racional,3,Descreva a justificativa da revis„o no contexto do que j· È conhecido.,Introduction,portuguese,es
galvao_2015,galvao_2015,galvao_2015_item4,IntroduÁ„o,Objetivos,4,"Apresente uma afirmaÁ„o explÌcita sobre as questıes abordadas com referÍncia a participantes, intervenÁıes, comparaÁıes, resultados e delineamento dos estudos (PICOS).",Introduction,portuguese,es
galvao_2015,galvao_2015,galvao_2015_item5,MÈtodos,Protocolo e registo,5,"Indique se existe um protocolo de revis„o, se e onde pode ser acessado (ex. endereÁo eletrÙnico), e, se disponÌvel, forneÁa informaÁıes sobre o registro da revis„o, incluindo o n˙mero de registro.",Methods,portuguese,es
galvao_2015,galvao_2015,galvao_2015_item6,MÈtodos,CritÈrios de elegibilidade,6,"Especifique caracterÌsticas do estudo (ex.: PICOS, extens„o do seguimento) e caracterÌsticas dos relatos (ex. anos considerados, idioma, a situaÁ„o da publicaÁ„o) usadas como critÈrios de elegibilidade, apresentando justificativa.",Methods,portuguese,es
galvao_2015,galvao_2015,galvao_2015_item7,MÈtodos,Fontes de informaÁ„o,7,"Descreva todas as fontes de informaÁ„o na busca (ex.: base de dados com datas de cobertura, contato com autores para identificaÁ„o de estudos adicionais) e data da ˙ltima busca.",Methods,portuguese,es
galvao_2015,galvao_2015,galvao_2015_item8,MÈtodos,Busca,8,"Apresente a estratÈgia completa de busca eletrÙnica para pelo menos uma base de dados, incluindo os limites utilizados, de forma que possa ser repetida.",Methods,portuguese,es
galvao_2015,galvao_2015,galvao_2015_item9,MÈtodos,SeleÁ„o dos estudos,9,"Apresente o processo de seleÁ„o dos estudos (isto È, rastreados, elegÌveis, incluÌdos na revis„o sistem·tica e, se aplic·vel, incluÌdos na meta-an·lise).",Methods,portuguese,es
galvao_2015,galvao_2015,galvao_2015_item10,MÈtodos,Processo de coleta de dados,10,"Descreva o mÈtodo de extraÁ„o de dados dos artigos (ex.: formul·rios piloto, de forma independente, em duplicata) e todos os processos para obtenÁ„o e confirmaÁ„o de dados dos pesquisadores.",Methods,portuguese,es
galvao_2015,galvao_2015,galvao_2015_item11,MÈtodos,Lista dos dados,11,"Liste e defina todas as vari·veis obtidas dos dados (ex.: PICOS, fontes de financiamento) e quaisquer suposiÁıes ou simplificaÁıes realizadas.",Methods,portuguese,es
galvao_2015,galvao_2015,galvao_2015_item12,MÈtodos,Risco de viÈs em cada estudo,12,"Descreva os mÈtodos usados para avaliar o risco de viÈs em cada estudo (incluindo a especificaÁ„o se foi feito no nÌvel dos estudos ou dos resultados), e como esta informaÁ„o foi usada na an·lise de dados.",Methods,portuguese,es
galvao_2015,galvao_2015,galvao_2015_item13,MÈtodos,Medidas de sumarizaÁ„o,13,"Defina as principais medidas de sumarizaÁ„o dos resultados (ex.: risco relativo, diferenÁa mÈdia).",Methods,portuguese,es
galvao_2015,galvao_2015,galvao_2015_item14,MÈtodos,SÌntese dos resultados,14,"Descreva os mÈtodos de an·lise dos dados e combinaÁ„o de resultados dos estudos, se realizados, incluindo medidas de consistÍncia (por exemplo, I≤) para cada meta-an·lise.",Methods,portuguese,es
galvao_2015,galvao_2015,galvao_2015_item15,MÈtodos,Risco de viÈs entre estudos,15,"Especifique qualquer avaliaÁ„o do risco de viÈs que possa influenciar a evidÍncia cumulativa (ex.: viÈs de publicaÁ„o, relato seletivo nos estudos).",Methods,portuguese,es
galvao_2015,galvao_2015,galvao_2015_item16,MÈtodos,An·lises adicionais,16,"Descreva mÈtodos de an·lise adicional (ex.: an·lise de sensibilidade ou an·lise de subgrupos, metarregress„o), se realizados, indicando quais foram prÈ-especificados.",Methods,portuguese,es
galvao_2015,galvao_2015,galvao_2015_item17,Resultados,SeleÁ„o de estudos,17,"Apresente n˙meros dos estudos rastreados, avaliados para elegibilidade e incluÌdos na revis„o, razıes para exclus„o em cada est·gio, preferencialmente por meio de gr·fico de fluxo.",Results,portuguese,es
galvao_2015,galvao_2015,galvao_2015_item18,Resultados,CaracterÌsticas dos estudos,18,"Para cada estudo, apresente caracterÌsticas para extraÁ„o dos dados (ex.: tamanho do estudo, PICOS, perÌodo de acompanhamento) e apresente as citaÁıes.",Results,portuguese,es
galvao_2015,galvao_2015,galvao_2015_item19,Resultados,Risco de viÈs em cada estudo,19,"Apresente dados sobre o risco de viÈs em cada estudo e, se disponÌvel, alguma avaliaÁ„o em resultados (ver item 12).",Results,portuguese,es
galvao_2015,galvao_2015,galvao_2015_item20,Resultados,Resultados de estudos individuais,20,"Para todos os desfechos considerados (benefÌcios ou riscos), apresente para cada estudo: (a) sum·rio simples de dados para cada grupo de intervenÁ„o e (b) efeitos estimados e intervalos de confianÁa, preferencialmente por meio de gr·ficos de floresta.",Results,portuguese,es
galvao_2015,galvao_2015,galvao_2015_item21,Resultados,SÌntese dos resultados,21,"Apresente resultados para cada meta-an·lise feita, incluindo intervalos de confianÁa e medidas de consistÍncia.",Results,portuguese,es
galvao_2015,galvao_2015,galvao_2015_item22,Resultados,Risco de viÈs entre estudos,22,Apresente resultados da avaliaÁ„o de risco de viÈs entre os estudos (ver item 15).,Results,portuguese,es
galvao_2015,galvao_2015,galvao_2015_item23,Resultados,An·lises adicionais,23,"Apresente resultados de an·lises adicionais, se realizadas (ex.: an·lise de sensibilidade ou subgrupos, metarregress„o [ver item 16]).",Results,portuguese,es
galvao_2015,galvao_2015,galvao_2015_item24,Discuss„o,Sum·rio da evidÍncia,24,"Sumarize os resultados principais, incluindo a forÁa de evidÍncia para cada resultado; considere sua relev‚ncia para grupos-chave (ex.: profissionais da sa˙de, usu·rios e formuladores de polÌticas).",Discussion,portuguese,es
galvao_2015,galvao_2015,galvao_2015_item25,Discuss„o,LimitaÁıes,25,"Discuta limitaÁıes no nÌvel dos estudos e dos desfechos (ex.: risco de viÈs) e no nÌvel da revis„o (ex.: obtenÁ„o incompleta de pesquisas identificadas, viÈs de relato).",Discussion,portuguese,es
galvao_2015,galvao_2015,galvao_2015_item26,Discuss„o,Conclusıes,26,Apresente a interpretaÁ„o geral dos resultados no contexto de outras evidÍncias e implicaÁıes para futuras pesquisas.,Discussion,portuguese,es
galvao_2015,galvao_2015,galvao_2015_item27,Financiamento,Financiamento,27,Descreva fontes de financiamento para a revis„o sistem·tica e outros suportes (ex.: suprimento de dados); papel dos financiadores na revis„o sistem·tica.,Other Information,portuguese,es
yepes.nunez_2021,yepes.nunez_2021,yepes.nunez_2021_item1,TÌtulo,TÌtulo,1,Identifique el reporte como una revisiÛn sistem·tica,Title,spanish,es
yepes.nunez_2021,yepes.nunez_2021,yepes.nunez_2021_item2,RESUMEN,Resumen estructurado,2,Vea la lista de verificaciÛn para res˙menes estructurados de la declaraciÛn PRISMA 2020 (Tabla 2).,Abstract,spanish,es
yepes.nunez_2021,yepes.nunez_2021,yepes.nunez_2021_item3,INTRODUCCI”N,JustificaciÛn,3,Describa la justificaciÛn de la revisiÛn en el contexto del conocimiento existente,Introduction,spanish,es
yepes.nunez_2021,yepes.nunez_2021,yepes.nunez_2021_item4,INTRODUCCI”N,Objetivos,4,Proporcione una declaraciÛn explÌcita de los objetivos o las preguntas que aborda la revisiÛn,Introduction,spanish,es
yepes.nunez_2021,yepes.nunez_2021,yepes.nunez_2021_item5,M…TODOS,Criterios de elegibilidad,5,Especifique los criterios de inclusiÛn y exclusiÛn de la revisiÛn y cÛmo se agruparon los estudios para la sÌntesis,Methods,spanish,es
yepes.nunez_2021,yepes.nunez_2021,yepes.nunez_2021_item6,M…TODOS,Fuentes de informaciÛn,6,"Especifique todas las bases de datos, registros, sitios web, organizaciones, listas de referencias y otros recursos de b˙squeda o consulta para identificar los estudios. Especifique la fecha en la que cada recurso se buscÛ o consultÛ por ˙ltima vez",Methods,spanish,es
yepes.nunez_2021,yepes.nunez_2021,yepes.nunez_2021_item7,M…TODOS,Estrategia de b˙squeda,7,"Presente las estrategias de b˙squeda completas de todas las bases de datos, registros y sitios web, incluyendo cualquier filtro y los lÌmites utilizados",Methods,spanish,es
yepes.nunez_2021,yepes.nunez_2021,yepes.nunez_2021_item8,M…TODOS,Proceso de selecciÛn de los estudios,8,"Especifique los mÈtodos utilizados para decidir si un estudio cumple con los criterios de inclusiÛn de la revisiÛn, incluyendo cu·ntos autores de la revisiÛn cribaron cada registro y cada reporte recuperado, si trabajaron de manera independiente y, si procede, los detalles de las herramientas de automatizaciÛn utilizadas en el proceso",Methods,spanish,es
yepes.nunez_2021,yepes.nunez_2021,yepes.nunez_2021_item9,M…TODOS,Proceso de extracciÛn de los datos,9,"Indique los mÈtodos utilizados para extraer los datos de los informes o reportes, incluyendo cu·ntos revisores recopilaron datos de cada reporte, si trabajaron de manera independiente, los procesos para obtener o confirmar los datos por parte de los investigadores del estudio y, si procede, los detalles de las herramientas de automatizaciÛn utilizadas en el proceso",Methods,spanish,es
yepes.nunez_2021,yepes.nunez_2021,yepes.nunez_2021_item10,M…TODOS,Lista de los datos,10a,"Enumere y defina todos los desenlaces para los que se buscaron los datos. Especifique si se buscaron todos los resultados compatibles con cada dominio del desenlace (por ejemplo, para todas las escalas de medida, puntos temporales, an·lisis) y, de no ser asÌ, los mÈtodos utilizados para decidir los resultados que se debÌan recoger",Methods,spanish,es
yepes.nunez_2021,yepes.nunez_2021,yepes.nunez_2021_item11,M…TODOS,Lista de los datos,10b,"Enumere y defina todas las dem·s variables para las que se buscaron datos (por ejemplo, caracterÌsticas de los participantes y de la intervenciÛn, fuentes de financiaciÛn). Describa todos los supuestos formulados sobre cualquier informaciÛn ausente (missing) o incierta",Methods,spanish,es
yepes.nunez_2021,yepes.nunez_2021,yepes.nunez_2021_item12,M…TODOS,EvaluaciÛn del riesgo de sesgo de los estudios individuales,11,"Especifique los mÈtodos utilizados para evaluar el riesgo de sesgo de los estudios incluidos, incluyendo detalles de las herramientas utilizadas, cu·ntos autores de la revisiÛn evaluaron cada estudio y si trabajaron de manera independiente y, si procede, los detalles de las herramientas de automatizaciÛn utilizadas en el proceso",Methods,spanish,es
yepes.nunez_2021,yepes.nunez_2021,yepes.nunez_2021_item13,M…TODOS,Medidas del efecto,12,"Especifique, para cada desenlace, las medidas del efecto (por ejemplo, razÛn de riesgos, diferencia de medias) utilizadas en la sÌntesis o presentaciÛn de los resultados",Methods,spanish,es
yepes.nunez_2021,yepes.nunez_2021,yepes.nunez_2021_item14,M…TODOS,MÈtodos de sÌntesis,13a,"Describa el proceso utilizado para decidir quÈ estudios eran elegibles para cada sÌntesis (por ejemplo, tabulando las caracterÌsticas de los estudios de intervenciÛn y compar·ndolas con los grupos previstos para cada sÌntesis (Ìtem n.∫ 5)",Methods,spanish,es
yepes.nunez_2021,yepes.nunez_2021,yepes.nunez_2021_item15,M…TODOS,MÈtodos de sÌntesis,13b,"Describa cualquier mÈtodo requerido para preparar los datos para su presentaciÛn o sÌntesis, tales como el manejo de los datos perdidos en los estadÌsticos de resumen o las conversiones de datos",Methods,spanish,es
yepes.nunez_2021,yepes.nunez_2021,yepes.nunez_2021_item16,M…TODOS,MÈtodos de sÌntesis,13c,Describa los mÈtodos utilizados para tabular o presentar visualmente los resultados de los estudios individuales y su sÌntesis,Methods,spanish,es
yepes.nunez_2021,yepes.nunez_2021,yepes.nunez_2021_item17,M…TODOS,MÈtodos de sÌntesis,13d,"Describa los mÈtodos utilizados para sintetizar los resultados y justifique sus elecciones. Si se ha realizado un metaan·lisis, describa los modelos, los mÈtodos para identificar la presencia y el alcance de la heterogeneidad estadÌstica, y los programas inform·ticos utilizados",Methods,spanish,es
yepes.nunez_2021,yepes.nunez_2021,yepes.nunez_2021_item18,M…TODOS,MÈtodos de sÌntesis,13e,"Describa los mÈtodos utilizados para explorar las posibles causas de heterogeneidad entre los resultados de los estudios (por ejemplo, an·lisis de subgrupos, metarregresiÛn)",Methods,spanish,es
yepes.nunez_2021,yepes.nunez_2021,yepes.nunez_2021_item19,M…TODOS,MÈtodos de sÌntesis,13f,Describa los an·lisis de sensibilidad que se hayan realizado para evaluar la robustez de los resultados de la sÌntesis,Methods,spanish,es
yepes.nunez_2021,yepes.nunez_2021,yepes.nunez_2021_item20,M…TODOS,EvaluaciÛn del sesgo en el reporte,14,Describa los mÈtodos utilizados para evaluar el riesgo de sesgo debido a resultados faltantes en una sÌntesis (derivados de los sesgos en los reportes),Methods,spanish,es
yepes.nunez_2021,yepes.nunez_2021,yepes.nunez_2021_item21,M…TODOS,EvaluaciÛn de la certeza de la evidencia,15,Describa los mÈtodos utilizados para evaluar la certeza (o confianza) en el cuerpo de la evidencia para cada desenlace,Methods,spanish,es
yepes.nunez_2021,yepes.nunez_2021,yepes.nunez_2021_item22,RESULTADOS,SelecciÛn de los estudios,16a,"Describa los resultados de los procesos de b˙squeda y selecciÛn, desde el n˙mero de registros identificados en la b˙squeda hasta el n˙mero de estudios incluidos en la revisiÛn, idealmente utilizando un diagrama de flujo (ver Figura 1)",Results,spanish,es
yepes.nunez_2021,yepes.nunez_2021,yepes.nunez_2021_item23,RESULTADOS,SelecciÛn de los estudios,16b,"Cite los estudios que aparentemente cumplÌan con los criterios de inclusiÛn, pero que fueron excluidos, y explique por quÈ fueron excluidos",Results,spanish,es
yepes.nunez_2021,yepes.nunez_2021,yepes.nunez_2021_item24,RESULTADOS,CaracterÌsticas de los estudios,17,Cite cada estudio incluido y presente sus caracterÌsticas,Results,spanish,es
yepes.nunez_2021,yepes.nunez_2021,yepes.nunez_2021_item25,RESULTADOS,Riesgo de sesgo de los estudios individuales,18,Presente las evaluaciones del riesgo de sesgo para cada uno de los estudios incluidos,Results,spanish,es
yepes.nunez_2021,yepes.nunez_2021,yepes.nunez_2021_item26,RESULTADOS,Resultados de los estudios individuales,19,"Presente, para todos los desenlaces y para cada estudio: a) los estadÌsticos de resumen para cada grupo (si procede) y b) la estimaciÛn del efecto y su precisiÛn (por ejemplo, intervalo de credibilidad o de confianza), idealmente utilizando tablas estructuradas o gr·ficos",Results,spanish,es
yepes.nunez_2021,yepes.nunez_2021,yepes.nunez_2021_item27,RESULTADOS,Resultados de la sÌntesis,20a,"Para cada sÌntesis, resuma brevemente las caracterÌsticas y el riesgo de sesgo entre los estudios contribuyentes",Results,spanish,es
yepes.nunez_2021,yepes.nunez_2021,yepes.nunez_2021_item28,RESULTADOS,Resultados de la sÌntesis,20b,"Presente los resultados de todas las sÌntesis estadÌsticas realizadas. Si se ha realizado un metaan·lisis, presente para cada uno de ellos el estimador de resumen y su precisiÛn (por ejemplo, intervalo de credibilidad o de confianza) y las medidas de heterogeneidad estadÌstica. Si se comparan grupos, describa la direcciÛn del efecto.",Results,spanish,es
yepes.nunez_2021,yepes.nunez_2021,yepes.nunez_2021_item29,RESULTADOS,Resultados de la sÌntesis,20c,Presente los resultados de todas las investigaciones sobre las posibles causas de heterogeneidad entre los resultados de los estudios,Results,spanish,es
yepes.nunez_2021,yepes.nunez_2021,yepes.nunez_2021_item30,RESULTADOS,Resultados de la sÌntesis,20d,Presente los resultados de todos los an·lisis de sensibilidad realizados para evaluar la robustez de los resultados sintetizados,Results,spanish,es
yepes.nunez_2021,yepes.nunez_2021,yepes.nunez_2021_item31,RESULTADOS,Sesgos en el reporte,21,Presente las evaluaciones del riesgo de sesgo debido a resultados faltantes (derivados de los sesgos del reporte) para cada sÌntesis evaluada,Results,spanish,es
yepes.nunez_2021,yepes.nunez_2021,yepes.nunez_2021_item32,RESULTADOS,Certeza de la evidencia,22,Presente las evaluaciones de la certeza (o confianza) en el cuerpo de la evidencia para cada desenlace evaluado,Results,spanish,es
yepes.nunez_2021,yepes.nunez_2021,yepes.nunez_2021_item33,DISCUSI”N,DiscusiÛn,23a,Proporcione una interpretaciÛn general de los resultados en el contexto de otras evidencias,Results,spanish,es
yepes.nunez_2021,yepes.nunez_2021,yepes.nunez_2021_item34,DISCUSI”N,DiscusiÛn,23b,Argumente las limitaciones de la evidencia incluida en la revisiÛn,Results,spanish,es
yepes.nunez_2021,yepes.nunez_2021,yepes.nunez_2021_item35,DISCUSI”N,DiscusiÛn,23c,Argumente las limitaciones de los procesos de revisiÛn utilizados,Results,spanish,es
yepes.nunez_2021,yepes.nunez_2021,yepes.nunez_2021_item36,DISCUSI”N,DiscusiÛn,23d,"Argumente las implicaciones de los resultados para la pr·ctica, las polÌticas y las futuras investigaciones",Results,spanish,es
yepes.nunez_2021,yepes.nunez_2021,yepes.nunez_2021_item37,OTRA INFORMACI”N,Registro y protocolo,24a,"Proporcione la informaciÛn del registro de la revisiÛn, incluyendo el nombre y el n˙mero de registro, o declare que la revisiÛn no ha sido registrada",Results,spanish,es
yepes.nunez_2021,yepes.nunez_2021,yepes.nunez_2021_item38,OTRA INFORMACI”N,Registro y protocolo,24b,"Indique dÛnde se puede acceder al protocolo, o declare que no se ha redactado ning˙n protocolo",Results,spanish,es
yepes.nunez_2021,yepes.nunez_2021,yepes.nunez_2021_item39,OTRA INFORMACI”N,Registro y protocolo,24c,Describa y explique cualquier enmienda a la informaciÛn proporcionada en el registro o en el protocolo,Results,spanish,es
yepes.nunez_2021,yepes.nunez_2021,yepes.nunez_2021_item40,OTRA INFORMACI”N,FinanciaciÛn,25,Describa las fuentes de apoyo financiero o no financiero para la revisiÛn y el papel de los financiadores o patrocinadores en la revisiÛn,Results,spanish,es
yepes.nunez_2021,yepes.nunez_2021,yepes.nunez_2021_item41,OTRA INFORMACI”N,Conflicto de intereses,26,Declare los conflictos de intereses de los autores de la revisiÛn,Results,spanish,es
yepes.nunez_2021,yepes.nunez_2021,yepes.nunez_2021_item42,OTRA INFORMACI”N,"Disponibilidad de datos, cÛdigos y otros materiales",27,"Especifique quÈ elementos de los que se indican a continuaciÛn est·n disponibles al p˙blico y dÛnde se pueden encontrar: plantillas de formularios de extracciÛn de datos, datos extraÌdos de los estudios incluidos, datos utilizados para todos los an·lisis, cÛdigo de an·lisis, cualquier otro material utilizado en la revisiÛn",Results,spanish,es
yepes.nunez_2021_abstracts,yepes.nunez_2021_abstracts,yepes.nunez_2021_abstracts_item1,TÌtulo,TÌtulo,1,Identifique el informe o reporte como una revisiÛn sistem·tica.,Abstract,spanish,es
yepes.nunez_2021_abstracts,yepes.nunez_2021_abstracts,yepes.nunez_2021_abstracts_item2,ANTECEDENTES,Objetivos,2,Proporcione una declaraciÛn explÌcita de los principales objetivos o preguntas que aborda la revisiÛn.,Abstract,spanish,es
yepes.nunez_2021_abstracts,yepes.nunez_2021_abstracts,yepes.nunez_2021_abstracts_item3,M…TODOS,Criterios de elegibilidad,3,Especifique los criterios de inclusiÛn y exclusiÛn de la revisiÛn.,Abstract,spanish,es
yepes.nunez_2021_abstracts,yepes.nunez_2021_abstracts,yepes.nunez_2021_abstracts_item4,M…TODOS,Fuentes de informaciÛn,4,"Especifique las fuentes de informaciÛn (por ejemplo, bases de datos, registros) utilizadas para identificar los estudios y la fecha de la ˙ltima b˙squeda en cada una de estas fuentes.",Abstract,spanish,es
yepes.nunez_2021_abstracts,yepes.nunez_2021_abstracts,yepes.nunez_2021_abstracts_item5,M…TODOS,Riesgo de sesgo de los estudios individuales,5,Especifique los mÈtodos utilizados para evaluar el riesgo de sesgo de los estudios individuales incluidos.,Abstract,spanish,es
yepes.nunez_2021_abstracts,yepes.nunez_2021_abstracts,yepes.nunez_2021_abstracts_item6,M…TODOS,SÌntesis de los resultados,6,Especifique los mÈtodos utilizados para presentar y sintetizar los resultados. ,Abstract,spanish,es
yepes.nunez_2021_abstracts,yepes.nunez_2021_abstracts,yepes.nunez_2021_abstracts_item7,RESULTADOS,Estudios incluidos,7,Proporcione el n˙mero total de estudios incluidos y de participantes y resuma las caracterÌsticas relevantes de los estudios.,Abstract,spanish,es
yepes.nunez_2021_abstracts,yepes.nunez_2021_abstracts,yepes.nunez_2021_abstracts_item8,RESULTADOS,SÌntesis de los resultados,8,"Presente los resultados de los desenlaces principales e indique, preferiblemente, el n˙mero de estudios incluidos y los participantes en cada uno de ellos. Si se ha realizado un metaan·lisis, indique el estimador de resumen y el intervalo de confianza o de credibilidad. Si se comparan grupos, describa la direcciÛn del efecto (por ejemplo, quÈ grupo se ha visto favorecido).",Abstract,spanish,es
yepes.nunez_2021_abstracts,yepes.nunez_2021_abstracts,yepes.nunez_2021_abstracts_item9,DISCUSI”N,Limitaciones de la evidencia,9,"Proporcione un breve resumen de las limitaciones de la evidencia incluida en la revisiÛn (por ejemplo, riesgo de sesgo, inconsistencia ñheterogeneidadñ e imprecisiÛn).",Abstract,spanish,es
yepes.nunez_2021_abstracts,yepes.nunez_2021_abstracts,yepes.nunez_2021_abstracts_item10,DISCUSI”N,InterpretaciÛn,10,Proporcione una interpretaciÛn general de los resultados y sus implicaciones importantes.,Abstract,spanish,es
yepes.nunez_2021_abstracts,yepes.nunez_2021_abstracts,yepes.nunez_2021_abstracts_item11,OTROS,FinanciaciÛn,11,Especifique la fuente principal de financiaciÛn de la revisiÛn.,Abstract,spanish,es
yepes.nunez_2021_abstracts,yepes.nunez_2021_abstracts,yepes.nunez_2021_abstracts_item12,OTROS,Registro,12,Proporcione el nombre y el n˙mero de registro.,Abstract,spanish,es
