key,title,year,month,day,journal,issn,volume,issue,pages,authors,url,language,publisher,location,abstract,notes,doi,keywords,pubmed_id,pmc_id
rayyan-370826406,The PRISMA statement for reporting systematic reviews and meta-analyses of studies that evaluate healthcare interventions: explanation and elaboration,2009,7,1,BMJ-BRITISH MEDICAL JOURNAL,0959-535X,339,,,"Liberati, Alessandro and Altman, Douglas G. and Tetzlaff, Jennifer and Mulrow, Cynthia and Gotzsche, Peter C. and Ioannidis, John P. A. and Clarke, Mike and Devereaux, P. J. and Kleijnen, Jos and Moher, David",,English,BMJ PUBLISHING GROUP,"BRITISH MED ASSOC HOUSE, TAVISTOCK SQUARE, LONDON WC1H 9JR, ENGLAND","Systematic reviews and meta-analyses are essential to summarise evidence relating to efficacy and safety of healthcare interventions accurately and reliably. The clarity and transparency of these reports, however, are not optimal. Poor reporting of systematic reviews diminishes their value to clinicians, policy makers, and other users. Since the development of the QUOROM (quality of reporting of meta-analysis) statement-a reporting guideline published in 1999-there have been several conceptual, methodological, and practical advances regarding the conduct and reporting of systematic reviews and meta-analyses. Also, reviews of published systematic reviews have found that key information about these studies is often poorly reported. Realising these issues, an international group that included experienced authors and methodologists developed PRISMA (preferred reporting items for systematic reviews and meta-analyses) as an evolution of the original QUOROM guideline for systematic reviews and meta-analyses of evaluations of health care interventions. The PRISMA statement consists of a 27-item checklist and a four-phase flow diagram. The checklist includes items deemed essential for transparent reporting of a systematic review. In this explanation and elaboration document, we explain the meaning and rationale for each checklist item. For each item, we include an example of good reporting and, where possible, references to relevant empirical studies and methodological literature. The PRISMA statement, this document, and the associated website (www.prisma-statement.org/) should be helpful resources to improve reporting of systematic reviews and meta-analyses.","",10.1136/bmj.b2700,"",NA,
rayyan-370826407,The PRISMA statement for reporting systematic reviews and meta-analyses of studies that evaluate health care interventions: explanation and elaboration,2009,NA,1,EPIDEMIOLOGY BIOSTATISTICS AND PUBLIC HEALTH,2282-2305,6,4,354-391,"Liberati, Alessandro and Altman, Douglas G. and Tetzlaff, Jennifer and Mulrow, Cynthia and Gotzsche, Peter C. and Ioannidis, John P. A. and Clarke, Mike and Devereaux, P. J. and Kleijnen, Jos and Moher, David",,English,PREX SPA,"VIA A FAVA 25, MILAN, 20125, ITALY","Systematic reviews and meta-analyses are essential to summarize evidence relating to efficacy and safety of health care interventions accurately and reliably. The clarity and transparency of these reports, however, is not optimal. Poor reporting of systematic reviews diminishes their value to clinicians, policy makers, and other users. Since the development of the QUOROM (QUality Of Reporting Of Meta-analysis) Statement-a reporting guideline published in 1999-there have been several conceptual, methodological, and practical advances regarding the conduct and reporting of systematic reviews and meta-analyses. Also, reviews of published systematic reviews have found that key information about these studies is often poorly reported. Realizing these issues, an international group that included experienced authors and methodologists developed PRISMA (Preferred Reporting Items for Systematic reviews and Meta-Analyses) as an evolution of the original QUOROM guideline for systematic reviews and meta-analyses of evaluations of health care interventions. The PRISMA Statement consists of a 27-item checklist and a four-phase flow diagram. The checklist includes items deemed essential for transparent reporting of a systematic review. In this Explanation and Elaboration document, we explain the meaning and rationale for each checklist item. For each item, we include an example of good reporting and, where possible, references to relevant empirical studies and methodological literature. The PRISMA Statement, this document, and the associated Web site (http://www.prisma-statement.org/) should be helpful resources to improve reporting of systematic reviews and meta-analyses.","",,"",NA,
rayyan-370826416,PRISMA (Preferred Reporting Items for Systematic Reviews and Meta-Analyses) Extension for Chinese Herbal Medicines 2020 (PRISMA-CHM 2020),2020,NA,1,AMERICAN JOURNAL OF CHINESE MEDICINE,0192-415X,48,6,1279-1313,"Zhang, Xuan and Tan, Ran and Lam, Wai Ching and Yao, Liang and Wang, Xiaoqin and Cheng, Chung Wah and Liu, Fan and Chan, Jacky C. P. and Aixinjueluo, Qiying and Lau, Chung Tai and Chen, Yaolong and Yang, Kehu and Wu, Taixiang and Lyu, Aiping and Bian, Zhaoxiang",,English,WORLD SCIENTIFIC PUBL CO PTE LTD,"5 TOH TUCK LINK, SINGAPORE 596224, SINGAPORE","Chinese Herbal Medicines (CHM) are the most common interventions of traditional Chinese medicine (TCM), typically administered as either single herbs or formulas. Systematic reviews (SRs) are essential references for evaluating the efficacy and safety of CHM treatments accurately and reliably. Unfortunately, the reporting quality of SRs with CHM is not optimal, especially the reporting of CHM interventions and the rationale of why these interventions were selected. To address this problem, a group of TCM clinical experts, methodologists, epidemiologists, and editors has developed a PRISMA extension for CHM interventions (PRISMA-CHM) through a comprehensive process, including registration, literature review, consensus meeting, three-round Delphi survey, and finalization. The PRISMA checklist was extended by introducing the concept of TCM Pattern and the characteristics of CHM interventions. A total of twenty-four items (including sub-items) are included in the checklist, relating to title (1), structured summary (2), rationale (3), objectives (4), eligibility criteria (6), data items (11), synthesis of results (14, 21), additional analyses (16, 23), study characteristics (18), summary of evidence (24), and conclusions (26). Illustrative examples and explanations are also provided. The group hopes that PRISMA-CHM 2020 will improve the reporting quality of SRs of CHM.","",10.1142/S0192415X20500639,Chinese Herbal Medicine;Extension;PRISMA;Reporting Quality;Recommendation;Review,NA,
rayyan-370826420,Developing a Meta-Ethnography Reporting Guideline for Research (eMERGE),2016,1,1,INTERNATIONAL JOURNAL OF QUALITATIVE METHODS,1609-4069,15,1,,"France, Emma and Ring, Nicola and Jepson, Ruth and eMERGe Project Team",,English,SAGE PUBLICATIONS INC,"2455 TELLER RD, THOUSAND OAKS, CA 91320 USA",,"",,"",NA,
rayyan-370826423,PRISMA-Children (C) and PRISMA-Protocol for Children (P-C) Extensions: a study protocol for the development of guidelines for the conduct and reporting of systematic reviews and meta-analyses of newborn and child health research,2016,NA,1,BMJ OPEN,2044-6055,6,4,,"Kapadia, Mufiza Z. and Askie, Lisa and Hartling, Lisa and Contopoulos-Ioannidis, Despina and Bhutta, Zulfiqar A. and Soll, Roger and Moher, David and Offringa, Martin",,English,BMJ PUBLISHING GROUP,"BRITISH MED ASSOC HOUSE, TAVISTOCK SQUARE, LONDON WC1H 9JR, ENGLAND","Introduction: Paediatric systematic reviews differ from adult systematic reviews in several key aspects such as considerations of child tailored interventions, justifiable comparators, valid outcomes and child sensitive search strategies. Available guidelines, including PRISMA-P (2015) and PRISMA (2009), do not cover all the complexities associated with reporting systematic reviews in the paediatric population. Using a collaborative, multidisciplinary structure, we aim to develop evidence-based and consensus-based PRISMA-P-C (Protocol for Children) and PRISMA-C (Children) Extensions to guide paediatric systematic review protocol and completed review reporting. Methods and analysis: This project's methodology follows published recommendations for developing reporting guidelines and involves the following six phases; (1) establishment of a steering committee representing key stakeholder groups; (2) a scoping review to identify potential Extension items; (3) three types of consensus activities including meetings of the steering committee to achieve high-level decisions on the content and methodology of the Extensions, a survey of key stakeholders to generate a list of possible items to include in the Extensions and a formal consensus meeting to select the reporting items to add to, or modify for, the Extension; (4) the preliminary checklist items generated in phase III will be evaluated against the existing evidence and reporting practices in paediatric systematic reviews; (5) extension statements and explanation and elaboration documents will provide detailed advice for each item and examples of good reporting; (6) development and implementation of effective knowledge translation of the extension checklist, and an evaluation of the Extensions by key stakeholders. Ethics and Dissemination: This protocol was considered a quality improvement project by the Hospital for Sick Children's Ethics Committee and did not require ethical review. The resultant checklists, jointly developed with all relevant stakeholders, will be disseminated through peer-reviewed journals as well as national and international conference presentations. Endorsement of the checklist will be sought simultaneously in multiple journals.","",10.1136/bmjopen-2015-010270,"",NA,
rayyan-370826425,PRISMA Reporting Guidelines for Meta-analyses and Systematic Reviews,2021,8,1,JAMA SURGERY,2168-6254,156,8,789-790,"Arya, Shipra and Kaji, Amy H. and Boermeester, Marja A.",,English,AMER MEDICAL ASSOC,"330 N WABASH AVE, STE 39300, CHICAGO, IL 60611-5885 USA",,"",10.1001/jamasurg.2021.0546,"",NA,
rayyan-370826426,PRISMA-DTA: An Extension of PRISMA for Reporting of Diagnostic Test Accuracy Systematic Reviews,2018,6,1,CLINICAL CHEMISTRY,0009-9147,64,6,985-986,"Sharifabadi, Anahita Dehmoobad and McInnes, Matthew D. F. and Bossuyt, Patrick M. M.",,English,AMER ASSOC CLINICAL CHEMISTRY,"2101 L STREET NW, SUITE 202, WASHINGTON, DC 20037-1526 USA",,"",10.1373/clinchem.2018.289637,"",NA,
rayyan-370826430,Preferred Reporting Items for Systematic Reviews and Meta-Analyses: The PRISMA Statement,2009,7,1,PLOS MEDICINE,1549-1277,6,7,,"Moher, David and Liberati, Alessandro and Tetzlaff, Jennifer and Altman, Douglas G. and Grp, PRISMA",,English,PUBLIC LIBRARY SCIENCE,"1160 BATTERY STREET, STE 100, SAN FRANCISCO, CA 94111 USA",,"",10.1371/journal.pmed.1000097,"",NA,
rayyan-370826431,Introducing the First Bespoke Meta-Ethnography Reporting Guidance (eMERGe),2019,6,1,INTERNATIONAL JOURNAL OF QUALITATIVE METHODS,1609-4069,18,,,"France, Emma and eMERGe Project Team Advisors",,English,SAGE PUBLICATIONS INC,"2455 TELLER RD, THOUSAND OAKS, CA 91320 USA",,"",,"",NA,
rayyan-370826432,Preferred Report Items for systematic reviews and meta-analysis: The PRISMA Statement,2011,2,1,DEUTSCHE MEDIZINISCHE WOCHENSCHRIFT,0012-0472,136,8,E9-E15,"Ziegler, A. and Antes, G. and Koenig, I. R.",,German,GEORG THIEME VERLAG KG,"RUDIGERSTR 14, D-70469 STUTTGART, GERMANY",,"",10.1055/s-0031-1272978,"",NA,
rayyan-370826434,Reporting scoping reviews-PRISMA ScR extension,2020,7,1,JOURNAL OF CLINICAL EPIDEMIOLOGY,0895-4356,123,,177-179,"McGowan, Jessie and Straus, Sharon and Moher, David and Langlois, Etienne V. and O'Brien, Kelly K. and Horsley, Tanya and Aldcroft, Adrian and Zarin, Wasifa and Garitty, Chantelle Marie and Hempel, Susanne and Lillie, Erin and Tuncalp, Ozge and Tricco, Andrea C.",,English,ELSEVIER SCIENCE INC,"STE 800, 230 PARK AVE, NEW YORK, NY 10169 USA",,"",10.1016/j.jclinepi.2020.03.016,"",NA,
rayyan-370826439,The PRISMA 2020 statement: updated guideline for reporting systematic reviews,2022,NA,1,EPIDEMIOLOGIA E SERVICOS DE SAUDE,1679-4974,31,2,,"Galvao, Tais Freire and Baldin Tiguman, Gustavo Magno and Sarkis-Onofre, Rafael",,Portuguese,MINISTERIO DA SAUDE,"ESPLANADA MINISTERIOS, BLOCO G, BRASILIA, DF 70058-900, BRAZIL",,"",10.5123/S1679-49742022000200033,"",NA,
rayyan-370826441,The PRISMA 2020 statement: An updated guideline for reporting systematic reviews,2021,4,1,INTERNATIONAL JOURNAL OF SURGERY,1743-9191,88,,,"Page, Matthew J. and McKenzie, Joanne E. and Bossuyt, Patrick M. and Boutron, Isabelle and Hoffmann, Tammy C. and Mulrow, Cynthia D. and Shamseer, Larissa and Tetzlaff, Jennifer M. and Akl, Elie A. and Brennan, Sue E. and Chou, Roger and Glanville, Julie and Grimshaw, Jeremy M. and Hrobjartsson, Asbjorn and Lalu, Manoj M. and Li, Tianjing and Loder, Elizabeth W. and Mayo-Wilson, Evan and McDonald, Steve and McGuinness, Luke A. and Stewart, Lesley A. and Thomas, James and Tricco, Andrea C. and Welch, Vivian A. and Whiting, Penny and Moher, David",,English,LIPPINCOTT WILLIAMS \& WILKINS,"TWO COMMERCE SQ, 2001 MARKET ST, PHILADELPHIA, PA 19103 USA","The Preferred Reporting Items for Systematic reviews and Meta-Analyses (PRISMA) statement, published in 2009, was designed to help systematic reviewers transparently report why the review was done, what the authors did, and what they found. Over the past decade, advances in systematic review methodology and terminology have necessitated an update to the guideline. The PRISMA 2020 statement replaces the 2009 statement and includes new reporting guidance that reflects advances in methods to identify, select, appraise, and synthesise studies. The structure and presentation of the items have been modified to facilitate implementation. In this article, we present the PRISMA 2020 27-item checklist, an expanded checklist that details reporting recommendations for each item, the PRISMA 2020 abstract checklist, and the revised flow diagrams for original and updated reviews.","",10.1016/j.ijsu.2021.105906,"",NA,
rayyan-370826442,PRISMA AI reporting guidelines for systematic reviews and meta-analyses on AI in healthcare,2023,1,1,NATURE MEDICINE,1078-8956,29,1,14-15,"Cacciamani, Giovanni E. and Chu, Timothy N. and Sanford, Daniel I. and Abreu, Andre and Duddalwar, Vinay and Oberai, Assad and Kuo, C. -C. Jay and Liu, Xiaoxuan and Denniston, Alastair K. and Vasey, Baptiste and McCulloch, Peter and Wolff, Robert F. and Mallett, Sue and Mongan, John and Kahn, Charles E. and Sounderajah, Viknesh and Darzi, Ara and Dahm, Philipp and Moons, Karel G. M. and Topol, Eric and Collins, Gary S. and Moher, David and Gill, Inderbir S. and Hung, Andrew J.",,English,NATURE PORTFOLIO,"HEIDELBERGER PLATZ 3, BERLIN, 14197, GERMANY",,"",10.1038/s41591-022-02139-w,"",NA,
rayyan-370826446,Reporting items for systematic reviews and meta-analyses of acupuncture: the PRISMA for acupuncture checklist,2019,8,1,BMC COMPLEMENTARY AND ALTERNATIVE MEDICINE,,19,1,,"Wang, Xiaoqin and Chen, Yaolong and Liu, Yali and Yao, Liang and Estill, Janne and Bian, Zhaoxiang and Wu, Taixiang and Shang, Hongcai and Lee, Myeong Soo and Wei, Dang and Tian, Jinhui and Ma, Bin and Wang, Yongfeng and Tian, Guihua and Yang, Kehu",,English,BMC,"CAMPUS, 4 CRINAN ST, LONDON N1 9XW, ENGLAND","Background Acupuncture is widely used worldwide, and systematic reviews on acupuncture are increasingly being published. Although acupuncture systematic reviews share several essential elements with other systematic reviews, some essential information for the application of acupuncture is not covered by the Preferred Reporting Items for Systematic reviews and Meta-Analyses (PRISMA) statement. Considering this, we aimed to develop an extension of the PRISMA statement for acupuncture systematic reviews. Methods We used the PRISMA statement as a starting point, and conducted this study referring to the development strategy recommended by the EQUATOR network. The initial items were collected through a wide survey among evidence users and a review of relevant studies. We conducted a three-round Delphi survey and one-day face-to-face meeting to select items and formulate the checklist. After the consensus meeting, we drafted the manuscript (including the checklist) and sent it to our advisory experts for comments, following which the checklist was refined and circulated to a group of acupuncture systematic review authors for pilot test. We also selected a sample of acupuncture systematic reviews published in 2017 to test the checklist. Results A checklist of five new sub-items (including sub items) and six modified items was formulated, involving content related to title, rationale, eligibility criteria, literature search, data extraction, and study characteristics. We clarified the rationales of the items and provided examples for each item for additional guidance. Conclusion The PRISMA for Acupuncture checklist is developed for improving the reporting of systematic reviews of acupuncture interventions.","",10.1186/s12906-019-2624-3,PRISMA;Acupuncture intervention;Systematic review,NA,
rayyan-370826448,Main items to report Systematic reviews and Meta-analysis: The PRISMA recommendation,2015,4,1,EPIDEMIOLOGIA E SERVICOS DE SAUDE,1679-4974,24,2,335-342,"Altman, Doug and Antes, Gerd and Atkins, David and Barbour, Virginia and Barrowman, Nick and Berlin, Jesse A. and Clark, Jocalyn and Clarke, Mike and Cook, Deborah and D'Amico, Roberto and Deeks, Jonathan J. and Devereaux, P. J. and Dickersin, Kay and Egger, Matthias and Ernst, Edzard and Gotzsche, Peter C. and Grimshaw, Jeremy and Guyatt, Gordon and Higgins, Julian and Ioannidis, John P. A. and Kleijnen, Jos and Lang, Tom and Liberati, Alessandro and Magrini, Nicola and McNamee, David and Moja, Lorenzo and Moher, David and Mulrow, Cynthia and Napoli, Maryann and Oxman, Andy and Pham, Ba and Rennie, Drummond and Sampson, Margaret and Schulz, Kenneth F. and Shekelle, Paul G. and Tetzlaff, Jennifer and Tovey, David and Tugwell, Peter and PRISMA, Grp",,Portuguese,MINISTERIO DA SAUDE,"ESPLANADA MINISTERIOS, BLOCO G, BRASILIA, DF 70058-900, BRAZIL",,"",10.5123/S1679-49742015000200017,"",NA,
rayyan-370826451,THE PRISMA 2020 STATEMENT: DEVELOPMENT OF AND KEY CHANGES IN AN UPDATED GUIDELINE FOR REPORTING SYSTEMATIC REVIEWS AND META-ANALYSES,2020,5,1,VALUE IN HEALTH,1098-3015,23,1,S312-S313,"Tetzlaff, J. and Page, M. and Moher, D.",,English,ELSEVIER SCIENCE INC,"STE 800, 230 PARK AVE, NEW YORK, NY 10169 USA",,"",,"",NA,
rayyan-370826453,The PRISMA Extension Statement for Reporting of Systematic Reviews Incorporating Network Meta-analyses of Health Care Interventions: Checklist and Explanations,2015,6,1,ANNALS OF INTERNAL MEDICINE,0003-4819,162,11,777-784,"Hutton, Brian and Salanti, Georgia and Caldwell, Deborah M. and Chaimani, Anna and Schmid, Christopher H. and Cameron, Chris and Ioannidis, John P. A. and Straus, Sharon and Thorlund, Kristian and Jansen, Jeroen P. and Mulrow, Cynthia and Catala-Lopez, Ferran and Gotzsche, Peter C. and Dickersin, Kay and Boutron, Isabelle and Altman, Douglas G. and Moher, David",,English,AMER COLL PHYSICIANS,"INDEPENDENCE MALL WEST 6TH AND RACE ST, PHILADELPHIA, PA 19106-1572, UNITED STATES","The PRISMA statement is a reporting guideline designed to improve the completeness of reporting of systematic reviews and meta-analyses. Authors have used this guideline worldwide to prepare their reviews for publication. In the past, these reports typically compared 2 treatment alternatives: With the evolution of systematic reviews that compare multiple treatments, some of them only indirectly, authors face novel challenges for conducting and reporting their reviews. This extension of the PRISMA (Preferred Reporting Items for Systematic Reviews and Meta-analyses) statement was developed specifically to improve the reporting of systematic reviews incorporating network meta-analyses. A group of experts participated in a systematic review, Delphi survey, and face-to-face discussion and consensus meeting to establish new checklist items for this extension statement. Cur-rent PRISMA items were also clarified. A modified, 32-item PRISMA extension checklist was developed to address what the group considered to be immediately relevant to the reporting of network meta-analyses. This document presents the extension and provides examples of good reporting, as well as elaborations regarding the rationale for new checklist items and the modification of previously existing items from the PRISMA statement. It also highlights educational information related to key considerations in the practice of network meta-analysis. The target audience includes authors and readers of network meta-analyses, as well as journal editors and peer reviewers.","",10.7326/M14-2385,"",NA,
rayyan-370826454,PRISMA: an attempt to improve standards for reporting systematic review and meta-analysis,2009,NA,1,EPIDEMIOLOGY BIOSTATISTICS AND PUBLIC HEALTH,2282-2305,6,4,352-353,"Boccia, Stefania",,English,PREX SPA,"VIA A FAVA 25, MILAN, 20125, ITALY",,"",,"",NA,
rayyan-370826456,"Preferred reporting items for systematic reviews and meta-analyses: The PRISMA statement (vol 8, pg 336, 2010)",2010,NA,1,INTERNATIONAL JOURNAL OF SURGERY,1743-9191,8,8,658,"Moher, David",,English,LIPPINCOTT WILLIAMS \& WILKINS,"TWO COMMERCE SQ, 2001 MARKET ST, PHILADELPHIA, PA 19103 USA",,"",10.1016/j.ijsu.2010.07.299,"",NA,
rayyan-370826459,Preferred reporting items for systematic reviews and meta-analyses in ecology and evolutionary biology: a PRISMA extension,2021,10,1,BIOLOGICAL REVIEWS,1464-7931,96,5,1695-1722,"O'Dea, Rose E. and Lagisz, Malgorzata and Jennions, Michael D. and Koricheva, Julia and Noble, Daniel W. A. and Parker, Timothy H. and Gurevitch, Jessica and Page, Matthew J. and Stewart, Gavin and Moher, David and Nakagawa, Shinichi",,English,WILEY,"111 RIVER ST, HOBOKEN 07030-5774, NJ USA","Since the early 1990s, ecologists and evolutionary biologists have aggregated primary research using meta-analytic methods to understand ecological and evolutionary phenomena. Meta-analyses can resolve long-standing disputes, dispel spurious claims, and generate new research questions. At their worst, however, meta-analysis publications are wolves in sheep's clothing: subjective with biased conclusions, hidden under coats of objective authority. Conclusions can be rendered unreliable by inappropriate statistical methods, problems with the methods used to select primary research, or problems within the primary research itself. Because of these risks, meta-analyses are increasingly conducted as part of systematic reviews, which use structured, transparent, and reproducible methods to collate and summarise evidence. For readers to determine whether the conclusions from a systematic review or meta-analysis should be trusted - and to be able to build upon the review - authors need to report what they did, why they did it, and what they found. Complete, transparent, and reproducible reporting is measured by `reporting quality'. To assess perceptions and standards of reporting quality of systematic reviews and meta-analyses published in ecology and evolutionary biology, we surveyed 208 researchers with relevant experience (as authors, reviewers, or editors), and conducted detailed evaluations of 102 systematic review and meta-analysis papers published between 2010 and 2019. Reporting quality was far below optimal and approximately normally distributed. Measured reporting quality was lower than what the community perceived, particularly for the systematic review methods required to measure trustworthiness. The minority of assessed papers that referenced a guideline (similar to 16\%) showed substantially higher reporting quality than average, and surveyed researchers showed interest in using a reporting guideline to improve reporting quality. The leading guideline for improving reporting quality of systematic reviews is the Preferred Reporting Items for Systematic reviews and Meta-Analyses (PRISMA) statement. Here we unveil an extension of PRISMA to serve the meta-analysis community in ecology and evolutionary biology: PRISMA-EcoEvo (version 1.0). PRISMA-EcoEvo is a checklist of 27 main items that, when applicable, should be reported in systematic review and meta-analysis publications summarising primary research in ecology and evolutionary biology. In this explanation and elaboration document, we provide guidance for authors, reviewers, and editors, with explanations for each item on the checklist, including supplementary examples from published papers. Authors can consult this PRISMA-EcoEvo guideline both in the planning and writing stages of a systematic review and meta-analysis, to increase reporting quality of submitted manuscripts. Reviewers and editors can use the checklist to assess reporting quality in the manuscripts they review. Overall, PRISMA-EcoEvo is a resource for the ecology and evolutionary biology community to facilitate transparent and comprehensively reported systematic reviews and meta-analyses.","",10.1111/brv.12721,comparative analysis;critical appraisal;evidence synthesis;non-independence;open science;stu...,NA,
rayyan-370826471,PRISMA harms checklist: improving harms reporting in systematic reviews,2016,2,1,BMJ-BRITISH MEDICAL JOURNAL,0959-535X,352,,,"Zorzela, Liliane and Loke, Yoon K. and Ioannidis, John P. and Golder, Su and Santaguida, Pasqualina and Altman, Douglas G. and Moher, David and Vohra, Sunita and Grp, Prisma Harms",,English,BMJ PUBLISHING GROUP,"BRITISH MED ASSOC HOUSE, TAVISTOCK SQUARE, LONDON WC1H 9JR, ENGLAND","INTRODUCTION For any health intervention, accurate knowledge of both benefits and harms is needed. Systematic reviews often compound poor reporting of harms in primary studies by failing to report harms or doing so inadequately. While the PRISMA statement (Preferred Reporting Items for Systematic reviews and Meta-Analyses) helps systematic review authors ensure complete and transparent reporting, it is focused mainly on efficacy. Thus, a PRISMA harms checklist has been developed to improve harms reporting in systematic reviews, promoting a more balanced assessment of benefits and harms. METHODS A development strategy, endorsed by the EQUATOR Network and existing reporting guidelines (including the PRISMA statement, PRISMA for abstracts, and PRISMA for protocols), was used. After the development of a draft checklist of items, a modified Delphi process was initiated. The Delphi consisted of three rounds of electronic feedback followed by an in-person meeting. RESULTS The PRISMA harms checklist contains four essential reporting elements to be added to the original PRISMA statement to improve harms reporting in reviews. These are reported in the title ({''}Specifically mention `harms' or other related terms, or the harm of interest in the review{''}), synthesis of results ({''}Specify how zero events were handled, if relevant{''}), study characteristics ({''}Define each harm addressed, how it was ascertained (eg, patient report, active search), and over what time period{''}), and synthesis of results ({''}Describe any assessment of possible causality{''}). Additional guidance regarding existing PRISMA items was developed to demonstrate relevance when synthesising information about harms. CONCLUSION The PRISMA harms checklist identifies a minimal set of items to be reported when reviewing adverse events. This guideline extension is intended to improve harms reporting in systematic reviews, whether harms are a primary or secondary outcome.","",10.1136/bmj.i157,"",NA,
rayyan-370826473,Preferred Reporting Items for Systematic Reviews and Meta-Analyses: The PRISMA Statement (Reprinted from Annals of Internal Medicine),2009,9,1,PHYSICAL THERAPY,0031-9023,89,9,873-880,"Moher, David and Liberati, Alessandro and Tetzlaff, Jennifer and Altman, Douglas G. and Grp, PRISMA",,English,OXFORD UNIV PRESS INC,"JOURNALS DEPT, 2001 EVANS RD, CARY, NC 27513 USA",,"",10.1093/ptj/89.9.873,"",NA,
rayyan-370826474,"The PRISMA 2020 statement: an updated guideline for reporting systematic reviews (74, pg 790, 2021)",2022,2,1,REVISTA ESPANOLA DE CARDIOLOGIA,,75,2,192,"Page, Matthew J. and McKenzie, Joanne E. and Bossuyt, Patrick M. and Boutron, Isabelle and Hoffmann, Tammy C. and Mulrow, Cynthia D. and Shamseer, Larissa and Tetzlaff, Jennifer M. and Akl, Elie A. and Brennan, Sue E. and Chou, Roger and Glanville, Julie and Grimshaw, Jeremy M. and Hrobjartsson, Asbjorn and Lalu, Manoj M. and Li, Tianjing and Loder, Elizabeth W. and Mayo-Wilson, Evan and McDonald, Steve and McGuinness, Luke A. and Stewart, Lesley A. and Thomas, James and Tricco, Andrea C. and Welch, Vivian A. and Whiting, Penny and Moher, David",,English,EDICIONES DOYMA S A,"TRAV DE GRACIA 17-21, 08021 BARCELONA, SPAIN",,"",10.1016/j.rec.2021.10.019,"",NA,
rayyan-370826475,PRISMA 2020: a reporting guideline for the next generation of systematic reviews,2021,5,1,JBI EVIDENCE SYNTHESIS,,19,5,906-908,"Brennan, Sue E. and Munn, Zachary",,English,LIPPINCOTT WILLIAMS \& WILKINS,"TWO COMMERCE SQ, 2001 MARKET ST, PHILADELPHIA, PA 19103 USA",,"",10.11124/JBIES-21-00112,"",NA,
rayyan-370826477,PRISMA-Equity 2012 Extension: Reporting Guidelines for Systematic Reviews with a Focus on Health Equity,2013,7,1,REVISTA PANAMERICANA DE SALUD PUBLICA-PAN AMERICAN JOURNAL OF PUBLIC HEALTH,1020-4989,34,1,60-67,"Welch, Vivian and Petticrew, Mark and Tugwell, Peter and Moher, David and O'Neill, Jennifer and Waters, Elizabeth and White, Howard and Bellagio, Grp PRISMA Equity",,Spanish,PAN AMER HEALTH ORGANIZATION,"525 23RD ST NW, WASHINGTON, DC 20037 USA","There is a global imperative to tackle national and international health inequities-defined as unfair and avoidable differences in health. One step in reaching this goal is to improve the rigorous, scientific evidence base on the impacts of policies on inequities in health outcomes, resource allocation, and use. Systematic reviews are increasingly recognized as a valuable source of evidence for both health care and health systems decision making, yet very few systematic reviews report effects on health equity. We developed consensus-based reporting guidelines for equity-focused systematic reviews in order to help reviewers identify, extract, and synthesise evidence on equity in systematic reviews. Increased use of these reporting guidelines will help improve the reporting of effects on both inequities in health outcomes and health care use across gender, socioeconomic position, and other characteristics, both in systematic reviews and eventually primary research, thus contributing to the global agenda to improve health equity.","",,"",NA,
rayyan-370826482,Erratum: Incorrect Terminology in Table 2: Preferred reporting items for a systematic review and meta-analysis of diagnostic test accuracy studies: The PRISMA-DTA statement. (JAMA. (2018) 319:4 (388-396) (doi: 10.1001/jama.2017.19163)),2019,NA,1,JAMA,00987484 (ISSN); 15383598 (ISSN),322,20,2026,,https://www.scopus.com/inward/record.uri?eid=2-s2.0-85075552886&doi=10.1001%2Fjama.2019.18307&partnerID=40&md5=5f2eedd2021f53879861621da0cf76cf,English,American Medical Association smcleod@itsa.ucsf.edu,,"In the Special Communication entitled ""Preferred Reporting Items for a Systematic Review and Meta-analysis of Diagnostic Test Accuracy Studies: The PRISMA-DTA Statement""1 published in the January 23/30, 2018, issue of JAMA, incorrect terminology appeared in Table 2. In Table 2, in the ninth row up from the bottom of the table, ""Results of individual studies b,"" ""receiver operating characteristic curve"" should have been ""receiver operating characteristic plot."" This article was corrected online. © 2019 Elsevier B.V., All rights reserved.",Export Date: 19 September 2025; Cited By: 3; CODEN: JAMAA,10.1001/jama.2019.18307,Erratum;erratum,NA,
rayyan-370826498,The EQUATOR Network and the PRISMA Statement for the reporting of systematic reviews and meta-analyses,2009,12,1,PHYSIOTHERAPY,0031-9406,95,4,237-240,"Harms, Michele",,English,ELSEVIER SCI LTD,"THE BOULEVARD, LANGFORD LANE, KIDLINGTON, OXFORD OX5 1GB, OXON, ENGLAND",,"",10.1016/j.physio.2009.10.001,"",NA,
rayyan-370826500,Updating guidance for reporting systematic reviews: development of the PRISMA 2020 statement,2021,6,1,JOURNAL OF CLINICAL EPIDEMIOLOGY,0895-4356,134,,103-112,"Page, Matthew J. and McKenzie, Joanne E. and Bossuyt, Patrick M. and Boutron, Isabelle and Hoffmann, Tammy C. and Mulrow, Cynthia D. and Shamseer, Larissa and Tetzlaff, Jennifer M. and Moher, David",,English,ELSEVIER SCIENCE INC,"STE 800, 230 PARK AVE, NEW YORK, NY 10169 USA","Objectives: To describe the processes used to update the PRISMA 2009 statement for reporting systematic reviews, present results of a survey conducted to inform the update, summarize decisions made at the PRISMA update meeting, and describe and justify changes made to the guideline.\& nbsp; Methods: We reviewed 60 documents with reporting guidance for systematic reviews to generate suggested modifications to the PRISMA 2009 statement. We invited 220 systematic review methodologists and journal editors to complete a survey about the suggested modifications. The results of these projects were discussed at a 21-member in-person meeting. Following the meeting, we drafted the PRISMA 2020 statement and refined it based on feedback from co-authors and a convenience sample of 15 systematic reviewers.\& nbsp; Results: The review of 60 documents revealed that all topics addressed by the PRISMA 2009 statement could be modified. Of the 110 survey respondents, more than 66\% recommended keeping six of the original checklist items as they were and modifying 15 of them using wording suggested by us. Attendees at the in-person meeting supported the revised wording for several items but suggested rewording for most to enhance clarity, and further refinements were made over six drafts of the guideline.\& nbsp; Conclusions: The PRISMA 2020 statement consists of updated reporting guidance for systematic reviews. We hope that providing this detailed description of the development process will enhance the acceptance and uptake of the guideline and assist those developing and updating future reporting guidelines. (c) 2021 Elsevier Inc. All rights reserved.","",10.1016/j.jclinepi.2021.02.003,Systematic reviews;Meta-analysis;Reporting guidelines;Transparency;Reproducibility,NA,
rayyan-370826503,The PRISMA Statement - what should be reported about systematic reviews?,2009,8,1,DEUTSCHE MEDIZINISCHE WOCHENSCHRIFT,0012-0472,134,33,1619,"Antes, G. and von Elm, E.",,German,GEORG THIEME VERLAG KG,"RUDIGERSTR 14, D-70469 STUTTGART, GERMANY",,"",10.1055/s-0029-1233989,Systematic review;PRISMA Statement;QUOROM Statement;Evidence-based medicine,NA,
rayyan-370826505,Investigation of nutritional and functional effects of rice bran protein hydrolysates by using Preferred Reporting Items for Systematic Reviews and Meta-Analysis (PRISMA) guidelines: A review,2021,4,1,TRENDS IN FOOD SCIENCE \& TECHNOLOGY,0924-2244,110,,798-811,"Gong, Xi and Sui, Limin and Morton, James and Brennan, Margaret Anne and Brennan, Charles Stephen",,English,ELSEVIER SCIENCE LONDON,"84 THEOBALDS RD, LONDON WC1X 8RR, ENGLAND","Background: Rice bran protein hydrolysates (RBPHs) are peptides hydrolysed by different enzymes on rice bran protein (RBP). Protein hydrolysis cleaves storage proteins at either C-terminal or N-terminal of peptide bonds producing unique peptide sequences with various nutritional and functional properties as well as amino acids with aromatic, hydrophobic and charged ends. Scope and approach: The Web of Science database was searched for studies published between 2014 and 2019 using Preferred Reporting Items for Systematic Reviews and Meta-Analysis (PRISMA) guidelines in order to investigate the relationship between RBPHs and functional/health outcomes. The aim of this review is to reinforce and summarise the protective role of RBPHs as an antioxidant, an antidiabetic agent and an Angiotensinconverting enzyme (ACE) inhibitor with other nutritional properties and functional properties. Key findings and conclusions: RBP cleaved by different enzymes produces low molecular weight (MW) antioxidant peptides with radical scavenging activity and metal chelation power. These peptides restrain ACE activity and significantly reduce the intracellular ACE levels in rodent models. These peptides are also antidiabetic as they inhibit amylase, ?- and ?-glucosidase and dipeptidyl peptidase-IV (DPP-IV). They also suppress intracellular glutathione (GSH) levels by down-regulating the expression of a variety of inflammatory factors including 2 (Nrf2), quinone oxidoreductase1 (NQO1) and hemeoxygenase 1 (HO-1). The health promoting effects of antimelanogenesis, antimicrobial, and iron availability enhancement are described. Plus, RBPHs fortified food shows better preservation against lipid oxidation. Nowadays, turning rice mill wastes into the more manageable and sustainable applications has received attentions for their nutritional and functional properties rather than only animal feeds and a source of the biomass fuel. But the application of the rice bran for nutritional purposes is still limited. The high cost of the enzymes and the sensitive nature of peptides are the major industrial concerns. It is expected that the number of rice bran products and their acceptance will increase in the future market.","",10.1016/j.tifs.2021.01.089,Rice bran protein hydrolysates;Hydrolysis;Characterisation;Antioxidant;Diabetes;ACE inhibiti...,NA,
rayyan-370826508,To Be or Not to Be: Addressing of PRISMA Checklist for Reporting Systematic Reviews and Meta-Analyses,2023,10,1,IRANIAN JOURNAL OF PUBLIC HEALTH,2251-6085,52,10,2228-2229,"Amiri, Fatemeh and Shiani, Amir and Mirzaei, Maryam",,English,IRANIAN SCIENTIFIC SOCIETY MEDICAL ENTOMOLOGY,"SCHOOL PUBLIC HEALTH \& INST HEALTH RESEARCH, TEHRAN UNIV MEDICAL SCIENCES, P O BOX  6446-14155, TEHRAN, 00000, IRAN",,"",,"",NA,
rayyan-370826510,PRISMA declaration: A proposal to improve the publication of systematic reviews and meta-analyses,2010,10,1,MEDICINA CLINICA,0025-7753,135,11,507-511,"Urrutia, Gerard and Bonfill, Xavier",,Spanish,ELSEVIER ESPANA SLU,"AV JOSEP TARRADELLAS, 20-30, 1ERA PLANTA, BARCELONA, CP-08029, SPAIN",,"",10.1016/j.medcli.2010.01.015,"",NA,
rayyan-370826514,Guideline for reporting systematic reviews of outcome measurement instruments (OMIs): PRISMA-COSMIN for OMIs 2024,2024,7,1,JOURNAL OF PATIENT-REPORTED OUTCOMES,,8,1,,"Elsman, Ellen B. M. and Mokkink, Lidwine B. and Terwee, Caroline B. and Beaton, Dorcas and Gagnier, Joel J. and Tricco, Andrea C. and Baba, Ami and Butcher, Nancy J. and Smith, Maureen and Hofstetter, Catherine and Aiyegbusi, Olalekan Lee and Berardi, Anna and Farmer, Julie and Haywood, Kirstie L. and Krause, Karolin R. and Markham, Sarah and Mayo-Wilson, Evan and Mehdipour, Ava and Ricketts, Juanna and Szatmari, Peter and Touma, Zahi and Moher, David and Offringa, Martin",,English,SPRINGERNATURE,"CAMPUS, 4 CRINAN ST, LONDON, N1 9XW, ENGLAND","PurposeAlthough comprehensive and widespread guidelines on how to conduct systematic reviews of outcome measurement instruments (OMIs) exist, for example from the COSMIN (COnsensus-based Standards for the selection of health Measurement INstruments) initiative, key information is often missing in published reports. This article describes the development of an extension of the Preferred Reporting Items for Systematic Reviews and Meta-Analyses (PRISMA) 2020 guideline: PRISMA-COSMIN for OMIs 2024.MethodsThe development process followed the Enhancing the QUAlity and Transparency Of health Research (EQUATOR) guidelines and included a literature search, expert consultations, a Delphi study, a hybrid workgroup meeting, pilot testing, and an end-of-project meeting, with integrated patient/public involvement.ResultsFrom the literature and expert consultation, 49 potentially relevant reporting items were identified. Round 1 of the Delphi study was completed by 103 panelists, whereas round 2 and 3 were completed by 78 panelists. After 3 rounds, agreement (>= 67\%) on inclusion and wording was reached for 44 items. Eleven items without consensus for inclusion and/or wording were discussed at a workgroup meeting attended by 24 participants. Agreement was reached for the inclusion and wording of 10 items, and the deletion of 1 item. Pilot testing with 65 authors of OMI systematic reviews further improved the guideline through minor changes in wording and structure, finalized during the end-of-project meeting. The final checklist to facilitate the reporting of full systematic review reports contains 54 (sub)items addressing the review's title, abstract, plain language summary, open science, introduction, methods, results, and discussion. Thirteen items pertaining to the title and abstract are also included in a separate abstract checklist, guiding authors in reporting for example conference abstracts.ConclusionPRISMA-COSMIN for OMIs 2024 consists of two checklists (full reports; abstracts), their corresponding explanation and elaboration documents detailing the rationale and examples for each item, and a data flow diagram. PRISMA-COSMIN for OMIs 2024 can improve the reporting of systematic reviews of OMIs, fostering their reproducibility and allowing end-users to appraise the quality of OMIs and select the most appropriate OMI for a specific application.NoteIn order to encourage its wide dissemination this article is freely accessible on the web sites of the journals: Health and Quality of Life Outcomes; Journal of Clinical Epidemiology; Journal of Patient-Reported Outcomes; Quality of Life Research.","",10.1186/s41687-024-00727-7,Systematic reviews;Outcome measurement instrument;Reporting guideline;Measurement properties;...,NA,
rayyan-370826515,A METHODOLOGICAL APPROACH TO GENOME-WIDE ASSOCIATION STUDY META-ANALYSIS OF POST-TRAUMATIC OSTEOARTHRITIS OF THE KNEE: REPORT FROM THE GO-PTOA WORKING GROUP,2024,4,1,OSTEOARTHRITIS AND CARTILAGE,1063-4584,32,1,S470-S471,"McDonald, Merry-Lynn and Richman, Joshua and Dochtermann, Daniel and Boer, Cindy and Kalsoum, Raneem and Papadaki, Artemis and Barker, Tyler and Briem, Kristin and Hatzikotoulas, Konstantinos and Hollis, Benjamin and Jostins-Dean, Luke and Lemmela, Susanna and Ryhanen, Teemu and Project, FinnGen and Magi, Reedik and Reimann, Ene and Southam, Lorraine and Styrkarsdottir, Unnur and Tiwari, Hemant and Meurs, Joyce V. and Zeggini, Eleftheria and Singh, Jasvinder and Watt, Fiona E. and Team, Estonian Biobank Res and Consortium, Genetics Osteoarthritis",,English,ELSEVIER SCI LTD,"125 London Wall, London, ENGLAND",,"OARSI World Congress on Osteoarthritis, Vienna, AUSTRIA, JAN 01, 2024",,"",NA,
rayyan-370826529,PRISMA for Abstracts: Reporting Systematic Reviews in Journal and Conference Abstracts,2013,4,1,PLOS MEDICINE,1549-1277,10,4,,"Beller, Elaine M. and Glasziou, Paul P. and Altman, Douglas G. and Hopewell, Sally and Bastian, Hilda and Chalmers, Iain and Gotzsche, Peter C. and Lasserson, Toby and Tovey, David and Grp, Prisma Abstracts",,English,PUBLIC LIBRARY SCIENCE,"1160 BATTERY STREET, STE 100, SAN FRANCISCO, CA 94111 USA",,"",10.1371/journal.pmed.1001419,"",NA,
rayyan-370826535,PRISMA 2020 explanation and elaboration: updated guidance and exemplars for reporting systematic reviews,2021,3,1,BMJ-BRITISH MEDICAL JOURNAL,0959-535X,372,,,"Page, Matthew J. and Moher, David and Bossuyt, Patrick M. and Boutron, Isabelle and Hoffmann, Tammy C. and Mulrow, Cynthia D. and Shamseer, Larissa and Tetzlaff, Jennifer M. and Akl, Elie A. and Brennan, Sue E. and Chou, Roger and Glanville, Julie and Grimshaw, Jeremy M. and Hrobjartsson, Asbjorn and Lalu, Manoj M. and Li, Tianjing and Loder, Elizabeth W. and Mayo-Wilson, Evan and McDonald, Steve and McGuinness, Luke A. and Stewart, Lesley A. and Thomas, James and Tricco, Andrea C. and Welch, Vivian A. and Whiting, Penny and McKenzie, Joanne E.",,English,BMJ PUBLISHING GROUP,"BRITISH MED ASSOC HOUSE, TAVISTOCK SQUARE, LONDON WC1H 9JR, ENGLAND","The methods and results of systematic reviews should be reported in sufficient detail to allow users to assess the trustworthiness and applicability of the review findings. The Preferred Reporting Items for Systematic reviews and Meta-Analyses (PRISMA) statement was developed to facilitate transparent and complete reporting of systematic reviews and has been updated (to PRISMA 2020) to reflect recent advances in systematic review methodology and terminology. Here, we present the explanation and elaboration paper for PRISMA 2020, where we explain why reporting of each item is recommended, present bullet points that detail the reporting recommendations, and present examples from published reviews. We hope that changes to the content and structure of PRISMA 2020 will facilitate uptake of the guideline and lead to more transparent, complete, and accurate reporting of systematic reviews.","",10.1136/bmj.n160,"",NA,
rayyan-370826539,"Preferred reporting items for journal and conference abstracts of systematic reviews and meta-analyses of diagnostic test accuracy studies (PRISMA-DTA for Abstracts): checklist, explanation, and elaboration",2021,3,1,BMJ-BRITISH MEDICAL JOURNAL,0959-535X,372,,,"Cohen, Jeremie F. and Deeks, Jonathan J. and Hooft, Lotty and Salameh, Jean-Paul and Korevaar, Daniel A. and Gatsonis, Constantine and Hopewell, Sally and Hunt, Harriet A. and Hyde, Chris J. and Leeflang, Mariska M. and Macaskill, Petra and McGrath, Trevor A. and Moher, David and Reitsma, Johannes B. and Rutjes, Anne W. S. and Takwoingi, Yemisi and Tonelli, Marcello and Whiting, Penny and Willis, Brian H. and Thombs, Brett and Bossuyt, Patrick M. and McInnes, Matthew D. F.",,English,BMJ PUBLISHING GROUP,"BRITISH MED ASSOC HOUSE, TAVISTOCK SQUARE, LONDON WC1H 9JR, ENGLAND","For many users of the biomedical literature, abstracts may be the only source of information about a study. Hence, abstracts should allow readers to evaluate the objectives, key design features, and main results of the study. Several evaluations have shown deficiencies in the reporting of journal and conference abstracts across study designs and research fields, including systematic reviews of diagnostic test accuracy studies. Incomplete reporting compromises the value of research to key stakeholders. The authors of this article have developed a 12 item checklist of preferred reporting items for journal and conference abstracts of systematic reviews and meta-analyses of diagnostic test accuracy studies (PRISMA-DTA for Abstracts). This article presents the checklist, examples of complete reporting, and explanations for each item of PRISMA-DTA for Abstracts.","",10.1136/bmj.n265,"",NA,
rayyan-370826541,Perception of the Preferred Reporting Items for Systematic Reviews and Meta-Analyses (PRISMA) statement of authors publishing reviews in nursing journals: a cross-sectional online survey,2019,6,1,BMJ OPEN,2044-6055,9,4,,"Tam, Wilson W. S. and Tang, Arthur and Woo, Brigitte and Goh, Shawn Y. S.",,English,BMJ PUBLISHING GROUP,"BRITISH MED ASSOC HOUSE, TAVISTOCK SQUARE, LONDON WC1H 9JR, ENGLAND","Objective The Preferred Reporting Items for Systematic Reviews and Meta-Analyses (PRISMA) statement has been developed as a guideline for reporting systematic reviews and meta-analyses. Despite the prevalent use of the PRISMA statement in medicine and nursing, no studies have examined authors' perception of it. The purpose of this study is to explore the perception of the PRISMA statement of authors who published reviews, meta-analyses, or both in nursing journals. Design Cross-sectional descriptive study. Methods An online survey was conducted among authors who published reviews, meta-analyses, or both in nursing journals between 2011 and 2017. The selected authors' email addresses were extracted from the PUBMED database. A questionnaire-with a 10-point Likert scale (1-not important at all to 10-very important)-was developed to elicit their responses regarding their perception of not only the PRISMA statement as a whole, but also the individual items therein. Results Invitations were sent to 1960 valid email addresses identified, with 230 responses (response rate: 11.7\%) and 181 completed responses (completion rate: 9.2\%). The average perceived importance of the PRISMA statement was 8.66 (SD=1.35), while the perceived importance for the individual items ranged from 7.74 to 9.32. Six items were rated significantly higher than the average rating, whereas one item was rated significantly lower. Conclusion Most respondents perceived the PRISMA statement as important. Items related to information sources, selection, search-flow presentation, summary of findings, limitations and interpretation were deemed more important while the registration was deemed less so.","",10.1136/bmjopen-2018-026271,"",NA,
rayyan-370826552,PRISMA-COSMIN 2024: New guidance aimed to enhance the reporting quality of systematic reviews of outcome measurement instruments,2024,12,1,INTERNATIONAL JOURNAL OF NURSING STUDIES,0020-7489,160,,,"Elsman, Ellen B. M. and Baba, Ami and Offringa, Martin and steering Comm, PRISMA COSMIN",,English,PERGAMON-ELSEVIER SCIENCE LTD,"THE BOULEVARD, LANGFORD LANE, KIDLINGTON, OXFORD OX5 1GB, ENGLAND",,"",10.1016/j.ijnurstu.2024.104880,"",NA,
rayyan-370826615,"Study protocol for developing, piloting and disseminating the PRISMA-COSMIN guideline: a new reporting guideline for systematic reviews of outcome measurement instruments",2022,6,1,SYSTEMATIC REVIEWS,,11,1,,"Elsman, Ellen B. M. and Butcher, Nancy J. and Mokkink, Lidwine B. and Terwee, Caroline B. and Tricco, Andrea and Gagnier, Joel J. and Aiyegbusi, Olalekan Lee and Barnett, Carolina and Smith, Maureen and Moher, David and Offringa, Martin",,English,BMC,"CAMPUS, 4 CRINAN ST, LONDON N1 9XW, ENGLAND","Background: Systematic reviews of outcome measurement instruments are important tools in the evidence-based selection of these instruments. COSMIN (COnsensus-based Standards for the selection of health Measurement INstruments) has developed a comprehensive and widespread guideline to conduct systematic reviews of outcome measurement instruments, but key information is often missing in published reviews. This hinders the appraisal of the quality of outcome measurement instruments, impacts the decisions of knowledge users regarding their appropriateness, and compromises reproducibility and interpretability of the reviews' findings. To facilitate sufficient, transparent, and consistent reporting of systematic reviews of outcome measurement instruments, an extension of the PRISMA (Preferred Reporting of Items for Systematic reviews and Meta-Analyses) 2020 guideline will be developed: the PRISMA-COSMIN guideline. Methods: The PRISMA-COSMIN guideline will be developed in accordance with recommendations for reporting guideline development from the EQUATOR (Enhancing the QUAlity and Transparency Of health Research) Network. First, a candidate reporting item list will be created through an environmental literature scan and expert consultations. Second, an international Delphi study will be conducted with systematic review authors, biostatisticians, epidemiologists, psychometricians/clinimetricians, reporting guideline developers, journal editors as well as patients, caregivers, and members of the public. Delphi panelists will rate candidate items for inclusion on a 5-point scale, suggest additional candidate items, and give feedback on item wording and comprehensibility. Third, the draft PRISMA-COSMIN guideline and user manual will be iteratively piloted by applying it to systematic reviews in several disease areas to assess its relevance, comprehensiveness, and comprehensibility, along with usability and user satisfaction. Fourth, a consensus meeting will be held to finalize the PRISMA-COSMIN guideline through round-table discussions and voting. Last, a user manual will be developed and the final PRISMA-COSMIN guideline will be disseminated through publications, conferences, newsletters, and relevant websites. Additionally, relevant journals and organizations will be invited to endorse and implement PRISMA-COSMIN. Throughout the project, evaluations will take place to identify barriers and facilitators of involving patient/public partners and employing a virtual process. Discussion: The PRISMA-COSMIN guideline will ensure that the reports of systematic reviews of outcome measurement instruments are complete and informative, enhancing their reproducibility, ease of use, and uptake.","",10.1186/s13643-022-01994-5,COSMIN;PRISMA;Reporting guideline;Delphi study;Systematic review;Consensus;Outcome measurem...,NA,
rayyan-370826616,Steps toward more complete reporting of systematic reviews of diagnostic test accuracy: Preferred Reporting Items for Systematic Reviews and Meta-Analyses of Diagnostic Test Accuracy (PRISMA-DTA),2019,7,1,SYSTEMATIC REVIEWS,,8,,,"McGrath, Trevor A. and Moher, David and McInnes, Matthew D. F.",,English,BMC,"CAMPUS, 4 CRINAN ST, LONDON N1 9XW, ENGLAND","Reporting standards in biomedical research have been shown to be suboptimal. The publication of the PRISMA statement has improved the completeness of reporting of systematic reviews, but several issues specific to diagnostic test accuracy are not included in the PRISMA statement. Therefore, a diagnostic test accuracy extension of the PRISMA statement, PRISMA-DTA, was created. This commentary addresses completeness of reporting in systematic reviews, the PRISMA-DTA statement, and strategies for optimal uptake of reporting guidelines.","",10.1186/s13643-019-1090-9,Systematic reviews;Diagnostic test accuracy;PRISMA-DTA;Completeness of reporting,NA,
rayyan-370826630,"ROSES RepOrting standards for Systematic Evidence Syntheses: pro forma, flow-diagram and descriptive summary of the plan and conduct of environmental systematic reviews and systematic maps",2018,3,1,ENVIRONMENTAL EVIDENCE,,7,1,,"Haddaway, Neal R. and Macura, Biljana and Whaley, Paul and Pullin, Andrew S.",,English,BMC,"CAMPUS, 4 CRINAN ST, LONDON N1 9XW, ENGLAND","Reliable synthesis of the various rapidly expanding bodies of evidence is vital for the process of evidence-informed decision-making in environmental policy, practice and research. With the rise of evidence-base medicine and increasing numbers of published systematic reviews, criteria for assessing the quality of reporting have been developed. First QUOROM (Lancet 354:1896-1900, 1999) and then PRISMA (Ann Intern Med 151:264, 2009) were developed as reporting guidelines and standards to ensure medical meta-analyses and systematic reviews are reported to a high level of detail. PRISMA is now widely used by a range of journals as a pre-submission checklist. However, due to its development for systematic reviews in healthcare, PRISMA has limited applicability for reviews in conservation and environmental management. We highlight 12 key problems with the application of PRISMA to this field, including an overemphasis on meta-analysis and no consideration for other synthesis methods. We introduce ROSES (RepOrting standards for Systematic Evidence Syntheses), a pro forma and flow diagram designed specifically for systematic reviews and systematic maps in the field of conservation and environmental management. We describe how ROSES solves the problems with PRISMA. We outline the key benefits of our approach to designing ROSES, in particular the level of detail and inclusion of rich guidance statements. We also introduce the extraction of meta-data that describe key aspects of the conduct of the review. Collated together, this summary record can help to facilitate rapid review and appraisal of the conduct of a systematic review or map, potentially speeding up the peer-review process. We present the results of initial road testing of ROSES with systematic review experts, and propose a plan for future development of ROSES.","",10.1186/s13750-018-0121-7,PRISMA;Quality appraisal;CEESAT;DART;AMSTAR;QUORUM,NA,
rayyan-370826670,Interpretation of reporting guideline for dose-response meta-analysis—G-dose checklist,2017,NA,1,Chinese Journal of Evidence-Based Medicine,16722531 (ISSN),17,6,736-741,"Guo, P. and Zhou, Q. and Gu, W. and Yang, S. and Zhang, L. and Liu, Y. and Zhong, S. and Li, M. and Li, Z. and Xu, C.",https://www.scopus.com/inward/record.uri?eid=2-s2.0-85050766670&doi=10.7507%2F1672-2531.201612086&partnerID=40&md5=6be18a8fdf1223b07bee6a59ff4359ac,Chinese,West China University of Medical Science,"[""Hubei University of Medicine, Department of Hepatobiliary Surgery, Shiyan, China"", ""The First People’s Hospital of Changde City, Department of Science and Education, Changde, China"", ""Nanjing Drum Tower Hospital, Department of Anesthesiology, Nanjing, China"", ""The Central Hospital of Wuhan, Department of Oncology, Wuhan, China"", ""West China School of Medicine/West China Hospital of Sichuan University, Chengdu, Chengdu, China"", ""Lanzhou University, School of Public Health, Lanzhou, China"", ""Lanzhou University, Evidence-Based Medicine Center, Lanzhou, China"", ""Jiangsu Cancer Hospital, Nanjing, China"", ""Nanchang University, Department of Neurology, Nanchang, China"", ""Shenzhen Nanshan District People's Hospital, Shenzhen, China"", ""Hubei University of Medicine, Department of Evidence-Based Medicine Center, Shiyan, China"", ""The Sixth People’s Hospital of Yancheng City, Department of Urology, China""]","Dose-response meta-analysis (DRMA) is one of the branches of meta-analysis, which has provided important evidence for clinical research. Since introducing into China, it has gained great attention. In order to improve the reporting quality of DRMA, Dr. Chang Xu et al. developed the reporting guideline for DAMA-G-Dose Checklist. It was published in Chinese Jouranl of Evidence-based Medicine in 2016. This paper interprets the checklists so as to promote the understanding and use of it. © 2018 Elsevier B.V., All rights reserved.",Export Date: 19 September 2025; Cited By: 1,10.7507/1672-2531.201612086,Interpretation;Meta-analysis Of Dose-response;Reporting Guideline;Article;Attention;Checklist;China;Clinical Research;Dose Response;Human;Meta Analysis;article;attention;checklist;China;clinical research;dose response;human;meta analysis,NA,
rayyan-370826758,Proposed reporting guideline for dose-response meta-analysis (Chinese edition),2016,NA,1,Chinese Journal of Evidence-Based Medicine,16722531 (ISSN),16,10,1221-1226,"Xu, C. and Doi, S.A.R. and Chao, C. and Sun, X. and Chen, H. and Zhou, Q. and Yuan, R.-X. and Guo, P. and Zhang, L.-H. and Niu, Y.-M.",https://www.scopus.com/inward/record.uri?eid=2-s2.0-85048045736&doi=10.7507%2F1672-2531.20160185&partnerID=40&md5=1a0bdf7992a56cafc53861760b66b1f8,Chinese,West China University of Medical Science,"[""Zhongnan Hospital of Wuhan University, Wuhan, Wuhan, China"", ""The Australian National University, Research School of Population Health, Canberra, Australia"", ""Hubei University of Medicine, Center for Evidence-Based Medicine and Clinical Research, Shiyan, China"", ""West China School of Medicine/West China Hospital of Sichuan University, Chengdu, Chengdu, China"", ""Nanjing University of Chinese Medicine, Second Clinical College, Nanjing, China"", ""First People's Hospital of Changde City, Department of Science and Education, Changde Hunan, China"", ""Wuhan University, Department of Biostatistics and Epidemiology, Wuhan, China"", ""Hubei University of Medicine, Department of Hepatobiliary Surgery, Shiyan, China""]","Objective To develop reporting guideline for dose-response meta-analysis (DMA), so as to help Chinese authors to understand DMA better and to promote the reporting quality of DMA conducted by them. Method PubMed, EMbase, The Cochrane Library, CNKI, and WanFang Data were searched from Jan 1st 2011 to Dec 30th 2015 to collect DMA papers published by Chinese authors. The number of these publications by years, whether and what kind of reporting guideline was used, and whether the DMA method claimed in these publications was correct were analysed. Then we drafted a checklist of items for reporting DMA, and organized a discussion meeting with experts from the fields of DMA, evidence-based medicine, clinical epidemiology, and clinicians to collect suggestions for revising the draft reporting guideline for DMA. Results Only 33.73% of the publications clarified it is a DMA on the title and 48.02% of them reported risk of bias. Almost 38.49% of the publications didn't use any reporting guidelines. Fourteen of them claimed an incorrect use of methodology. We primarily took account for 47 potential items related to DMA based on our literature analysis results and existing reporting guidelines for other types of meta-analyses. After the discussion meeting with 6 experts, we revised the items, and finally the G-Dose checklist with 43 items for reporting DMA was developed. Conclusion There is a lack of attention on reporting guidelines in Chinese authors and evidence suggests these authors may be at risk of incomplete understanding on reporting guidelines. It is strongly recommended to use reporting guidelines for DMA and other types of meta-analyses in Chinese authors. © 2018 Elsevier B.V., All rights reserved.",Export Date: 19 September 2025; Cited By: 8,10.7507/1672-2531.20160185,Cross-sectional Analysis;Dose-response Meta-analysis;Reporting Guideline;Article;Attention;Checklist;Clinician;Cochrane Library;Cross-sectional Study;Dose Response;Embase;Human;Medline;Meta Analysis;Publication;Wanfang Database;article;attention;checklist;clinician;Cochrane Library;cross-sectional study;dose response;Embase;human;Medline;meta analysis;publication;WanFang Database,NA,
rayyan-370826817,French translation of the ENTREQ Reporting Guidelines for writing and reading synthesis of Qualitative research,2015,NA,1,Kinesitherapie,17790123 (ISSN); 22131566 (ISSN),15,157,55-58,"Gedda, M.",https://www.scopus.com/inward/record.uri?eid=2-s2.0-85032938291&doi=10.1016%2Fj.kine.2014.11.007&partnerID=40&md5=4197f4db60f436ae73de3ff90d36de7a,French,Elsevier Masson s.r.l.,"Université d'Artois, Unité de recherche pluridisciplinaire Sport, Arras, France","This article presents guidelines ENTREQ as a summary sheet.ENTREQ is provided for reporting synthesis of qualitative research.An original French translation of the checklist is proposed.This translation is open access under a Creative Commons Attribution - NonCommercial - No Derivatives 4.0 International License. © 2025 Elsevier B.V., All rights reserved.",Export Date: 19 September 2025; Cited By: 6,10.1016/j.kine.2014.11.007,Assessment;Edition;Evidence-based Practice;Qualitative Research;Quality;Reading;Reporting;Responsibility;Standard;Transparency;Article;France;Information Processing;Practice Guideline;Qualitative Research;Reading;Writing;Checklist;Human;Human Experiment;Licence;Responsibility;Synthesis;Article;France;information processing;practice guideline;qualitative research;reading;writing;checklist;human;human experiment;licence;responsibility;synthesis,NA,
rayyan-370826819,French translation of the PRISMA Reporting Guidelines for writing and reading systematic reviews and meta-analyses,2015,NA,1,Kinesitherapie,17790123 (ISSN); 22131566 (ISSN),15,157,39-44,"Gedda, M.",https://www.scopus.com/inward/record.uri?eid=2-s2.0-85032881031&doi=10.1016%2Fj.kine.2014.11.004&partnerID=40&md5=e576f62e71518d786a924e3082f219c9,English,Elsevier Masson SAS 62 rue Camille Desmoulins Issy les Moulineaux Cedex 92442,"Université d'Artois, Laboratoire ER3S (Atelier SHERPAS), Arras, France","This article presents guidelines PRISMA as a summary sheet. PRISMA is provided for reporting systematic reviews and meta-analyses. An original French translation of the checklist and his flow diagram is proposed. This translation is open access under a Creative Commons Attribution-NonCommercial-NoDerivatives 4.0 International License. Level of evidence not applicable. © 2017 Elsevier B.V., All rights reserved.",Export Date: 19 September 2025; Cited By: 25,10.1016/j.kine.2014.11.004,Assessment;Edition;Evidence-based Practice;Meta-analysis;Quality;Reading;Reporting;Research;Responsibility;Standard;Systematic Review;Transparency;Checklist;Human;Licence;Male;Practice Guideline;Responsibility;Systematic Review;Writing;checklist;human;licence;male;practice guideline;responsibility;systematic review;writing,NA,
rayyan-370826903,PRISMA (Preferred Reporting Items for Systematic Reviews and Meta-Analyses),2014,NA,1,,9781118715598 (ISBN); 9781118861271 (ISBN),,,250-261,"Moher, D. and Altman, D.G. and Tetzlaff, J.",https://www.scopus.com/inward/record.uri?eid=2-s2.0-85178329658&partnerID=40&md5=9f5d0e12fab5decab7d997e7451124e9,English,Wiley Blackwell,"[""Ottawa Hospital Research Institute, Ottawa, Canada"", ""University of Oxford Medical Sciences Division, Oxford, United Kingdom"", ""Ottawa Hospital Research Institute, Ottawa, Canada""]","The Preferred Reporting Items for Systematic reviews and Meta-Analyses (PRISMA) statement is a guidance for authors reporting a systematic review and/or meta-analysis of randomized trials and other types of research designs evaluating a healthcare intervention, such as a drug, device, operative procedure, or psychological counseling. PRISMA can be used by peer reviewers and editors reviewing a submission of a systematic review and/or meta-analysis. PRISMA can also be used by readers wanting to gauge the validity of the results of systematic reviews and meta-analyses. The PRISMA statement represents an extensive update and expansion of the QUality Of Reporting Of Meta-analyses (QUOROM) statement, a guideline primarily for reporting meta-analyses of randomized trials. This chapter discusses history/development of PRISMA, when to use this guideline, current version and extensions and/or implementations of the PRISMA. It focuses on how best to use the guideline, cautions and limitations of PRISMA, and protocols of systematic reviews. © 2023 Elsevier B.V., All rights reserved.",Export Date: 19 September 2025; Cited By: 10,,Prisma;Quality Of Reporting Of Meta-analyses (quorom);Randomized Trials,NA,
rayyan-370826971,Reporting guidelines and the American Journal of Public Health 's adoption of Preferred Reporting Items for Systematic reviews and Meta-Analyses,2012,NA,1,American Journal of Public Health,15410048 (ISSN); 00900036 (ISSN),102,5,780-784,"McLeroy, K.R. and Northridge, M.E. and Balcázar, H. and Greenberg, M.R. and Landers, S.J.",https://www.scopus.com/inward/record.uri?eid=2-s2.0-84861944891&doi=10.2105%2FAJPH.2011.300630&partnerID=40&md5=c3463cef4e661d80aee12af7c2d9599f,English,,"[""Texas A&M University, College Station, United States"", ""NYU College of Dentistry, Department of Epidemiology and Health Promotion, New York, United States"", ""UTHealth Houston School of Public Health, Houston, United States"", ""Edward J. Bloustein School of Planning and Public Policy, New Brunswick, United States"", ""John Snow, Inc., Arlington, United States""]","Widespread recognition of the need to improve the science of published research, as well as the moral and ethical reasons for adequately reporting study results, has spurred recent interest in strengthening journal research reporting through the use of reporting guidelines. Reporting guidelines also provide information for readers to judge study quality. American Journal of Public Health previously adopted the Consolidated Standards of Reporting Trials and Transparent Reporting of Evaluations With Nonrandomized Designs guidelines and recently endorsed the Preferred Reporting Items for Systematic reviews and Meta-Analyses guidelines. In adopting these guidelines, the journal aims to support authors, reviewers, and editors in reporting and evaluating systematic reviews of public health policy and practice priorities. © 2012 Elsevier B.V., All rights reserved.",Export Date: 19 September 2025; Cited By: 43; CODEN: AJPEA,10.2105/AJPH.2011.300630,Article;Evidence Based Medicine;Human;Literature;Meta Analysis (topic);Practice Guideline;Public Health;Publication;Research;Standard;Evidence-based Medicine;Guidelines As Topic;Humans;Meta-analysis As Topic;Periodicals As Topic;Public Health;Research;Review Literature As Topic;article;evidence based medicine;human;literature;meta analysis (topic);practice guideline;public health;publication;research;standard;Evidence-Based Medicine;Guidelines as Topic;Humans;Meta-Analysis as Topic;Periodicals as Topic;Public Health;Research;Review Literature as Topic,NA,
rayyan-370827064,Erratum: Preferred reporting items of systematic review and meta-analyses: The PRISMA statement,2011,NA,1,Deutsche Medizinische Wochenschrift,00120472 (ISSN); 14394413 (ISSN),136,15,e25,"Moher, D. and Liberati, A. and Tetzlaff, J. and Altman, D.G.",https://www.scopus.com/inward/record.uri?eid=2-s2.0-79954470226&doi=10.1055%2Fs-0031-1272982&partnerID=40&md5=66cd3d964e3558a9f0a29b39428c48e8,German,,"[""Ottawa Hospital Research Institute, Ottawa Methods Centre, Ottawa, Canada"", ""University of Ottawa, Department of Epidemiology and Community Medicine, Ottawa, Canada"", ""Università degli Studi di Modena e Reggio Emilia, Modena, Italy"", ""Istituto di Ricerche Farmacologiche Mario Negri, Centro Cochrane Italiano, Milan, Italy"", ""University of Oxford Medical Sciences Division, Oxford, United Kingdom""]",,Export Date: 19 September 2025; Cited By: 26; CODEN: DMWOA,10.1055/s-0031-1272982,Erratum;Error;erratum;error,NA,
rayyan-370827121,Improving the reporting quality of reliability generalization meta-analyses: The REGEMA checklist,2021,7,1,RESEARCH SYNTHESIS METHODS,1759-2879,12,4,516-536,"Sanchez-Meca, Julio and Marin-Martinez, Fulgencio and Antonio Lopez-Lopez, Jose and Maria Nunez-Nunez, Rosa and Rubio-Aparicio, Maria and Jose Lopez-Garcia, Juan and Lopez-Pina, Jose Antonio and Blazquez-Rincon, Desiree Ma and Lopez-Ibanez, Carmen and Lopez-Nicolas, Ruben",,English,CAMBRIDGE UNIV PRESS,"EDINBURGH BLDG, SHAFTESBURY RD, CB2 8RU CAMBRIDGE, ENGLAND","Reliability generalization (RG) is a meta-analytic approach that aims to characterize how reliability estimates from the same test vary across different applications of the instrument. With this purpose RG meta-analyses typically focus on a particular test and intend to obtain an overall reliability of test scores and to investigate how the composition and variability of the samples affect reliability. Although several guidelines have been proposed in the meta-analytic literature to help authors improve the reporting quality of meta-analyses, none of them were devised for RG meta-analyses. The purpose of this investigation was to develop REGEMA (REliability GEneralization Meta-Analysis), a 30-item checklist (plus a flow chart) adapted to the specific issues that the reporting of an RG meta-analysis must take into account. Based on previous checklists and guidelines proposed in the meta-analytic arena, a first version was elaborated by applying the nominal group methodology. The resulting instrument was submitted to a list of independent meta-analysis experts and, after discussion, the final version of the REGEMA checklist was reached. In a pilot study, four pairs of coders applied REGEMA to a random sample of 40 RG meta-analyses in Psychology, and results showed satisfactory inter-coder reliability. REGEMA can be used by: (a) meta-analysts conducting or reporting an RG meta-analysis and aiming to improve its reporting quality; (b) consumers of RG meta-analyses who want to make informed critical appraisals of their reporting quality, and (c) reviewers and editors of journals who are considering submissions where an RG meta-analysis was reported for potential publication.","",10.1002/jrsm.1487,meta-analysis;reliability coefficient;reliability generalization;reporting quality;systematic...,NA,
rayyan-370827140,An algorithm provided as initial guidance for reporting registry records and published protocols in systematic reviews,2020,12,1,JOURNAL OF CLINICAL EPIDEMIOLOGY,0895-4356,128,,130-139,"Bidonde, Julia and Meneses-Echavez, Jose F. and Busch, Angela J. and Boden, Catherine",,English,ELSEVIER SCIENCE INC,"STE 800, 230 PARK AVE, NEW YORK, NY 10169 USA","Objective: We aim to synthesize the available guidance with existing practices by Cochrane reviewers to generate an algorithm as a starting point in assisting reviewers reporting of registry records and published protocols (TRRs/PPs) use in systematic reviews of interventions. Study Design: We used existing guidance from major review bodies, assessed the current reporting of TRRs/PPs use in a sample of Cochrane reviews, and engaged in critical analysis. Independent reviewers identified and extracted textual excerpts reporting the use of trial registry records and published protocols and codes following a systematic review framework. Based on these elements, and our initial research, we created an algorithm/graphical aid to visualize initial direction. Results: We included 166 Cochrane systematic reviews published between August 2015 and 2016 from 48 review groups. Review authors' terminology (e.g., ongoing, terminated) varied between and within reviews. Reporting practices were diverse and inconsistent. Conclusions: This is a timely investigation in an era where evidence synthesis informs health and health care decisions. Our proposed algorithm provides initial direction to systematize the reporting of TRR/PP use. We hope that the algorithm generates further discussion to enhance the transparency of TRR/PP reporting and methodological research into the complexities of using protocols in systematic reviews of interventions. (C) 2020 The Author(s). Published by Elsevier Inc.","",10.1016/j.jclinepi.2020.09.025,Systematic reviews as topic;Clinical trials;Randomized controlled trial;Trial registry records...,NA,
rayyan-370827202,Reprint-Preferred Reporting items for systematic reviews and meta-analyses: The PRISMA statement,2009,NA,1,Physical Therapy,15386724 (ISSN); 00319023 (ISSN),89,9,873-880,"Moher, D. and Liberati, A. and Tetzlaff, J. and Altman, D.G.",https://www.scopus.com/inward/record.uri?eid=2-s2.0-79953769654&doi=10.1093%2Fptj%2F89.9.873&partnerID=40&md5=72c85300319594ef7d2f7fd944ace4d0,English,American Physical Therapy Association,"[""Ottawa Hospital Research Institute, Critical Care Wing (Eye Institute), Ottawa, Canada"", ""Istituto di Ricerche Farmacologiche Mario Negri, Universitàdi Modena e Reggio Emilia and Centro Cochrane Italiano, Milan, Italy"", ""University of Oxford Medical Sciences Division, Oxford, United Kingdom""]",,Export Date: 19 September 2025; Cited By: 2073; CODEN: PTHEA,10.1093/ptj/89.9.873,Article;Evidence Based Practice;Human;Literature;Meta Analysis (topic);Nomenclature;Publication;Publishing;Quality Control;Standard;Evidence-based Practice;Humans;Meta-analysis As Topic;Periodicals As Topic;Publication Bias;Publishing;Quality Control;Review Literature As Topic;Terminology As Topic;article;evidence based practice;human;literature;meta analysis (topic);nomenclature;publication;publishing;quality control;standard;Evidence-Based Practice;Humans;Meta-Analysis as Topic;Periodicals as Topic;Publication Bias;Publishing;Quality Control;Review Literature as Topic;Terminology as Topic,NA,
rayyan-370827298,Transparent reporting of multivariable prediction models for individual prognosis or diagnosis: checklist for systematic reviews and meta-analyses (TRIPOD-SRMA),2023,5,1,BMJ-BRITISH MEDICAL JOURNAL,0959-535X,381,,,"Snell, Kym I. E. and Levis, Brooke and Damen, Johanna A. A. and Dhiman, Paula and Debray, Thomas P. A. and Hooft, Lotty and Reitsma, Johannes B. and Moons, Karel G. M. and Collins, Gary S. and Riley, Richard",,English,BMJ PUBLISHING GROUP,"BRITISH MED ASSOC HOUSE, TAVISTOCK SQUARE, LONDON WC1H 9JR, ENGLAND","Most clinical specialties have a plethora of studies that develop or validate one or more prediction models, for example, to inform diagnosis or prognosis. Having many prediction model studies in a particular clinical field motivates the need for systematic reviews and meta-analyses, to evaluate and summarise the overall evidence available from prediction model studies, in particular about the predictive performance of existing models. Such reviews are fast emerging, and should be reported completely, transparently, and accurately. To help ensure this type of reporting, this article describes a new reporting guideline for systematic reviews and meta-analyses of prediction model research.","",10.1136/bmj-2022-073538,"",NA,
rayyan-370827317,Guidelines for Reporting Systematic Reviews and Meta-analyses,2018,5,1,ANALES DE PSICOLOGIA,0212-9728,34,2,412-420,"Rubio-Aparicio, Maria and Sanchez-Meca, Julio and Marin-Martinez, Fulgencio and Lopez-Lopez, Jose Antonio",,Spanish,UNIV MURCIA,"Edificio Pleiades Campus de Espinardo, Murcia, 30071, SPAIN","Meta-analysis is an essential methodology that allows researchers to synthesize the scientific evidence available on a given research question. Due to its wide applicability in most applied research fields, it is really important that meta-analyses be written and reported appropriately. In this paper we propose some guidelines to report the results of a meta-analysis in a scientific journal as Annals of Psychology. Concretely, the structure for reporting a meta-analysis following its different stages is detailed. In addition, some recommendations related to the usual tasks when conducting a meta-analysis are provided. A recent meta-analysis focused on the psychological field is used to illustrate the guidelines proposed. Finally, some concluding remarks are presented.","",10.6018/analesps.34.2.320131,Meta-analysis;research synthesis;effect size;research quality,NA,
rayyan-370827404,"Protocol for the development of a reporting guideline for umbrella reviews on epidemiological associations using cross-sectional, case-control and cohort studies: the Preferred Reporting Items for Umbrella Reviews of Cross-sectional, Case-control and Cohort studies (PRIUR-CCC)",2024,6,1,BMJ OPEN,2044-6055,14,6,,"Solmi, Marco and Cobey, Kelly and Moher, David and Ebrahimzadeh, Sanam and Dragioti, Elena and Shin, Jae Il and Radua, Joaquim and Cortese, Samuele and Shea, Beverley and Veronese, Nicola and Hartling, Lisa and Pollock, Michelle and Egger, Matthias and Papatheodorou, Stefania and Ioannidis, John P. and Carvalho, Andre F.",,English,BMJ PUBLISHING GROUP,"BRITISH MED ASSOC HOUSE, TAVISTOCK SQUARE, LONDON WC1H 9JR, ENGLAND","Introduction Observational studies are fraught with several biases including reverse causation and residual confounding. Overview of reviews of observational studies (ie, umbrella reviews) synthesise systematic reviews with or without meta-analyses of cross-sectional, case-control and cohort studies, and may also aid in the grading of the credibility of reported associations. The number of published umbrella reviews has been increasing. Recently, a reporting guideline for overviews of reviews of healthcare interventions (Preferred Reporting Items for Overviews of Reviews (PRIOR)) was published, but the field lacks reporting guidelines for umbrella reviews of observational studies. Our aim is to develop a reporting guideline for umbrella reviews on cross-sectional, case-control and cohort studies assessing epidemiological associations. Methods and analysis We will adhere to established guidance and prepare a PRIOR extension for systematic reviews of cross-sectional, case-control and cohort studies testing epidemiological associations between an exposure and an outcome, namely Preferred Reporting Items for Umbrella Reviews of Cross-sectional, Case-control and Cohort studies (PRIUR-CCC). Step 1 will be the project launch to identify stakeholders. Step 2 will be a literature review of available guidance to conduct umbrella reviews. Step 3 will be an online Delphi study sampling 100 participants among authors and editors of umbrella reviews. Step 4 will encompass the finalisation of PRIUR-CCC statement, including a checklist, a flow diagram, explanation and elaboration document. Deliverables will be (i) identifying stakeholders to involve according to relevant expertise and end-user groups, with an equity, diversity and inclusion lens; (ii) completing a narrative review of methodological guidance on how to conduct umbrella reviews, a narrative review of methodology and reporting in published umbrella reviews and preparing an initial PRIUR-CCC checklist for Delphi study round 1; (iii) preparing a PRIUR-CCC checklist with guidance after Delphi study; (iv) publishing and disseminating PRIUR-CCC statement. Ethics and dissemination PRIUR-CCC has been approved by The Ottawa Health Science Network Research Ethics Board and has obtained consent (20220639-01H). Participants to step 3 will give informed consent. PRIUR-CCC steps will be published in a peer-reviewed journal and will guide reporting of umbrella reviews on epidemiological associations.","",10.1136/bmjopen-2022-071136,protocols \& guidelines;statistics \& research methods;epidemiologic studies,NA,
rayyan-370827682,Best Practice Guidelines and Essential Methodological Steps to Conduct Rigorous and Systematic Meta-Reviews,2019,11,1,APPLIED PSYCHOLOGY-HEALTH AND WELL BEING,1758-0846,11,3,353-381,"Hennessy, Emily A. and Johnson, Blair T. and Keenan, Ciara",,English,WILEY,"111 RIVER ST, HOBOKEN 07030-5774, NJ USA","Background A growing body of primary study and systematic review literature evaluates interventions and phenomena in applied and health psychology. Reviews of reviews (i.e., meta-reviews) systematically synthesise and utilise this vast and often overwhelming literature; yet, currently there are few practical guidelines for meta-review authors to follow. Objective The aim of this article is to provide an overview of the best practice guidelines for all research synthesis and to detail additional specific considerations and methodological details for the best practice of conducting a rigorous meta-review. Methods This article provides readers with six systematic and practical steps along with accompanying examples to address with rigor the unique challenges that arise when authors familiar with systematic review methods begin a meta-review: (a) detailing a clear scope, (b) identifying synthesis literature through strategic searches, (c) considering datedness of the literature, (d) addressing overlap among included reviews, (e) choosing and applying review quality tools, and (f) appropriate options for handling the synthesis and reporting of the vast amount of data collected in a meta-review. Conclusions We have curated best practice recommendations and practical tips for conducting a meta-review. We anticipate that assessments of meta-review quality will ultimately formalise best-method guidelines.","",10.1111/aphw.12169,best-practice guidelines;meta-review;methods;research synthesis,NA,
rayyan-370827718,Improving Conduct and Reporting of Narrative Synthesis of Quantitative Data (ICONS-Quant): protocol for a mixed methods study to develop a reporting guideline,2018,5,1,BMJ OPEN,2044-6055,8,2,,"Campbell, Mhairi and Katikireddi, Srinivasa Vittal and Sowden, Amanda and McKenzie, Joanne E. and Thomson, Hilary",,English,BMJ PUBLISHING GROUP,"BRITISH MED ASSOC HOUSE, TAVISTOCK SQUARE, LONDON WC1H 9JR, ENGLAND","Introduction Reliable evidence syntheses, based on rigorous systematic reviews, provide essential support for evidence-informed clinical practice and health policy. Systematic reviews should use reproducible and transparent methods to draw conclusions from the available body of evidence. Narrative synthesis of quantitative data (NS) is a method commonly used in systematic reviews where it may not be appropriate, or possible, to meta-analyse estimates of intervention effects. A common criticism of NS is that it is opaque and subject to author interpretation, casting doubt on the trustworthiness of a review's conclusions. Despite published guidance funded by the UK's Economic and Social Research Council on the conduct of NS, recent work suggests that this guidance is rarely used and many review authors appear to be unclear about best practice. To improve the way that NS is conducted and reported, we are developing a reporting guideline for NS of quantitative data. Methods We will assess how NS is implemented and reported in Cochrane systematic reviews and the findings will inform the creation of a Delphi consensus exercise by an expert panel. We will use this Delphi survey to develop a checklist for reporting standards for NS. This will be accompanied by supplementary guidance on the conduct and reporting of NS, as well as an online training resource. Ethics and dissemination Ethical approval for the Delphi survey was obtained from the University of Glasgow in December 2017 (reference 400170060). Dissemination of the results of this study will be through peer-reviewed publications, and national and international conferences.","",10.1136/bmjopen-2017-020064,"",NA,
rayyan-370827756,Enhancing transparency in reporting the synthesis of qualitative research: ENTREQ,2012,11,1,BMC MEDICAL RESEARCH METHODOLOGY,,12,,,"Tong, Allison and Flemming, Kate and McInnes, Elizabeth and Oliver, Sandy and Craig, Jonathan",,English,BMC,"CAMPUS, 4 CRINAN ST, LONDON N1 9XW, ENGLAND","Background: The syntheses of multiple qualitative studies can pull together data across different contexts, generate new theoretical or conceptual models, identify research gaps, and provide evidence for the development, implementation and evaluation of health interventions. This study aims to develop a framework for reporting the synthesis of qualitative health research. Methods: We conducted a comprehensive search for guidance and reviews relevant to the synthesis of qualitative research, methodology papers, and published syntheses of qualitative health research in MEDLINE, Embase, CINAHL and relevant organisational websites to May 2011. Initial items were generated inductively from guides to synthesizing qualitative health research. The preliminary checklist was piloted against forty published syntheses of qualitative research, purposively selected to capture a range of year of publication, methods and methodologies, and health topics. We removed items that were duplicated, impractical to assess, and rephrased items for clarity. Results: The Enhancing transparency in reporting the synthesis of qualitative research (ENTREQ) statement consists of 21 items grouped into five main domains: introduction, methods and methodology, literature search and selection, appraisal, and synthesis of findings. Conclusions: The ENTREQ statement can help researchers to report the stages most commonly associated with the synthesis of qualitative health research: searching and selecting qualitative research, quality appraisal, and methods for synthesising qualitative findings. The synthesis of qualitative research is an expanding and evolving methodological area and we would value feedback from all stakeholders for the continued development and extension of the ENTREQ statement.","",10.1186/1471-2288-12-181,Thematic synthesis;Standards;Qualitative health research;Reporting,NA,
rayyan-370827857,RAMESES publication standards: meta-narrative reviews,2013,5,1,JOURNAL OF ADVANCED NURSING,0309-2402,69,5,987-1004,"Wong, Geoff and Greenhalgh, Trish and Westhorp, Gill and Buckingham, Jeanette and Pawson, Ray",,English,WILEY,"111 RIVER ST, HOBOKEN 07030-5774, NJ USA","Background Meta-narrative review is one of an emerging menu of new approaches to qualitative and mixed-method systematic review. A meta-narrative review seeks to illuminate a heterogeneous topic area by highlighting the contrasting and complementary ways researchers have studied the same or a similar topic. No previous publication standards exist for the reporting of meta-narrative reviews. This publication standard was developed as part of the RAMESES (Realist And MEta-narrative Evidence Syntheses: Evolving Standards) project. The project's aim is to produce preliminary publication standards for meta-narrative reviews. Design A mixed method study synthesising data between 2011 to 2012 from a literature review, online Delphi panel and feedback from training, workshops and email list. Methods We: (a) collated and summarized existing literature on the principles of good practice in meta-narrative reviews; (b) considered the extent to which these principles had been followed by published reviews, thereby identifying how rigor may be lost and how existing methods could be improved; (c) used a three-round online Delphi method with an interdisciplinary panel of national and international experts in evidence synthesis, meta-narrative reviews, policy, and/or publishing to produce and iteratively refine a draft set of methodological steps, and publication standards; (d) provided real-time support to ongoing meta-narrative reviews and the open-access RAMESES online discussion list so as to capture problems and questions as they arose; and (e) synthesized expert input, evidence review, and real-time problem analysis into a definitive set of standards. Results We identified nine published meta-narrative reviews, provided real-time support to four ongoing reviews, and captured questions raised in the RAMESES discussion list. Through analysis and discussion within the project team, we summarized the published literature, and common questions and challenges into briefing materials for the Delphi panel, comprising 33 members. Within three rounds this panel had reached consensus on 20 key publication standards, with an overall response rate of 90\%. Conclusions This project used multiple sources to draw together evidence and expertise in meta-narrative reviews. For each item we have included an explanation for why it is important and guidance on how it might be reported. Meta-narrative review is a relatively new method for evidence synthesis and as experience and methodological developments occur, we anticipate that these standards will evolve to reflect further theoretical and methodological developments. We hope that these standards will act as a resource that will contribute to improving the reporting of meta-narrative reviews.","",10.1111/jan.12092,meta-narrative review;meta-narrative synthesis;publication standards,NA,
rayyan-370827858,RAMESES publication standards: realist syntheses,2013,5,1,JOURNAL OF ADVANCED NURSING,0309-2402,69,5,1005-1022,"Wong, Geoff and Greenhalgh, Trish and Westhorp, Gill and Buckingham, Jeanette and Pawson, Ray",,English,WILEY,"111 RIVER ST, HOBOKEN 07030-5774, NJ USA","Background There is growing interest in realist synthesis as an alternative systematic review method. This approach offers the potential to expand the knowledge base in policy-relevant areas for example, by explaining the success, failure or mixed fortunes of complex interventions. No previous publication standards exist for reporting realist syntheses. This standard was developed as part of the RAMESES (Realist And MEta-narrative Evidence Syntheses: Evolving Standards) project. The project's aim is to produce preliminary publication standards for realist systematic reviews. Design A mixed method study synthesising data between 20112012 from a literature review, online Delphi panel and feedback from training, workshops and email list. Methods We: (a) collated and summarized existing literature on the principles of good practice in realist syntheses; (b) considered the extent to which these principles had been followed by published syntheses, thereby identifying how rigour may be lost and how existing methods could be improved; (c) used a three-round online Delphi method with an interdisciplinary panel of national and international experts in evidence synthesis, realist research, policy and/or publishing to produce and iteratively refine a draft set of methodological steps and publication standards; (d) provided real-time support to ongoing realist syntheses and the open-access RAMESES online discussion list to capture problems and questions as they arose; and (e) synthesized expert input, evidence syntheses and real-time problem analysis into a definitive set of standards. Results We identified 35 published realist syntheses, provided real-time support to 9 ongoing syntheses and captured questions raised in the RAMESES discussion list. Through analysis and discussion within the project team, we summarized the published literature and common questions and challenges into briefing materials for the Delphi panel, comprising 37 members. Within 3 rounds this panel had reached consensus on 19 key publication standards, with an overall response rate of 91\%. Conclusions This project used multiple sources to develop and draw together evidence and expertise in realist synthesis. For each item we have included an explanation for why it is important and guidance on how it might be reported. Realist synthesis is a relatively new method for evidence synthesis and as experience and methodological developments occur, we anticipate that these standards will evolve to reflect further methodological developments. We hope that these standards will act as a resource that will contribute to improving the reporting of realist syntheses.","",10.1111/jan.12095,publication standards;realist review;realist synthesis,NA,
rayyan-370828009,Standards of conduct and reporting in evidence syntheses that could inform environmental policy and management decisions,2022,4,1,ENVIRONMENTAL EVIDENCE,,11,1,,"Pullin, Andrew S. and Cheng, Samantha H. and Jackson, Josephine D'Urban and Eales, Jacqualyn and Envall, Ida and Fada, Salamatu J. and Frampton, Geoff K. and Harper, Meagan and Kadykalo, Andrew N. and Kohl, Christian and Konno, Ko and Livoreil, Barbara and Ouedraogo, Dakis-Yaoba and O'Leary, Bethan C. and Pullin, George and Randall, Nicola and Rees, Rebecca and Smith, Adrienne and Sordello, Romain and Sterling, Eleanor J. and Twardek, Will M. and Woodcock, Paul",,English,BMC,"CAMPUS, 4 CRINAN ST, LONDON N1 9XW, ENGLAND","Accurate, unbiased and concise synthesis of available evidence following clear methodology and transparent reporting is necessary to support effective environmental policy and management decisions. Without this, less reliable and/or less objective reviews of evidence could inform decision making, leading to ineffective, resource wasteful interventions with potential for unintended consequences. We evaluated the reliability of over 1000 evidence syntheses (reviews and overviews) published between 2018 and 2020 that provide evidence on the impacts of human activities or effectiveness of interventions relevant to environmental management. The syntheses are drawn from the Collaboration for Environmental Evidence Database of Evidence Reviews (CEEDER), an online, freely available evidence service for evidence users that assesses the reliability of evidence syntheses using a series of published criteria. We found that the majority of syntheses have problems with transparency, replicability and potential for bias. Overall, our results suggest that most recently published evidence syntheses are of low reliability to inform decision making. Reviews that followed guidance and reporting standards for evidence synthesis had improved assessment ratings, but there remains substantial variation in the standard of reviews amongst even these. Furthermore, the term `systematic review', which implies conformity with a methodological standard, was frequently misused. A major objective of the CEEDER project is to improve the reliability of the global body of environmental evidence reviews. To this end we outline freely available online resources to help improve review conduct and reporting. We call on authors, editors and peer reviewers to use these resources to ensure more reliable syntheses in the future.","",10.1186/s13750-022-00269-9,CEEDER;CEESAT;Evidence synthesis;Evidence-informed decision making;Review reliability;Enviro...,NA,
rayyan-370828055,Best practice guidance and reporting items for the development of scoping review protocols.,2022,4,1,JBI evidence synthesis,2689-8381 (Electronic),20,4,953-968,Peters MDJ and Godfrey C and McInerney P and Khalil H and Larsen P and Marnie C and Pollock D and Tricco AC and Munn Z,https://pubmed.ncbi.nlm.nih.gov/35102103/,eng,,United States,"OBJECTIVE: The purpose of this article is to clearly describe how to develop a robust and detailed scoping review protocol, which is the first stage of the scoping review process. This paper provides detailed guidance and a checklist for prospective authors to ensure that their protocols adequately inform both the conduct of the ensuing review and their readership. INTRODUCTION: Scoping reviews are a common approach to evidence synthesis for researchers, clinicians, and policymakers across a variety of fields. Scoping reviews are not concerned with making analytical comparisons based on pooling results data from multiple primary sources of evidence, but rather on collating and describing the evidence and presenting the summation in a clearly illustrated format. Methods for undertaking and reporting scoping reviews continue to be refined. Some prospective reviewers may be uncertain how to plan, structure, and report scoping review protocols, as there is little or no specific guidance for scoping review protocols yet available. METHODS: This guidance was developed by members of the JBI Scoping Review Methodology Group based on previous experience and expertise in developing scoping review and evidence synthesis methodologies, protocols, and reviews, as well as through experiences working with and guiding authors to develop scoping review protocols. Elements of a comprehensive scoping review protocol are outlined and explained in detail. CONCLUSION: Knowledge users of evidence syntheses rely on clear and transparent reporting to understand and use the results of published work to drive evidence-based improvements within health care and beyond. It is hoped that readers will be able to use this guidance when developing protocols to assist them in planning future scoping reviews and to carry them out with a high degree of transparency.","",10.11124/JBIES-21-00242,Humans;Knowledge;Prospective Studies;*Publications;*Research Personnel;Scoping Reviews As Topic,35102103,
rayyan-370828058,"Summarizing systematic reviews: methodological development, conduct and reporting of an umbrella review approach.",2015,9,1,International journal of evidence-based healthcare,1744-1609 (Electronic),13,3,132-40,Aromataris E and Fernandez R and Godfrey CM and Holly C and Khalil H and Tungpunkom P,https://pubmed.ncbi.nlm.nih.gov/26360830/,eng,,Australia,"AIMS: With the increase in the number of systematic reviews available, a logical next step to provide decision makers in healthcare with the evidence they require has been the conduct of reviews of existing systematic reviews. Syntheses of existing systematic reviews are referred to by many different names, one of which is an umbrella review. An umbrella review allows the findings of reviews relevant to a review question to be compared and contrasted. An umbrella review's most characteristic feature is that this type of evidence synthesis only considers for inclusion the highest level of evidence, namely other systematic reviews and meta-analyses. A methodology working group was formed by the Joanna Briggs Institute to develop methodological guidance for the conduct of an umbrella review, including diverse types of evidence, both quantitative and qualitative. The aim of this study is to describe the development and guidance for the conduct of an umbrella review. METHODS: Discussion and testing of the elements of methods for the conduct of an umbrella review were held over a 6-month period by members of a methodology working group. The working group comprised six participants who corresponded via teleconference, e-mail and face-to-face meeting during this development period. In October 2013, the methodology was presented in a workshop at the Joanna Briggs Institute Convention. Workshop participants, review authors and methodologists provided further testing, critique and feedback on the proposed methodology. RESULTS: This study describes the methodology and methods developed for the conduct of an umbrella review that includes published systematic reviews and meta-analyses as the analytical unit of the review. Details are provided regarding the essential elements of an umbrella review, including presentation of the review question in a Population, Intervention, Comparator, Outcome format, nuances of the inclusion criteria and search strategy. A critical appraisal tool with 10 questions to help assess risk of bias in systematic reviews and meta-analyses was also developed and tested. Relevant details to extract from included reviews and how to best present the findings of both quantitative and qualitative systematic reviews in a reader friendly format are provided. CONCLUSIONS: Umbrella reviews provide a ready means for decision makers in healthcare to gain a clear understanding of a broad topic area. The umbrella review methodology described here is the first to consider reviews that report other than quantitative evidence derived from randomized controlled trials. The methodology includes an easy to use and informative summary of evidence table to readily provide decision makers with the available, highest level of evidence relevant to the question posed.","",10.1097/XEB.0000000000000055,Bias;Empirical Research;Evidence-Based Medicine/*organization & administration/standards;Guidelines as Topic;Humans;*Meta-Analysis as Topic;Research Design/*standards;*Review Literature as Topic;*Systematic Reviews as Topic,26360830,
rayyan-370828059,Preferred reporting items for systematic review and meta-analysis protocols (PRISMA-P) 2015: elaboration and explanation.,2015,1,2,BMJ (Clinical research ed.),1756-1833 (Electronic),350,,g7647,Shamseer L and Moher D and Clarke M and Ghersi D and Liberati A and Petticrew M and Shekelle P and Stewart LA,https://pubmed.ncbi.nlm.nih.gov/25555855/,eng,,England,"Protocols of systematic reviews and meta-analyses allow for planning and documentation of review methods, act as a guard against arbitrary decision making during review conduct, enable readers to assess for the presence of selective reporting against completed reviews, and, when made publicly available, reduce duplication of efforts and potentially prompt collaboration. Evidence documenting the existence of selective reporting and excessive duplication of reviews on the same or similar topics is accumulating and many calls have been made in support of the documentation and public availability of review protocols. Several efforts have emerged in recent years to rectify these problems, including development of an international register for prospective reviews (PROSPERO) and launch of the first open access journal dedicated to the exclusive publication of systematic review products, including protocols (BioMed Central's Systematic Reviews). Furthering these efforts and building on the PRISMA (Preferred Reporting Items for Systematic Reviews and Meta-analyses) guidelines, an international group of experts has created a guideline to improve the transparency, accuracy, completeness, and frequency of documented systematic review and meta-analysis protocols--PRISMA-P (for protocols) 2015. The PRISMA-P checklist contains 17 items considered to be essential and minimum components of a systematic review or meta-analysis protocol.This PRISMA-P 2015 Explanation and Elaboration paper provides readers with a full understanding of and evidence about the necessity of each item as well as a model example from an existing published protocol. This paper should be read together with the PRISMA-P 2015 statement. Systematic review authors and assessors are strongly encouraged to make use of PRISMA-P when drafting and appraising review protocols.","",10.1136/bmj.g7647,Access to Information;Guideline Adherence;*Meta-Analysis as Topic;Publishing/organization & administration/standards;Quality Control;Research Design/*standards;Research Report/*standards;*Systematic Reviews as Topic,25555855,
rayyan-370828062,PRISMA-S: an extension to the PRISMA Statement for Reporting Literature Searches in Systematic Reviews.,2021,1,26,Systematic reviews,2046-4053 (Electronic),10,1,39,Rethlefsen ML and Kirtley S and Waffenschmidt S and Ayala AP and Moher D and Page MJ and Koffel JB,https://pubmed.ncbi.nlm.nih.gov/33499930/,eng,,England,"BACKGROUND: Literature searches underlie the foundations of systematic reviews and related review types. Yet, the literature searching component of systematic reviews and related review types is often poorly reported. Guidance for literature search reporting has been diverse, and, in many cases, does not offer enough detail to authors who need more specific information about reporting search methods and information sources in a clear, reproducible way. This document presents the PRISMA-S (Preferred Reporting Items for Systematic reviews and Meta-Analyses literature search extension) checklist, and explanation and elaboration. METHODS: The checklist was developed using a 3-stage Delphi survey process, followed by a consensus conference and public review process. RESULTS: The final checklist includes 16 reporting items, each of which is detailed with exemplar reporting and rationale. CONCLUSIONS: The intent of PRISMA-S is to complement the PRISMA Statement and its extensions by providing a checklist that could be used by interdisciplinary authors, editors, and peer reviewers to verify that each component of a search is completely reported and therefore reproducible.","",10.1186/s13643-020-01542-z,*Checklist;Consensus;Publications;*Research Report;Systematic Reviews as Topic,33499930,PMC7839230
rayyan-370828064,Preferred Reporting Items for a Systematic Review and Meta-analysis of Diagnostic Test Accuracy Studies: The PRISMA-DTA Statement.,2018,1,23,JAMA,1538-3598 (Electronic),319,4,388-396,McInnes MDF and Moher D and Thombs BD and McGrath TA and Bossuyt PM and Clifford T and Cohen JF and Deeks JJ and Gatsonis C and Hooft L and Hunt HA and Hyde CJ and Korevaar DA and Leeflang MMG and Macaskill P and Reitsma JB and Rodin R and Rutjes AWS and Salameh JP and Stevens A and Takwoingi Y and Tonelli M and Weeks L and Whiting P and Willis BH,https://pubmed.ncbi.nlm.nih.gov/29362800/,eng,,United States,"IMPORTANCE: Systematic reviews of diagnostic test accuracy synthesize data from primary diagnostic studies that have evaluated the accuracy of 1 or more index tests against a reference standard, provide estimates of test performance, allow comparisons of the accuracy of different tests, and facilitate the identification of sources of variability in test accuracy. OBJECTIVE: To develop the Preferred Reporting Items for Systematic Reviews and Meta-Analyses (PRISMA) diagnostic test accuracy guideline as a stand-alone extension of the PRISMA statement. Modifications to the PRISMA statement reflect the specific requirements for reporting of systematic reviews and meta-analyses of diagnostic test accuracy studies and the abstracts for these reviews. DESIGN: Established standards from the Enhancing the Quality and Transparency of Health Research (EQUATOR) Network were followed for the development of the guideline. The original PRISMA statement was used as a framework on which to modify and add items. A group of 24 multidisciplinary experts used a systematic review of articles on existing reporting guidelines and methods, a 3-round Delphi process, a consensus meeting, pilot testing, and iterative refinement to develop the PRISMA diagnostic test accuracy guideline. The final version of the PRISMA diagnostic test accuracy guideline checklist was approved by the group. FINDINGS: The systematic review (produced 64 items) and the Delphi process (provided feedback on 7 proposed items; 1 item was later split into 2 items) identified 71 potentially relevant items for consideration. The Delphi process reduced these to 60 items that were discussed at the consensus meeting. Following the meeting, pilot testing and iterative feedback were used to generate the 27-item PRISMA diagnostic test accuracy checklist. To reflect specific or optimal contemporary systematic review methods for diagnostic test accuracy, 8 of the 27 original PRISMA items were left unchanged, 17 were modified, 2 were added, and 2 were omitted. CONCLUSIONS AND RELEVANCE: The 27-item PRISMA diagnostic test accuracy checklist provides specific guidance for reporting of systematic reviews. The PRISMA diagnostic test accuracy guideline can facilitate the transparent reporting of reviews, and may assist in the evaluation of validity and applicability, enhance replicability of reviews, and make the results from systematic reviews of diagnostic test accuracy studies more useful.","",10.1001/jama.2017.19163,*Checklist;Consensus Development Conferences as Topic;Delphi Technique;*Diagnostic Techniques and Procedures/standards;*Guidelines as Topic;*Meta-Analysis as Topic;Reproducibility of Results;*Systematic Reviews as Topic,29362800,
rayyan-370828070,Improving reporting of meta-ethnography: The eMERGe reporting guidance.,2019,5,1,Journal of advanced nursing,1365-2648 (Electronic),75,5,1126-1139,France EF and Cunningham M and Ring N and Uny I and Duncan EA and Jepson RG and Maxwell M and Roberts RJ and Turley RL and Booth A and Britten N and Flemming K and Gallagher I and Garside R and Hannes K and Lewin S and Noblit GW and Pope C and Thomas J and Vanstone M and Higginbottom GMA and Noyes J,https://pubmed.ncbi.nlm.nih.gov/30644123/,eng,,England,"AIMS: The aim of this study was to provide guidance to improve the completeness and clarity of meta-ethnography reporting. BACKGROUND: Evidence-based policy and practice require robust evidence syntheses which can further understanding of people's experiences and associated social processes. Meta-ethnography is a rigorous seven-phase qualitative evidence synthesis methodology, developed by Noblit and Hare. Meta-ethnography is used widely in health research, but reporting is often poor quality and this discourages trust in and use of its findings. Meta-ethnography reporting guidance is needed to improve reporting quality. DESIGN: The eMERGe study used a rigorous mixed-methods design and evidence-based methods to develop the novel reporting guidance and explanatory notes. METHODS: The study, conducted from 2015 - 2017, comprised of: (1) a methodological systematic review of guidance for meta-ethnography conduct and reporting; (2) a review and audit of published meta-ethnographies to identify good practice principles; (3) international, multidisciplinary consensus-building processes to agree guidance content; (4) innovative development of the guidance and explanatory notes. FINDINGS: Recommendations and good practice for all seven phases of meta-ethnography conduct and reporting were newly identified leading to 19 reporting criteria and accompanying detailed guidance. CONCLUSION: The bespoke eMERGe Reporting Guidance, which incorporates new methodological developments and advances the methodology, can help researchers to report the important aspects of meta-ethnography. Use of the guidance should raise reporting quality. Better reporting could make assessments of confidence in the findings more robust and increase use of meta-ethnography outputs to improve practice, policy, and service user outcomes in health and other fields. This is the first tailored reporting guideline for meta-ethnography. This article is being simultaneously published in the following journals: Journal of Advanced Nursing, Psycho-oncology, Review of Education, and BMC Medical Research Methodology.","",10.1111/jan.13809,"Anthropology, Cultural/*standards;Biomedical Research/*standards;*Guidelines as Topic;Humans;Qualitative Research;Research Design/*standards;Research Report/*standards",30644123,PMC7594209
rayyan-370828081,Advice for improving the reproducibility of data extraction in meta-analysis.,2023,11,1,Research synthesis methods,1759-2887 (Electronic),14,6,911-915,Ivimey-Cook ER and Noble DWA and Nakagawa S and Lajeunesse MJ and Pick JL,https://pubmed.ncbi.nlm.nih.gov/37571802/,eng,,England,"Extracting data from studies is the norm in meta-analyses, enabling researchers to generate effect sizes when raw data are otherwise not available. While there has been a general push for increased reproducibility in meta-analysis, the transparency and reproducibility of the data extraction phase is still lagging behind. Unfortunately, there is little guidance of how to make this process more transparent and shareable. To address this, we provide several steps to help increase the reproducibility of data extraction in meta-analysis. We also provide suggestions of R software that can further help with reproducible data policies: the shinyDigitise and juicr packages. Adopting the guiding principles listed here and using the appropriate software will provide a more transparent form of data extraction in meta-analyses.","",10.1002/jrsm.1663,Reproducibility of Results;*Software,37571802,
rayyan-370828086,Rapid review method series: interim guidance for the reporting of rapid reviews.,2025,3,21,BMJ evidence-based medicine,2515-4478 (Electronic),30,2,118-123,Stevens A and Hersi M and Garritty C and Hartling L and Shea BJ and Stewart LA and Welch VA and Tricco AC,https://pubmed.ncbi.nlm.nih.gov/39038926/,eng,,England,"Rapid reviews (RRs) are produced using abbreviated methods compared with standard systematic reviews (SR) to expedite the process for decision-making. This paper provides interim guidance to support the complete reporting of RRs. Recommendations emerged from a survey informed by empirical studies of RR reporting, in addition to collective experience. RR producers should use existing, robustly developed reporting guidelines as the foundation for writing RRs: notably Preferred Reporting Items for Systematic Reviews and Meta-Analyses 2020 (PRISMA 2020; reporting for SRs), but also preferred reporting items for overviews of reviews (PRIOR) items (reporting for overviews of SRs) where SRs are included in the RR. In addition, a minimum set of six items were identified for RRs: three items pertaining to methods and three addressing publication ethics. Authors should be reporting what a priori-defined iterative methods were used during conduct, what distinguishes their RR from an SR, and knowledge user (eg, policymaker) involvement in the process. Explicitly reporting deviations from standard SR methods, including omitted steps, is important. The inclusion of publication ethics items reflects the predominance of non-journal published RRs: reporting an authorship byline and corresponding author, acknowledging other contributors, and reporting the use of expert peer review. As various formats may be used when packaging and presenting information to decision-makers, it is practical to think of complete reporting as across a set of explicitly linked documents made available in an open-access journal or repository that is barrier-free. We encourage feedback from the RR community of the use of these items as we look to develop a consolidated list in the development of PRISMA-RR.","",10.1136/bmjebm-2024-112899,Humans;*Systematic Reviews as Topic/methods;*Guidelines as Topic;*Research Design/standards;Publishing/standards,39038926,PMC12013547
rayyan-370828100,Guides for the Successful Conduct and Reporting of Systematic Review and Meta-Analysis of Diagnostic Test Accuracy Studies.,2022,3,1,Korean journal of radiology,2005-8330 (Electronic),23,3,295-297,Park SH,https://pubmed.ncbi.nlm.nih.gov/35213093/,eng,,Korea (South),,"",10.3348/kjr.2021.0963,"*Diagnostic Tests, Routine;Humans",35213093,PMC8876650
rayyan-370828108,,2019,2,1,,,,,,Cunningham M and France EF and Ring N and Uny I and Duncan EAS and Roberts RJ and Jepson RG and Maxwell M and Turley RL and Noyes J,https://pubmed.ncbi.nlm.nih.gov/30758932/,eng,,Southampton (UK),"BACKGROUND: Meta-ethnography is a commonly used methodology for qualitative evidence synthesis. Research has identified that the quality of reporting of published meta-ethnographies is often poor and this has limited the utility of meta-ethnography findings to influence policy and practice. OBJECTIVE: To develop guidance to improve the completeness and clarity of meta-ethnography reporting. METHODS/DESIGN: The meta-ethnography reporting guidance (eMERGe) study followed the recommended approach for developing health research reporting guidelines and used a systematic mixed-methods approach. It comprised (1) a methodological systematic review of guidance in the conduct and reporting of meta-ethnography; (2) a review and audit of published meta-ethnographies, along with interviews with meta-ethnography end-users, to identify good practice principles; (3) a consensus workshop and two eDelphi (Version 1, Duncan E, Swinger K, University of Stirling, Stirling, UK) studies to agree guidance content; and (4) the development of the guidance table and explanatory notes. RESULTS: Results from the methodological systematic review and the audit of published meta-ethnographies revealed that more guidance was required around the reporting of all phases of meta-ethnography conduct and, in particular, the synthesis phases 4–6 (relating studies, translating studies into one another and synthesising translations). Following the guidance development process, the eMERGe reporting guidance was produced, comprising 19 items grouped into the seven phases of meta-ethnography. LIMITATIONS: The finalised guidance has not yet been evaluated in practice; therefore, it is not possible at this stage to comment on its utility. However, we look forward to evaluating its uptake and usability in the future. CONCLUSIONS: The eMERGe reporting guidance has been developed following a rigorous process in line with guideline development recommendations. The guidance is intended to improve the clarity and completeness of reporting of meta-ethnographies, and to facilitate use of the findings within the guidance to inform the design and delivery of services and interventions in health, social care and other fields. The eMERGe project developed a range of training materials to support use of the guidance, which is freely available at www.emergeproject.org (accessed 26 March 2018). Meta-ethnography is an evolving qualitative evidence synthesis methodology and future research should refine the guidance to accommodate future methodological developments. We will also investigate the impact of the eMERGe reporting guidance with a view to updating the guidance. STUDY REGISTRATION: This study is registered as PROSPERO CRD42015024709 for the stage 1 systematic review. FUNDING: The National Institute for Health Research Health Services and Delivery Research programme.","",10.3310/hsdr07040,"",30758932,
rayyan-370828131,Protocol-developing meta-ethnography reporting guidelines (eMERGe).,2015,11,25,BMC medical research methodology,1471-2288 (Electronic),15,,103,France EF and Ring N and Noyes J and Maxwell M and Jepson R and Duncan E and Turley R and Jones D and Uny I,https://pubmed.ncbi.nlm.nih.gov/26606922/,eng,,England,"BACKGROUND: Designing and implementing high-quality health care services and interventions requires robustly synthesised evidence. Syntheses of qualitative research studies can provide evidence of patients' experiences of health conditions; intervention feasibility, appropriateness and acceptability to patients; and advance understanding of health care issues. The unique, interpretive, theory-based meta-ethnography synthesis approach is suited to conveying patients' views and developing theory to inform service design and delivery. However, meta-ethnography reporting is often poor quality, which discourages trust in, and use of, meta-ethnography findings. Users of evidence syntheses require reports that clearly articulate analytical processes and findings. Tailored research reporting guidelines can raise reporting standards but none exists for meta-ethnography. This study aims to create an evidence-based meta-ethnography reporting guideline articulating the methodological standards and depth of reporting required to improve reporting quality. METHODS/DESIGN: The mixed-methods design of this National Institute of Health Research-funded study (http://www.stir.ac.uk/emerge/) follows good practice in research reporting guideline development comprising: (1) a methodological systematic review (PROSPERO registration: CRD42015024709) to identify recommendations and guidance in conducting/reporting meta-ethnography; (2) a review and audit of published meta-ethnographies to identify good practice principles and develop standards in conduct/reporting; (3) an online workshop and Delphi studies to agree guideline content with 45 international qualitative synthesis experts and 45 other stakeholders including patients; (4) development and wide dissemination of the guideline and its accompanying detailed explanatory document, a report template for National Institute of Health Research commissioned meta-ethnographies, and training materials on guideline use. DISCUSSION: Meta-ethnography, devised in the field of education, is now used widely in other disciplines. Methodological advances relevant to meta-ethnography conduct exist. The extent of discipline-specific adaptations of meta-ethnography and the fit of any adaptions with the underpinning philosophy of meta-ethnography require investigation. Well-reported meta-ethnography findings could inform clinical decision-making. A bespoke meta-ethnography reporting guideline is needed to improve reporting quality, but to be effective potential users must know it exists, trust it and use it. Therefore, a rigorous study has been designed to develop and promote a guideline. By raising reporting quality, the guideline will maximise the likelihood that high-quality meta-ethnographies will contribute robust evidence to improve health care and patient outcomes.","",10.1186/s12874-015-0068-0,"*Anthropology, Cultural;Evidence-Based Medicine;Humans;Qualitative Research;Research Design",26606922,PMC4660777
rayyan-370828147,Comprehensive Criteria for Reporting Qualitative Research (CCQR): Reporting Guideline for Global Health Qualitative Research Methods.,2024,7,30,International journal of environmental research and public health,1660-4601 (Electronic),21,8,,Sinha P and Paudel B and Mosimann T and Ahmed H and Kovane GP and Moagi M and Phuti A,https://pubmed.ncbi.nlm.nih.gov/39200615/,eng,,Switzerland,"Globally, the demand for qualitative research has risen, driven by the health sector's need for in-depth investigation of complex issues behind any phenomenon that may be inadequately comprehended and that other research methods cannot explore, uncover, or describe. The authors aimed to improve the accessibility and comprehensiveness of reporting guidelines for qualitative research. A comprehensive review of scientific articles was conducted on PubMed, Medline, CINAHL, and Embase, and it retrieved 1989 articles plus 13 more articles through the snowball method. After screening, 17 key articles were identified, which led to the development of Comprehensive Criteria for Reporting Qualitative Research that comprises 14 categories, offering key elements in an organized table. This novel guideline complements the two widely used guidelines, Consolidated Criteria for Reporting Qualitative Research and Standards for Reporting Qualitative Research, by including additional aspects like objectives, existing knowledge, rationale behind methodologies, conclusions, recommendations, and reference citations. The study responds to the rising need for improved qualitative research reporting guidelines in global health.","",10.3390/ijerph21081005,*Qualitative Research;*Guidelines as Topic;*Global Health;Research Design/standards;Humans,39200615,PMC11353496
rayyan-370828185,STORIES statement: publication standards for healthcare education evidence synthesis.,2014,9,3,BMC medicine,1741-7015 (Electronic),12,,143,Gordon M and Gibbs T,https://pubmed.ncbi.nlm.nih.gov/25190085/,eng,,England,"BACKGROUND: Evidence synthesis techniques in healthcare education have been enhanced through the activities of experts in the field and the Best Evidence Medical Education (BEME) collaborative. Despite this, significant heterogeneity in techniques and reporting of healthcare education systematic review still exist and limit the usefulness of such reports. The aim of this project was to produce the STORIES (STructured apprOach to the Reporting In healthcare education of Evidence Synthesis) statement to offer a guide for reporting evidence synthesis in health education for use by authors and journal editors. METHODS: A review of existing published evidence synthesis consensus statements was undertaken. A modified Delphi process was used. In stage one, expert participants were asked to state whether common existing items identified were relevant, to suggest relevant texts and specify any items they feel should be included. The results were analysed and a second stage commenced where all synthesised items were presented and participants asked to state whether they should be included or amend as needed. After further analysis, the full statement was sent for final review and comment. RESULTS: Nineteen experts participated in the panel from 35 invitations. Thirteen text sources were proposed, six existing items amended and twelve new items synthesised. After stage two, 25 amended consensus items were proposed for inclusion. The final statement contains several items unique to this context, including description of relevant conceptual frameworks or theoretical constructs, description of qualitative methodologies with rationale for their choice and presenting the implications for educators in practice of the results obtained. CONCLUSIONS: An international expert panel has agreed upon a consensus statement of 25 items for the reporting of evidence synthesis within healthcare education. This unique set of items is focused on context, rather than a specific methodology. This statement can be used for those writing for publication and reviewing such manuscripts to ensure reporting supports and best informs the wider healthcare education community.","",10.1186/s12916-014-0143-0,"Education, Medical/*standards;Health Education/*standards;Humans;Publications/*standards;Publishing/standards",25190085,PMC4243720
rayyan-370828203,The PRISMA extension for network meta-analysis: bringing clarity and guidance to the reporting of systematic reviews incorporating network meta-analyses.,2015,6,2,Annals of internal medicine,1539-3704 (Electronic),162,11,797-8,Cornell JE,https://pubmed.ncbi.nlm.nih.gov/26030637/,eng,,United States,,"",10.7326/M15-0930,*Checklist;Humans;*Meta-Analysis as Topic;Publishing/*standards;*Review Literature as Topic,26030637,
rayyan-370828356,Preferred Reporting Items for Systematic Review and Meta-Analyses of individual participant data: the PRISMA-IPD Statement.,2015,4,28,JAMA,1538-3598 (Electronic),313,16,1657-65,Stewart LA and Clarke M and Rovers M and Riley RD and Simmonds M and Stewart G and Tierney JF,https://pubmed.ncbi.nlm.nih.gov/25919529/,eng,,United States,"IMPORTANCE: Systematic reviews and meta-analyses of individual participant data (IPD) aim to collect, check, and reanalyze individual-level data from all studies addressing a particular research question and are therefore considered a gold standard approach to evidence synthesis. They are likely to be used with increasing frequency as current initiatives to share clinical trial data gain momentum and may be particularly important in reviewing controversial therapeutic areas. OBJECTIVE: To develop PRISMA-IPD as a stand-alone extension to the PRISMA (Preferred Reporting Items for Systematic Reviews and Meta-Analyses) Statement, tailored to the specific requirements of reporting systematic reviews and meta-analyses of IPD. Although developed primarily for reviews of randomized trials, many items will apply in other contexts, including reviews of diagnosis and prognosis. DESIGN: Development of PRISMA-IPD followed the EQUATOR Network framework guidance and used the existing standard PRISMA Statement as a starting point to draft additional relevant material. A web-based survey informed discussion at an international workshop that included researchers, clinicians, methodologists experienced in conducting systematic reviews and meta-analyses of IPD, and journal editors. The statement was drafted and iterative refinements were made by the project, advisory, and development groups. The PRISMA-IPD Development Group reached agreement on the PRISMA-IPD checklist and flow diagram by consensus. FINDINGS: Compared with standard PRISMA, the PRISMA-IPD checklist includes 3 new items that address (1) methods of checking the integrity of the IPD (such as pattern of randomization, data consistency, baseline imbalance, and missing data), (2) reporting any important issues that emerge, and (3) exploring variation (such as whether certain types of individual benefit more from the intervention than others). A further additional item was created by reorganization of standard PRISMA items relating to interpreting results. Wording was modified in 23 items to reflect the IPD approach. CONCLUSIONS AND RELEVANCE: PRISMA-IPD provides guidelines for reporting systematic reviews and meta-analyses of IPD.","",10.1001/jama.2015.3656,"Checklist;Data Interpretation, Statistical;*Guidelines as Topic;*Meta-Analysis as Topic;*Publishing/standards;Random Allocation;Research Subjects;*Systematic Reviews as Topic",25919529,
rayyan-370828440,Improving the quality of reports of meta-analyses of randomised controlled trials: The QUOROM statement,2000,12,1,ONKOLOGIE,0378-584X,23,6,597-602,"Moher, D and Cook, DJ and Eastwood, S and Olkin, I and Rennie, D and Stroup, DF and Grp, QUOROM",,English,KARGER,"ALLSCHWILERSTRASSE 10, CH-4009 BASEL, SWITZERLAND","Background: The Quality of Reporting of Meta-analyses (QUOROM) conference was convened to address standards for improving the quality of reporting of meta-analyses of clinical randomised controlled trials (RCTs). Methods: The QUOROM group consisted of 30 clinical epidemiologists, clinicians, statisticians, editors, and researchers. In conference, the group was asked to identify items they thought should be included in a checklist of standards. Whenever possible, checklist items were guided by research evidence suggesting that failure to adhere to the item proposed could lead to biased results. A modified Delphi technique was used in assessing candidate items. Findings: The conference resulted in the QUOROM statement, a checklist, and a flow diagram. The checklist describes our preferred way to present the abstract, introduction, methods, results, and discussion sections of a report of a meta-analysis. It is organised into 21 headings and subheadings regarding searches, selection, validity assessment, data abstraction, study characteristics, and quantitative data synthesis, and in the results with ``trial flow{''} study characteristics, and quantitative data synthesis; research documentation was identified for eight of the 18 items. The now diagram provides information about both the numbers of RCTs identified, included, and excluded and the reasons for exclusion of trials. Interpretation: We hope this report will generate further thought about ways to improve the quality of reports of meta-analyses of RCTs and that interested readers, reviewers, re searchers, and editors will use the QUOROM statement and generate ideas for its improvement.","",10.1159/000055014,"",NA,
rayyan-370828536,[Standard establishment and item list for conducting and reporting rapid review in traditional Chinese medicine].,2024,11,1,Zhongguo Zhong yao za zhi = Zhongguo zhongyao zazhi = China journal of Chinese           materia medica,1001-5302 (Print),49,21,5951-5957,Li MM and Wang WY and Li YJ and Zhao H and Liao X,https://pubmed.ncbi.nlm.nih.gov/39701805/,chi,,China,"This study aims to establish the standard items for conducting and reporting rapid review(RR) in traditional Chinese medicine(TCM) and promote the RR transparency in TCM. First, the basic standard items of conducting and reporting RR were reviewed, on the basis of which the basic RR implementation methods and steps were summarized. The initial item pool of RR implementation and reporting standards in TCM was established with the Delphi method. According to the identified items, two rounds of expert consultation were carried out. In the first round of expert consultation, experts judged the importance of each item in the RR implementation and reporting process and gave the corresponding weight score. According to the results in the first round of expert consultation, the relevant items were modified for the second round of expert consultation, in which experts were invited to score the importance of each item with consideration to the results from the first round. According to the results from preliminary research and expert consultation, the standard for conducting and reporting RR in TCM was formed. After two rounds of consultation, 12 first-level items and 24 second-level items were included. These items involved need positioning and working group establishment, research problem summarization, protocol formulation, literature retrieval, research screening, data extraction, methodological quality evaluation or risk of bias assessment, evidence organization, evidence assessment and grading, research report writing, RR product dissemination, post-effect evaluation and other fields. This study established the standard for conducting and reporting RR in TCM, which can be used as a reference for the RR methodology in TCM and provide evidence support for decision makers.","",10.19540/j.cnki.cjcmm.20240712.501,"*Medicine, Chinese Traditional/standards;Humans;Research Design/standards",39701805,
rayyan-370828544,Systematic Review Checklist: A Standardized Technique for Assessing and Reporting Reviews of Life Cycle Assessment Data.,2012,4,1,Journal of industrial ecology,1088-1980 (Print),16,,S12-S21,Zumsteg JM and Cooper JS and Noon MS,https://pubmed.ncbi.nlm.nih.gov/26069437/,eng,,United States,"Systematic review, including meta-analysis, is increasingly utilized in life cycle assessment (LCA). There are currently no widely recognized guidelines for designing, conducting, or reporting systematic reviews in LCA. Other disciplines such as medicine, ecology, and software engineering have both recognized the utility of systematic reviews and created standardized protocols for conducting and reporting systematic reviews. Based largely on the 2009 Preferred Reporting Items for Systematic reviews and Meta-Analyses (PRISMA) statement, which updated the preferred format for reporting of such reviews in biomedical research, we provide an introduction to the topic and a checklist to guide the reporting of future LCA reviews in a standardized format. The standardized technique for assessing and reporting reviews of LCA (STARR-LCA) checklist is a starting point for improving the utility of systematic reviews in LCA.","",10.1111/j.1530-9290.2012.00476.x,"",26069437,PMC4461004
rayyan-370828553,MOOSE Reporting Guidelines for Meta-analyses of Observational Studies,2021,8,1,JAMA SURGERY,2168-6254,156,8,787-788,"Brooke, Benjamin S. and Schwartz, Todd A. and Pawlik, Timothy M.",,English,AMER MEDICAL ASSOC,"330 N WABASH AVE, STE 39300, CHICAGO, IL 60611-5885 USA",,"",10.1001/jamasurg.2021.0522,"",NA,
rayyan-370828587,Reporting standards for literature searches and report inclusion criteria: making research syntheses more transparent and easy to replicate.,2015,3,1,Research synthesis methods,1759-2887 (Electronic),6,1,87-95,Atkinson KM and Koenka AC and Sanchez CE and Moshontz H and Cooper H,https://pubmed.ncbi.nlm.nih.gov/26035472/,eng,,England,"A complete description of the literature search, including the criteria used for the inclusion of reports after they have been located, used in a research synthesis or meta-analysis is critical if subsequent researchers are to accurately evaluate and reproduce a synthesis' methods and results. Based on previous guidelines and new suggestions, we present a set of focused and detailed standards for reporting the methods used in a literature search. The guidelines cover five search strategies: reference database searches, journal and bibliography searches, searches of the reference lists of reports, citation searches, and direct contact searches. First, we bring together all the unique recommendations made in existing guidelines for research synthesis. Second, we identify gaps in reporting standards for search strategies. Third, we address these gaps by providing new reporting recommendations. Our hope is to facilitate successful evaluation and replication of research synthesis results.","",10.1002/jrsm.1127,Biostatistics/methods;Databases as Topic/statistics & numerical data;Guidelines as Topic/standards;Humans;Information Storage and Retrieval/*standards/statistics & numerical data;*Meta-Analysis as Topic;Periodicals as Topic/statistics & numerical data,26035472,
rayyan-370828647,REPORTING GUIDELINES FOR META-ANALYSIS IN ECONOMICS,2020,7,1,JOURNAL OF ECONOMIC SURVEYS,0950-0804,34,3,469-475,"Havranek, Tomas and Stanley, T. D. and Doucouliagos, Hristos and Bom, Pedro and Geyer-Klingeberg, Jerome and Iwasaki, Ichiro and Reed, W. Robert and Rost, Katja and van Aert, R. C. M.",,English,WILEY,"111 RIVER ST, HOBOKEN 07030-5774, NJ USA","Meta-analysis has become the conventional approach to synthesizing the results of empirical economics research. To further improve the transparency and replicability of the reported results and to raise the quality of meta-analyses, the Meta-Analysis of Economics Research Network has updated the reporting guidelines that were published by this Journal in 2013. Future meta-analyses in economics will be expected to follow these updated guidelines or give valid reasons why a meta-analysis should deviate from them.","",10.1111/joes.12363,meta-analysis;meta-regression;reporting standards,NA,
rayyan-370828848,COSMIN guideline for systematic reviews of patient-reported outcome measures,2018,5,1,QUALITY OF LIFE RESEARCH,0962-9343,27,5,1147-1157,"Prinsen, C. A. C. and Mokkink, L. B. and Bouter, L. M. and Alonso, J. and Patrick, D. L. and de Vet, H. C. W. and Terwee, C. B.",,English,SPRINGER,"VAN GODEWIJCKSTRAAT 30, 3311 GZ DORDRECHT, NETHERLANDS","Systematic reviews of patient-reported outcome measures (PROMs) differ from reviews of interventions and diagnostic test accuracy studies and are complex. In fact, conducting a review of one or more PROMs comprises of multiple reviews (i.e., one review for each measurement property of each PROM). In the absence of guidance specifically designed for reviews on measurement properties, our aim was to develop a guideline for conducting systematic reviews of PROMs. Based on literature reviews and expert opinions, and in concordance with existing guidelines, the COnsensus-based Standards for the selection of health Measurement INstruments (COSMIN) steering committee developed a guideline for systematic reviews of PROMs. A consecutive ten-step procedure for conducting a systematic review of PROMs is proposed. Steps 1-4 concern preparing and performing the literature search, and selecting relevant studies. Steps 5-8 concern the evaluation of the quality of the eligible studies, the measurement properties, and the interpretability and feasibility aspects. Steps 9 and 10 concern formulating recommendations and reporting the systematic review. The COSMIN guideline for systematic reviews of PROMs includes methodology to combine the methodological quality of studies on measurement properties with the quality of the PROM itself (i.e., its measurement properties). This enables reviewers to draw transparent conclusions and making evidence-based recommendations on the quality of PROMs, and supports the evidence-based selection of PROMs for use in research and in clinical practice.","",10.1007/s11136-018-1798-3,COSMIN;Systematic review;Measurement properties;PROM;Outcome measurement instrument;Outcome ...,NA,
rayyan-370828920,"How to Do a Systematic Review: A Best Practice Guide for Conducting and Reporting Narrative Reviews, Meta-Analyses, and Meta-Syntheses.",2019,1,4,Annual review of psychology,1545-2085 (Electronic),70,,747-770,Siddaway AP and Wood AM and Hedges LV,https://pubmed.ncbi.nlm.nih.gov/30089228/,eng,,United States,"Systematic reviews are characterized by a methodical and replicable methodology and presentation. They involve a comprehensive search to locate all relevant published and unpublished work on a subject; a systematic integration of search results; and a critique of the extent, nature, and quality of evidence in relation to a particular research question. The best reviews synthesize studies to draw broad theoretical conclusions about what a literature means, linking theory to evidence and evidence to theory. This guide describes how to plan, conduct, organize, and present a systematic review of quantitative (meta-analysis) or qualitative (narrative review, meta-synthesis) information. We outline core standards and principles and describe commonly encountered problems. Although this guide targets psychological scientists, its high level of abstraction makes it potentially relevant to any subject area or discipline. We argue that systematic reviews are a key methodology for clarifying whether and how research findings replicate and for explaining possible inconsistencies, and we call for researchers to conduct systematic reviews to help elucidate whether there is a replication crisis.","",10.1146/annurev-psych-010418-102803,Humans;Guidelines as Topic;*Meta-Analysis as Topic;Publication Bias;*Systematic Reviews as Topic;Review Literature as Topic,30089228,
rayyan-370828958,Standards for Reporting Qualitative Research: A Synthesis of Recommendations,2014,9,1,ACADEMIC MEDICINE,1040-2446,89,9,1245-1251,"O'Brien, Bridget C. and Harris, Ilene B. and Beckman, Thomas J. and Reed, Darcy A. and Cook, David A.",,English,LIPPINCOTT WILLIAMS \& WILKINS,"TWO COMMERCE SQ, 2001 MARKET ST, PHILADELPHIA, PA 19103 USA","Purpose Standards for reporting exist for many types of quantitative research, but currently none exist for the broad spectrum of qualitative research. The purpose of the present study was to formulate and define standards for reporting qualitative research while preserving the requisite flexibility to accommodate various paradigms, approaches, and methods. Method The authors identified guidelines, reporting standards, and critical appraisal criteria for qualitative research by searching PubMed, Web of Science, and Google through July 2013; reviewing the reference lists of retrieved sources; and contacting experts. Specifically, two authors reviewed a sample of sources to generate an initial set of items that were potentially important in reporting qualitative research. Through an iterative process of reviewing sources, modifying the set of items, and coding all sources for items, the authors prepared a near-final list of items and descriptions and sent this list to five external reviewers for feedback. The final items and descriptions included in the reporting standards reflect this feedback. Results The Standards for Reporting Qualitative Research (SRQR) consists of 21 items. The authors define and explain key elements of each item and provide examples from recently published articles to illustrate ways in which the standards can be met. Conclusions The SRQR aims to improve the transparency of all aspects of qualitative research by providing clear standards for reporting qualitative research. These standards will assist authors during manuscript preparation, editors and reviewers in evaluating a manuscript for potential publication, and readers when critically appraising, applying, and synthesizing study findings.","",10.1097/ACM.0000000000000388,"",NA,
rayyan-370828969,META-ANALYSIS OF ECONOMICS RESEARCH REPORTING GUIDELINES,2013,4,1,JOURNAL OF ECONOMIC SURVEYS,0950-0804,27,2,390-394,"Stanley, T. D. and Doucouliagos, Hristos and Giles, Margaret and Heckemeyer, Jost H. and Johnston, Robert J. and Laroche, Patrice and Nelson, Jon P. and Paldam, Martin and Poot, Jacques and Pugh, Geoff and Rosenberger, Randall S. and Rost, Katja",,English,WILEY,"111 RIVER ST, HOBOKEN 07030-5774, NJ USA","Meta-regression analysis (MRA) can provide objective and comprehensive summaries of economics research. Their use has grown rapidly over the last few decades. To improve transparency and to raise the quality of MRA, the meta-analysis of economics research-network (MAER-Net) has created the below reporting guidelines. Future meta-analyses in economics will be expected to follow these guidelines or give valid reasons why a meta-analysis must deviate from them.","",10.1111/joes.12008,Meta-analysis;Meta-regression analysis,NA,
rayyan-370828980,"Preferred reporting items for systematic review and meta-analysis of diagnostic test accuracy studies (PRISMA-DTA): explanation, elaboration, and checklist.",2020,8,14,BMJ (Clinical research ed.),1756-1833 (Electronic),370,,m2632,Salameh JP and Bossuyt PM and McGrath TA and Thombs BD and Hyde CJ and Macaskill P and Deeks JJ and Leeflang M and Korevaar DA and Whiting P and Takwoingi Y and Reitsma JB and Cohen JF and Frank RA and Hunt HA and Hooft L and Rutjes AWS and Willis BH and Gatsonis C and Levis B and Moher D and McInnes MDF,https://pubmed.ncbi.nlm.nih.gov/32816740/,eng,,England,,"",10.1136/bmj.m2632,"Humans;Checklist;*Diagnostic Tests, Routine/standards;Editorial Policies;Evidence-Based Medicine;Guidelines as Topic;*Meta-Analysis as Topic;Periodicals as Topic;*Research Report/standards;Systematic Reviews as Topic",32816740,
rayyan-370829043,CONSORT and QUOROM guidelines for reporting randomized clinical trials and systematic reviews,2005,12,1,AMERICAN JOURNAL OF ORTHODONTICS AND DENTOFACIAL ORTHOPEDICS,0889-5406,128,6,681-685,"Turpin, DL",,English,MOSBY-ELSEVIER,"360 PARK AVENUE SOUTH, NEW YORK, NY 10010-1710 USA",,"",10.1016/j.ajodo.2005.10.010,"",NA,
rayyan-370829104,Synthesis without meta-analysis (SWiM) in systematic reviews: reporting guideline.,2020,1,16,BMJ (Clinical research ed.),1756-1833 (Electronic),368,,l6890,Campbell M and McKenzie JE and Sowden A and Katikireddi SV and Brennan SE and Ellis S and Hartmann-Boyce J and Ryan R and Shepperd S and Thomas J and Welch V and Thomson H,https://pubmed.ncbi.nlm.nih.gov/31948937/,eng,,England,"In systematic reviews that lack data amenable to meta-analysis, alternative synthesis methods are commonly used, but these methods are rarely reported. This lack of transparency in the methods can cast doubt on the validity of the review findings. The Synthesis Without Meta-analysis (SWiM) guideline has been developed to guide clear reporting in reviews of interventions in which alternative synthesis methods to meta-analysis of effect estimates are used. This article describes the development of the SWiM guideline for the synthesis of quantitative data of intervention effects and presents the nine SWiM reporting items with accompanying explanations and examples.","",10.1136/bmj.l6890,"Data Accuracy;Data Interpretation, Statistical;Humans;Meta-Analysis as Topic;*Outcome Assessment, Health Care/methods/standards;Research Design/*standards;*Systematic Reviews as Topic",31948937,PMC7190266
rayyan-370829170,A Beginner's Guide to Open and Reproducible Systematic Reviews in Psychology,2024,12,1,COLLABRA-PSYCHOLOGY,2474-7394,10,1,,"Carlsson, Rickard and Batinovic, Lucija and Hyltse, Natalie and Kalmendal, Andre and Nordstrom, Thomas and Topor, Marta",,English,UNIV CALIFORNIA PRESS,"155 GRAND AVE, SUITE 400, OAKLAND, CA 94612-3758 USA","This paper provides guidance and tools for conducting open and reproducible systematic reviews in psychology. It emphasizes the importance of systematic reviews for evidence-based decision-making and the growing adoption of open science practices. Open science enhances transparency, reproducibility, and minimizes bias in systematic reviews by sharing data, materials, and code. It also fosters collaborations and enables involvement of non-academic stakeholders. The paper is designed for beginners, offering accessible guidance to navigate the many standards and resources that may not obviously align with specific areas of psychology. It covers systematic review conduct standards, pre-registration, registered reports, reporting standards, and open data, materials and code. The paper is concluded with a glimpse of recent innovations like Community Augmented Meta-Analysis and independent reproducibility checks.","",10.1525/collabra.126218,systematic review;open science;reproducibility;guide,NA,
rayyan-370829322,A structured approach to documenting a search strategy for publication: a 12 step guideline for authors.,2012,11,1,Nurse education today,1532-2793 (Electronic),32,8,878-86,Kable AK and Pich J and Maslin-Prothero SE,https://pubmed.ncbi.nlm.nih.gov/22633885/,eng,,Scotland,"AIM: This paper describes a structured approach for documenting a search strategy, prior to the scholarly critique and review of the retrieved literature. BACKGROUND AND CONTEXT: There has been a shift in publication expectations when it comes to the presentation of a literature review, from the more traditional narrative review to a more systematic approach, following a specific framework. METHODS: This paper presents a 12 step framework for documenting the search strategy prior to undertaking a critique and synthesis of the retrieved literature. The authors provide a worked example about potential sources of cross contamination including hospital bath basins and soap and water bathing. DISCUSSION: An overview of the 12 step framework is presented. This includes step-by-step instructions on how to conduct and write a search strategy for a literature review. A number of resources available for creating reviews and critiquing reviews are referenced, but these are not exclusive. CONCLUSION: Reviews can be an important and valuable contribution when undertaken well, providing the reader with evidence of a clear structure. This paper provides a 12 step framework that will be of benefit to students, educationalists, and researchers required to embark on a review.","",10.1016/j.nedt.2012.02.022,Documentation/*methods;*Guidelines as Topic;Humans;Nursing Methodology Research;*Review Literature as Topic,22633885,
rayyan-370829335,Developing reporting checklist items from systematic review findings: a roadmap and lessons to be learned from ACCORD.,2024,10,1,Journal of clinical epidemiology,1878-5921 (Electronic),174,,111490,van Zuuren EJ and Price A and Blazey P and Hughes EL and Fedorowicz Z and Logullo P,https://pubmed.ncbi.nlm.nih.gov/39098562/,eng,,United States,"OBJECTIVES: To demonstrate how researchers can identify and translate reporting gaps from a systematic review into checklist items for reporting guidelines. STUDY DESIGN AND SETTING: Good quality research reporting ensures transparency, reproducibility, and utility, facilitated by reporting guidelines. Conducting a systematic review is an essential step in the development of these guidelines. The Enhancing the QUAlity and Transparency Of health Research (EQUATOR) Network's toolkit (2010) assists researchers in this process and is due for an update to address current gaps and evolving research methods. One significant gap is the translation of systematic review findings into checklist items. Reflecting on our experience developing the ACcurate Consensus Reporting Document, we illustrate this translation process aiming to empower researchers developing reporting guidelines to address potential biases and promote transparency. We highlight the challenges faced and how they were addressed. RESULTS: The systematic review search process was iterative, involving multiple adjustments to balance precision and sensitivity. Excessively stringent exclusion criteria may lead to missed valuable insights, especially when studies offer relevant content. An information specialist was invaluable in developing the search strategy. Key lessons learned include the necessity of maintaining flexibility and openness during data extraction, continuous adaptation based on panelist feedback, and promoting clear communication through understandable language. These principles can guide the development of future reporting guidelines and the updating of the EQUATOR toolkit, promoting transparency and robustness in research reporting. CONCLUSION: Maintaining flexibility, capturing evolving insights, clear communication, and accommodating changes in research and technologies are key to translating systematic review findings into effective reporting checklists.","",10.1016/j.jclinepi.2024.111490,*Checklist/standards;Humans;*Systematic Reviews as Topic/standards/methods;Research Design/standards;Guidelines as Topic;Reproducibility of Results;Research Report/standards,39098562,
rayyan-370829485,A blueprint for patient and public involvement in the development of a reporting guideline for systematic reviews of outcome measurement instruments: PRISMA-COSMIN for OMIs 2024,2024,NA,1,Research Involvement and Engagement,20567529 (ISSN),10,1,,"Elsman, E.B.M. and Smith, M. and Hofstetter, C. and Gavin, F. and Jobson, E. and Markham, S. and Ricketts, J. and Baba, A. and Butcher, N.J. and Offringa, M.",https://www.scopus.com/inward/record.uri?eid=2-s2.0-85188467721&doi=10.1186%2Fs40900-024-00563-5&partnerID=40&md5=6b54ae6bbc0dec43f854f0f3688590f4,English,BioMed Central Ltd,"[""SickKids Research Institute, Child Health Evaluative Sciences, Toronto, Canada"", ""Vrije Universiteit Amsterdam, Amsterdam, Netherlands"", ""Patient Partner, Ottawa, Canada"", ""Patient Partner, Toronto, Canada"", ""Chair of the Public Advisory Council of The Health Data Research Network (Canada), Toronto, Canada"", ""EUPATI Fellow, Nyon, Switzerland"", ""King's College London, London, United Kingdom"", ""Patient and Public Contributor, Halifax, Canada"", ""University of Toronto, Department of Psychiatry, Toronto, Canada"", ""Institute of Health Policy, Management and Evaluation, Toronto, Canada"", ""The Hospital for Sick Children, Toronto, Canada""]","Background: In recent years, projects to develop reporting guidelines have attempted to integrate the perspectives of patients and public members. Best practices for patient and public involvement (PPI) in such projects have not yet been established. We recently developed an extension of PRISMA (Preferred Reporting Items for Systematic Reviews and Meta-Analyses), to be used for systematic reviews of outcome measurement instruments (OMIs): PRISMA-COSMIN (COnsensus-based Standards for the selection of health Measurement INstruments) for OMIs 2024. Patients and public members formed a small but impactful stakeholder group. We critically evaluated the PPI component in this project and developed recommendations for conducting PPI when developing reporting guidelines. Main text: A patient partner was an integral research team member at the project development and grant application stage. Once the project started, five patient and public contributors (PPCs) were recruited to participate in the Delphi study; three PPCs contributed to subsequent steps. We collected quantitative feedback through surveys; qualitative feedback was garnered through a focus group discussion after the Delphi study and through debrief meetings after subsequent project activities. Feedback was thematically combined with reflections from the research team, and was predominantly positive. The following themes emerged: importance of PPI partnership, number of PPCs involved, onboarding, design of Delphi surveys, flexibility in the process, complexity of PPI in methodological research, and power imbalances. Impacts of PPI on the content and presentation of the reporting guideline were evident, and reciprocal learning between PPCs and the research team occurred throughout the project. Lessons learned were translated into 17 recommendations for future projects. Conclusion: Integrating PPI in the development of PRISMA-COSMIN for OMIs 2024 was feasible and considered valuable by PPCs and the research team. Our approach can be applied by others wishing to integrate PPI in developing reporting guidelines. © 2024 Elsevier B.V., All rights reserved.",Export Date: 19 September 2025; Cited By: 12,10.1186/s40900-024-00563-5,Cosmin;Outcome Measurement Instrument;Patient And Public Involvement (ppi);Patient Engagement;Prisma;Reporting Guideline;Systematic Reviews,NA,
rayyan-370829507,Guidance on the implementation and reporting of a drug safety Bayesian network meta-analysis.,2014,1,1,Pharmaceutical statistics,1539-1612 (Electronic),13,1,55-70,Ohlssen D and Price KL and Xia HA and Hong H and Kerman J and Fu H and Quartey G and Heilmann CR and Ma H and Carlin BP,https://pubmed.ncbi.nlm.nih.gov/24038897/,eng,,England,"The Drug Information Association Bayesian Scientific Working Group (BSWG) was formed in 2011 with a vision to ensure that Bayesian methods are well understood and broadly utilized for design and analysis and throughout the medical product development process, and to improve industrial, regulatory, and economic decision making. The group, composed of individuals from academia, industry, and regulatory, has as its mission to facilitate the appropriate use and contribute to the progress of Bayesian methodology. In this paper, the safety sub-team of the BSWG explores the use of Bayesian methods when applied to drug safety meta-analysis and network meta-analysis. Guidance is presented on the conduct and reporting of such analyses. We also discuss different structural model assumptions and provide discussion on prior specification. The work is illustrated through a case study involving a network meta-analysis related to the cardiovascular safety of non-steroidal anti-inflammatory drugs.","",10.1002/pst.1592,"Anti-Inflammatory Agents, Non-Steroidal/*adverse effects;*Bayes Theorem;Cardiovascular Diseases/chemically induced;Drug Discovery;Humans;*Meta-Analysis as Topic",24038897,
rayyan-370829544,A Comprehensive Guide to Conducting Systematic Reviews,2024,NA,1,,9798369364840 (ISBN); 9798369364826 (ISBN),,,115-135,"Cong-Lem, N.",https://www.scopus.com/inward/record.uri?eid=2-s2.0-85196609457&doi=10.4018%2F979-8-3693-6482-6.ch006&partnerID=40&md5=a94926bb2d508a16237d22a276cff407,English,IGI Global,"Monash University, Melbourne, Australia","This chapter serves as a comprehensive guide for conducting systematic reviews (SRs) in applied linguistics. SRs play a crucial role in this field, allowing researchers to analyze and synthesize existing research, facilitating evidence-based decisions and advancements. The chapter provides detailed guidance on conducting an SR, including formulating clear research questions, developing effective search strategies, screening and selecting studies based on predefined criteria, extracting and synthesizing data, appraising the quality of included studies, and reporting findings clearly. A checklist tailored for appraising studies within applied linguistics ensures comprehensive evaluation of quality and relevance. Additionally, the chapter explores using generative artificial intelligence (GenAI) tools to streamline and enhance the SR process, discussing applications, opportunities, and challenges. In summary, this chapter serves as a comprehensive roadmap, equipping researchers with the knowledge and tools to conduct rigorous and innovative SRs in applied linguistics. © 2024 Elsevier B.V., All rights reserved.",Export Date: 19 September 2025; Cited By: 1,10.4018/979-8-3693-6482-6.ch006,"",NA,
rayyan-370829678,Interpretation of reporting guideline for overviews of reviews of healthcare interventions: the PRIOR statement,2023,NA,1,Chinese Journal of Evidence-Based Medicine,16722531 (ISSN),23,8,978-987,"An, R. and Xu, Y. and Shi, H. and Deng, H. and Wang, L. and Sun, J. and Wang, X. and Wang, Y. and Zhu, L. and Lu, Q.",https://www.scopus.com/inward/record.uri?eid=2-s2.0-85173684039&doi=10.7507%2F1672-2531.202303051&partnerID=40&md5=4d7b1f04f7af548c4872554d2ee6acba,Chinese,West China University of Medical Science,"[""Peking Union Medical College Hospital, Department of Nursing, Beijing, China"", ""Peking Union Medical College Hospital, Department of Health Care, Beijing, China"", ""Peking Union Medical College School of Nursing, Beijing, China"", ""Peking Union Medical College Hospital, Department of Cardiac Surgery, Beijing, China"", ""Peking Union Medical College Hospital, Department of Vascular Surgery, Beijing, China"", ""Peking Union Medical College Hospital, Department of Critical Care, Beijing, China"", ""Peking Union Medical College Hospital, Department of Breast Surgery, Beijing, China"", ""Peking Union Medical College Hospital, Beijing, China""]","To improve the comprehensive and accurate of overviews of reviews, BMJ published the guideline for overviews of reviews of healthcare interventions: the PRIOR statement. This paper explained the background and core contents of PRIOR statement and interpreted each item with examples to provide references for domestic scholars to write overviews of reviews. © 2023 Elsevier B.V., All rights reserved.",Export Date: 19 September 2025; Cited By: 1,10.7507/1672-2531.202303051,Interpretation;Overview Of Reviews;Prior;Reporting Guideline;Article;Practice Guideline;article;practice guideline,NA,
rayyan-370829717,Research on the framework and functional items construction of a scientific research assistant tool for conducting systematic review for patient-reported outcome measures based on the COSMIN method,2023,NA,1,Chinese Journal of Evidence-Based Medicine,16722531 (ISSN),23,11,1313-1317,"Chai, X. and Han, S. and Zhang, Y. and Yang, X. and Li, K. and Wu, Y. and Guo, J. and Wu, Y. and Shan, S.",https://www.scopus.com/inward/record.uri?eid=2-s2.0-85179010245&doi=10.7507%2F1672-2531.202304067&partnerID=40&md5=b1142ceaa3ee313aeb2fe4888fac25ed,Chinese,West China University of Medical Science,"[""Peking University Health Science Center, Beijing, China"", ""Wuhan University, School of Public Health, Wuhan, China"", ""Peking University First Hospital, Accident and Emergency Department, Beijing, China""]","【Abstract】 Objective To construct a framework and functional items of a scientific research assistant tool for conducting systematic review for patient-reported outcome measures. Methods Based on the research foundation and work experience of the system evaluation of two patient-reported outcome measures systematic reviews carried out by the research group in the early stage, the framework and function system of scientific research aid tool was initially constructed, and two rounds of correspondence were carried out by Dephi expert consultation method. Results The effective recovery rates of the two rounds of expert consultation questionnaires were 90% and 100%, the expert authority coefficient was 0.839, and the compatibility coefficients of suitability and importance were 0.105 and 0.177, respectively. The final the patient-reported outcome measures tool system evaluation scientific research aid tool system consists of 7 frames and 31 items. Conclusion This study has developed a scientific and comprehensive set of functional criteria for research-assistant tools that systematically review patient-reported outcome measures based on the COSMIN methodology and it lays the foundation for subsequent tool research and development. © 2023 Elsevier B.V., All rights reserved.",Export Date: 19 September 2025; Cited By: 1,10.7507/1672-2531.202304067,Cosmin;Establishment Of A System;Prom;Systematic Review;Article;China;Consultation;Controlled Study;Human;Patient-reported Outcome;Questionnaire;Systematic Review;Work Experience;article;China;consultation;controlled study;human;patient-reported outcome;questionnaire;systematic review;work experience,NA,
rayyan-370829743,Preferred Reporting Items for Overviews of Reviews (PRIOR): a protocol for development of a reporting guideline for overviews of reviews of healthcare interventions.,2019,12,23,Systematic reviews,2046-4053 (Electronic),8,1,335,Pollock M and Fernandes RM and Pieper D and Tricco AC and Gates M and Gates A and Hartling L,https://pubmed.ncbi.nlm.nih.gov/31870434/,eng,,England,"BACKGROUND: Overviews of reviews (i.e., overviews) compile information from multiple systematic reviews to provide a single synthesis of relevant evidence for healthcare decision-making. Despite their increasing popularity, there are currently no systematically developed reporting guidelines for overviews. This is problematic because the reporting of published overviews varies considerably and is often substandard. Our objective is to use explicit, systematic, and transparent methods to develop an evidence-based and agreement-based reporting guideline for overviews of reviews of healthcare interventions (PRIOR, Preferred Reporting Items for Overviews of Reviews). METHODS: We will develop the PRIOR reporting guideline in four stages, using established methods for developing reporting guidelines in health research. First, we will establish an international and multidisciplinary expert advisory board that will oversee the conduct of the project and provide methodological support. Second, we will use the results of comprehensive literature reviews to develop a list of prospective checklist items for the reporting guideline. Third, we will use a modified Delphi exercise to achieve a high level of expert agreement on the list of items to be included in the PRIOR reporting guideline. We will identify and recruit a group of up to 100 international experts who will provide input into the guideline in three Delphi rounds: the first two rounds will occur via online survey, and the third round will occur during a smaller (8 to 10 participants) in-person meeting that will use a nominal group technique. Fourth, we will produce and publish the PRIOR reporting guideline. DISCUSSION: A systematically developed reporting guideline for overviews could help to improve the accuracy, completeness, and transparency of overviews. This, in turn, could help maximize the value and impact of overviews by allowing more efficient interpretation and use of their research findings.","",10.1186/s13643-019-1252-9,*Biomedical Research;Checklist/*standards;Guidelines as Topic/*standards;Humans;*Review Literature as Topic,31870434,PMC6929355
rayyan-370829750,Reporting guideline for overviews of reviews of healthcare interventions: development of the PRIOR statement.,2022,8,9,BMJ (Clinical research ed.),1756-1833 (Electronic),378,,e070849,Gates M and Gates A and Pieper D and Fernandes RM and Tricco AC and Moher D and Brennan SE and Li T and Pollock M and Lunny C and Sepúlveda D and McKenzie JE and Scott SD and Robinson KA and Matthias K and Bougioukas KI and Fusar-Poli P and Whiting P and Moss SJ and Hartling L,https://pubmed.ncbi.nlm.nih.gov/35944924/,eng,,England,"OBJECTIVE: To develop a reporting guideline for overviews of reviews of healthcare interventions. DESIGN: Development of the preferred reporting items for overviews of reviews (PRIOR) statement. PARTICIPANTS: Core team (seven individuals) led day-to-day operations, and an expert advisory group (three individuals) provided methodological advice. A panel of 100 experts (authors, editors, readers including members of the public or patients) was invited to participate in a modified Delphi exercise. 11 expert panellists (chosen on the basis of expertise, and representing relevant stakeholder groups) were invited to take part in a virtual face-to-face meeting to reach agreement (≥70%) on final checklist items. 21 authors of recently published overviews were invited to pilot test the checklist. SETTING: International consensus. INTERVENTION: Four stage process established by the EQUATOR Network for developing reporting guidelines in health research: project launch (establish a core team and expert advisory group, register intent), evidence reviews (systematic review of published overviews to describe reporting quality, scoping review of methodological guidance and author reported challenges related to undertaking overviews of reviews), modified Delphi exercise (two online Delphi surveys to reach agreement (≥70%) on relevant reporting items followed by a virtual face-to-face meeting), and development of the reporting guideline. RESULTS: From the evidence reviews, we drafted an initial list of 47 potentially relevant reporting items. An international group of 52 experts participated in the first Delphi survey (52% participation rate); agreement was reached for inclusion of 43 (91%) items. 44 experts (85% retention rate) completed the second Delphi survey, which included the four items lacking agreement from the first survey and five new items based on respondent comments. During the second round, agreement was not reached for the inclusion or exclusion of the nine remaining items. 19 individuals (6 core team and 3 expert advisory group members, and 10 expert panellists) attended the virtual face-to-face meeting. Among the nine items discussed, high agreement was reached for the inclusion of three and exclusion of six. Six authors participated in pilot testing, resulting in minor wording changes. The final checklist includes 27 main items (with 19 sub-items) across all stages of an overview of reviews. CONCLUSIONS: PRIOR fills an important gap in reporting guidance for overviews of reviews of healthcare interventions. The checklist, along with rationale and example for each item, provides guidance for authors that will facilitate complete and transparent reporting. This will allow readers to assess the methods used in overviews of reviews of healthcare interventions and understand the trustworthiness and applicability of their findings.","",10.1136/bmj-2022-070849,*Checklist;Consensus;Delivery of Health Care;Delphi Technique;*Health Facilities;Humans;Research Design;Surveys and Questionnaires,35944924,PMC9361065
rayyan-370829751,Reporting guidelines on how to write a complete and transparent abstract for overviews of systematic reviews of health care interventions.,2019,2,1,Journal of clinical epidemiology,1878-5921 (Electronic),106,,70-79,Bougioukas KI and Bouras E and Apostolidou-Kiouti F and Kokkali S and Arvanitidou M and Haidich AB,https://pubmed.ncbi.nlm.nih.gov/30336211/,eng,,United States,"OBJECTIVE: An overview of systematic reviews (OoSRs) is a study designed to offer a broad view of evidence from existing systematic reviews (SRs). The abstract is an important part of an OoSRs as it can determine whether reading the full text is of interest. The aim of this article is to offer guidelines to promote transparent and sufficient reporting in abstracts of OoSRs of health care interventions. STUDY DESIGN AND SETTING: The items were developed by combining key features from abstracts of OoSRs, PRISMA for abstracts, and our published reporting guidelines for OoSRs. The initial version was distributed to experts to give feedback; pilot testing by a group of researchers followed. The refined checklist was applied by two reviewers independently in a sample of 40 abstracts. RESULTS: The developed instrument ""Preferred Reporting Items for OoSRs abstracts"" (PRIO for abstracts) consists of six sections with 15 topics including 20 items in total. The mean inter-rater reliability was 0.87 (95% confidence interval: 0.82, 0.92). An explanation and at least one published example of good reporting per item are provided. CONCLUSION: This instrument will assist authors in writing transparent and informative abstracts for OoSRs and can be adopted by journals that publish OoSRs.","",10.1016/j.jclinepi.2018.10.005,Abstracting and Indexing/*standards;Checklist;Evidence-Based Practice/standards;Health Services Research/standards;Humans;Pilot Projects;Research Report/standards;*Systematic Reviews as Topic;Writing/*standards,30336211,
rayyan-370829788,Reporting guideline for systematic reviews of animal experiments in the field of traditional Chinese medicine,2022,NA,1,Chinese Journal of Evidence-Based Medicine,16722531 (ISSN),22,5,508-516,"Zhao, B. and Hu, K. and Zeng, X. and Kwong, J.S.W. and Li, B. and Chen, H. and Tian, G. and Xiong, J. and Li, Z. and Niu, J.",https://www.scopus.com/inward/record.uri?eid=2-s2.0-85130645076&doi=10.16420%2Fj.issn.0513-353x.2020-0859&partnerID=40&md5=505d0b71331a30b277fcf70176abae7b,Chinese,West China University of Medical Science,"[""Lanzhou University, School of Basic Medical Sciences, Lanzhou, China"", ""Zhongnan Hospital of Wuhan University, Wuhan, China"", ""St. Luke’s International University, Global Health Nursing, Tokyo, Japan"", ""Capital Medical University, Beijing, China"", ""Nanjing University of Chinese Medicine, Nanjing, China"", ""General Hospital of People's Liberation Army, Editorial Department of Chinese Journal of Evidence-Based Cardiovascular Medicine, Beijing, China"", ""Jiangxi University of Chinese Medicine, Nanchang, China"", ""Northwest Minzu University, Lanzhou, China"", ""Lanzhou University, Department of Traditional Chinese Medicine, Lanzhou, China"", ""West China School of Medicine/West China Hospital of Sichuan University, Chengdu, China"", ""Tianjin University of Traditional Chinese Medicine, Tianjin, China"", ""Lanzhou University, Lanzhou, China""]","Based on the PRISMA 2009 checklist, the study analyzed current status and reporting quality of systematic reviews of animal experiments, and consulted experts in relevant fields to form an initial entry pool of reporting checklists for systematic reviews of animal experiments in traditional Chinese medicine (PRISMA-ATCM). Then, the initial entry pool was improved through 2 rounds of Delphi expert consultation. Finally, the items were revised through the consensus meeting, and the final PRISMA-ATCM was formed. Of the 27 items on the PRISMA checklist, 12 were revised and expanded, specifically relating to TCM interventions and animal characteristics. The publication of the PRISMA-ATCM will improve the transparency and standardization of systematic reviews of animal experiments in Chinese medicine. © 2022 Elsevier B.V., All rights reserved.",Export Date: 19 September 2025; Cited By: 2,10.16420/j.issn.0513-353x.2020-0859,Animal Experiments;Reporting Guideline;Systematic Review;Traditional Chinese Medicine;Article;Chinese Medicine;Consultation;Practice Guideline;Preferred Reporting Items For Systematic Reviews And Meta-analyses;Standardization;Systematic Review;article;Chinese medicine;consultation;practice guideline;Preferred Reporting Items for Systematic Reviews and Meta-Analyses;standardization;systematic review,NA,
rayyan-370829831,Preferred reporting items for overviews of systematic reviews including harms checklist: a pilot tool to be used for balanced reporting of benefits and harms.,2018,1,1,Journal of clinical epidemiology,1878-5921 (Electronic),93,,Sep-24,Bougioukas KI and Liakos A and Tsapas A and Ntzani E and Haidich AB,https://pubmed.ncbi.nlm.nih.gov/29037888/,eng,,United States,"OBJECTIVES: An overview of systematic reviews (OoSRs) is a study designed to synthesize multiple evidence from existing systematic reviews on a specific domain. The aim of this paper was to offer a pilot version checklist with Preferred Reporting Items for OoSRs (PRIO-harms) to promote a more balanced reporting of benefits and harms in OoSRs of health care interventions. STUDY DESIGN AND SETTING: The included items were developed by combining key features from health care OoSRs designs with recommendations from statements of other relevant checklists and pertinent methodological review articles. Two raters independently used the PRIO-harms checklist to assess a sample of 20 OoSRs. RESULTS: The PRIO-harms tool consists of a 27-item (56 (sub-)items in total) checklist and is accompanied by a five-stage process flow diagram (identification, screening, eligibility, inclusion, and separation of relevant studies). The mean interrater reliability (Gwet's AC1 statistic) between reviewers was 0.90 (95% confidence interval: 0.88, 0.92) indicating a very good agreement. CONCLUSION: The PRIO-harms tool can be used in every OoSRs that addresses health care interventions. This instrument will assist overview authors to improve completeness and transparency of research reporting with emphasis on harms. However, it might benefit from critical review and further validation from experts and research teams that produce OoSRs.","",10.1016/j.jclinepi.2017.10.002,Checklist/*standards;Evidence-Based Medicine;Humans;Pilot Projects;Practice Guidelines as Topic;Research Personnel;Research Report/*standards;*Systematic Reviews as Topic,29037888,
rayyan-370829835,Reporting guidance considerations from a statistical perspective: overview of tools to enhance the rigour of reporting of randomised trials and systematic reviews.,2017,5,1,Evidence-based mental health,1468-960X (Electronic),20,2,46-52,Hutton B and Wolfe D and Moher D and Shamseer L,https://pubmed.ncbi.nlm.nih.gov/28363989/,eng,,England,"OBJECTIVE: Research waste has received considerable attention from the biomedical community. One noteworthy contributor is incomplete reporting in research publications. When detailing statistical methods and results, ensuring analytic methods and findings are completely documented improves transparency. For publications describing randomised trials and systematic reviews, guidelines have been developed to facilitate complete reporting. This overview summarises aspects of statistical reporting in trials and systematic reviews of health interventions. METHODS: A narrative approach to summarise features regarding statistical methods and findings from reporting guidelines for trials and reviews was taken. We aim to enhance familiarity of statistical details that should be reported in biomedical research among statisticians and their collaborators. RESULTS: We summarise statistical reporting considerations for trials and systematic reviews from guidance documents including the Consolidated Standards of Reporting Trials (CONSORT) Statement for reporting of trials, the Standard Protocol Items: Recommendations for Interventional Trials (SPIRIT) Statement for trial protocols, the Statistical Analyses and Methods in the Published Literature (SAMPL) Guidelines for statistical reporting principles, the Preferred Reporting Items for Systematic Reviews and Meta-Analyses (PRISMA) Statement for systematic reviews and PRISMA for Protocols (PRISMA-P). Considerations regarding sharing of study data and statistical code are also addressed. CONCLUSIONS: Reporting guidelines provide researchers with minimum criteria for reporting. If followed, they can enhance research transparency and contribute improve quality of biomedical publications. Authors should employ these tools for planning and reporting of their research.","",10.1136/eb-2017-102666,*Biomedical Research;*Guidelines as Topic;Humans;*Randomized Controlled Trials as Topic;*Review Literature as Topic,28363989,PMC10688516
rayyan-370829856,The PRISMA 2020 statement in Portuguese: updated recommendations for reporting systematic reviews,2022,NA,1,Epidemiologia e servicos de saude : revista do Sistema Unico de Saude do Brasil,16794974 (ISSN); 22379622 (ISSN),31,2,,"Galvão, T.F. and Tiguman, G.M.B. and Onofre, R.",https://www.scopus.com/inward/record.uri?eid=2-s2.0-85135136903&doi=10.1590%2FSS2237-9622202200011&partnerID=40&md5=fe884671ea86e2a4ea8f86b852974e66,English,Ministry of Health,"[""Universidade Estadual de Campinas, Faculty of Pharmaceutical Sciences, Campinas, Brazil"", ""Escola de Saúde, Faculdade Meridional, Passo Fundo, Brazil""]",,Export Date: 19 September 2025; Cited By: 5,10.1590/SS2237-9622202200011,Brazil;Ethnicity;Human;Portugal;Publishing;Ethnicity;Humans;Publishing;Brazil;ethnicity;human;Portugal;publishing;Ethnicity;Humans;Publishing,NA,
rayyan-370829876,Interpretation of preferred reporting items for journal and conference abstracts of systematic reviews and meta-analyses of diagnostic test accuracy studies (PRISMA-DTA for abstracts),2021,NA,1,Chinese Journal of Evidence-Based Medicine,16722531 (ISSN),21,10,1235-1240,"Wang, W. and Yang, Z. and Tian, J. and Feng, L. and Guo, M. and Wang, G. and Sun, F. and Zhan, S.",https://www.scopus.com/inward/record.uri?eid=2-s2.0-85118127783&doi=10.7507%2F1672-2531.202106041&partnerID=40&md5=9db0cf73bbc630f05b43ca2b79aa3078,Chinese,West China University of Medical Science,"[""Beijing Anding Hospital, Capital Medical University, National Clinical Research Center for Mental Disorders, Beijing, China"", ""School of Clinical Medicine, Primary Care Unit, Cambridge, United Kingdom"", ""Lanzhou University, Lanzhou, China"", ""Capital Medical University, Advanced Innovation Center for Human Brain Protection, Beijing, China"", ""Ministry of Science and Technology of the People's Republic of China, Beijing, China"", ""Peking University Health Science Center, Department of Biostatistics and Epidemiology, Beijing, China"", ""Peking University, Center of Evidence-based Medicine and Clinical Research, Beijing, China"", ""Peking University Third Hospital, Research Center of Clinical Epidemiology, Beijing, China""]","This paper introduced the preferred reporting items for journal and conference abstracts of systematic reviews and meta-analyses of diagnostic test accuracy studies (PRISMA-DTA for abstracts), which was published in BMJ in March 2021. This paper presented the 12 items of checklist, explanations, and examples of complete reporting, to help domestic researchers to report complete and informative abstracts of systematic reviews and meta-analyses of diagnostic test accuracy studies. © 2021 Elsevier B.V., All rights reserved.",Export Date: 19 September 2025; Cited By: 0,10.7507/1672-2531.202106041,Diagnostic Test Accuracy;Interpretation;Prisma-dta For Abstracts;Systematic Review;Article;Checklist;Diagnostic Accuracy;Diagnostic Test Accuracy Study;Human;Systematic Review;article;checklist;diagnostic accuracy;diagnostic test accuracy study;human;systematic review,NA,
rayyan-370829879,Towards a Reporting Guideline for Studies on Information Extraction from Clinical Texts.,2024,8,22,Studies in health technology and informatics,1879-8365 (Electronic),316,,1669-1673,Reichenpfader D and Denecke K,https://pubmed.ncbi.nlm.nih.gov/39176531/,eng,,Netherlands,"BACKGROUND: The rapid technical progress in the domain of clinical Natural Language Processing and information extraction (IE) has resulted in challenges concerning the comparability and replicability of studies. AIM: This paper proposes a reporting guideline to standardize the description of methodologies and outcomes for studies involving IE from clinical texts. METHODS: The guideline is developed based on the experiences gained from data extraction for a previously conducted scoping review on IE from free-text radiology reports including 34 studies. RESULTS: The guideline comprises the five top-level categories information model, architecture, data, annotation, and outcomes. In total, we define 28 aspects to be reported on in IE studies related to these categories. CONCLUSIONS: The proposed guideline is expected to set a standard for reporting in studies describing IE from clinical text and promote uniformity across the research field. Expected future technological advancements may make regular updates of the guideline necessary. In future research, we plan to develop a taxonomy that clearly defines corresponding value sets as well as integrating both this guideline and the taxonomy by following a consensus-based methodology.","",10.3233/SHTI240744,*Natural Language Processing;Humans;Guidelines as Topic;Information Storage and Retrieval/standards,39176531,
rayyan-370829880,"Guidance on terminology, application, and reporting of citation searching: the TARCiS statement.",2024,5,9,BMJ (Clinical research ed.),1756-1833 (Electronic),385,,e078384,Hirt J and Nordhausen T and Fuerst T and Ewald H and Appenzeller-Herzog C,https://pubmed.ncbi.nlm.nih.gov/38724089/,eng,,England,,"",10.1136/bmj-2023-078384,"*Terminology as Topic;Humans;Information Storage and Retrieval/standards;Databases, Bibliographic",38724089,
